2026-02-21 13:12:34,025 [INFO] [MainThread] [root/log.py:95]: YASB v1.8.9
2026-02-21 13:12:34,026 [INFO] [CLIPipeServer] [cli_server/cli_server.py:215]: CLI server started v1.1.5
2026-02-21 13:12:34,026 [INFO] [MainThread] [cli_server/cli_server.py:106]: Log pipe server started
2026-02-21 13:12:34,290 [DEBUG] [MainThread] [qasync._windows._EventPoller/_windows.py:215]: Starting (proactor: <_IocpProactor overlapped#=0 result#=0>)...
2026-02-21 13:12:34,291 [DEBUG] [Dummy-3] [qasync._windows._EventWorker/_windows.py:195]: Thread started
2026-02-21 13:12:34,295 [INFO] [MainThread] [root/config.py:59]: Created default config file at C:\Users\kuuro\.config\yasb\config.yaml
2026-02-21 13:12:34,329 [INFO] [MainThread] [root/config.py:73]: Created default stylesheet at C:\Users\kuuro\.config\yasb\styles.css
2026-02-21 13:12:36,190 [ERROR] [MainThread] [root/weather.py:41]: API key or location is missing. Please provide a valid API key and location.
2026-02-21 13:12:36,208 [INFO] [MainThread] [root/service.py:41]: AudioInputService starting...
2026-02-21 13:12:36,259 [INFO] [MainThread] [root/service.py:52]: AudioOutputService starting...
2026-02-21 13:12:36,802 [INFO] [MainThread] [root/bar_manager.py:88]: Starting SystemEventListener...
2026-02-21 13:12:36,802 [INFO] [MainThread] [root/bar_manager.py:88]: Starting WindowsNotificationEventListener...
2026-02-21 13:12:36,803 [INFO] [MainThread] [root/bar_manager.py:88]: Starting KomorebiEventListener...
2026-02-21 13:12:36,808 [INFO] [MainThread] [root/watcher.py:65]: Watching directory: c:\users\kuuro\.config\yasb
2026-02-21 13:12:36,808 [INFO] [MainThread] [root/watcher.py:104]: Created file watcher
2026-02-21 13:12:36,808 [INFO] [Dummy-8] [root/event_listener.py:51]: Created named pipe yasb-487fd398-0f59-11f1-94f2-505a65e3ecfc
2026-02-21 13:12:37,303 [INFO] [MainThread] [root/update_service.py:429]: Background update checker started
2026-02-21 13:13:40,180 [INFO] [CLIPipeServer] [cli_server/cli_server.py:256]: CLI server received command: stop
2026-02-21 13:13:40,180 [INFO] [CLIPipeServer] [root/controller.py:37]: Exiting Application from CLI...
2026-02-21 13:13:40,283 [INFO] [CLIPipeServer] [cli_server/cli_server.py:114]: Log pipe server stopped
2026-02-21 13:13:40,284 [DEBUG] [CLIPipeServer] [cli_server/cli_server.py:209]: CLI server stopped
2026-02-21 13:13:40,502 [INFO] [MainThread] [root/bar_manager.py:104]: Stopping SystemEventListener...
2026-02-21 13:13:40,502 [INFO] [MainThread] [root/bar_manager.py:104]: Stopping WindowsNotificationEventListener...
2026-02-21 13:13:40,503 [INFO] [MainThread] [root/bar_manager.py:104]: Stopping KomorebiEventListener...
2026-02-21 13:13:42,537 [INFO] [MainThread] [root/log.py:95]: YASB v1.8.9
2026-02-21 13:13:42,537 [INFO] [CLIPipeServer] [cli_server/cli_server.py:215]: CLI server started v1.1.5
2026-02-21 13:13:42,538 [INFO] [MainThread] [cli_server/cli_server.py:106]: Log pipe server started
2026-02-21 13:13:42,567 [DEBUG] [MainThread] [qasync._windows._EventPoller/_windows.py:215]: Starting (proactor: <_IocpProactor overlapped#=0 result#=0>)...
2026-02-21 13:13:42,567 [DEBUG] [Dummy-3] [qasync._windows._EventWorker/_windows.py:195]: Thread started
2026-02-21 13:13:42,678 [DEBUG] [MainThread] [pyvda.build/build.py:53]: Starting feature detection...
2026-02-21 13:13:42,678 [DEBUG] [MainThread] [pyvda.build/build.py:57]: Feature detection complete. Windows version is over 26100
2026-02-21 13:13:43,498 [INFO] [MainThread] [root/service.py:52]: AudioOutputService starting...
2026-02-21 13:13:43,547 [INFO] [MainThread] [root/service.py:41]: AudioInputService starting...
2026-02-21 13:13:45,439 [INFO] [MainThread] [core.utils.widgets.taskbar.window_manager/window_manager.py:191]: TaskbarWindowManager is starting...
2026-02-21 13:13:45,445 [INFO] [MainThread] [root/watcher.py:65]: Watching directory: c:\users\kuuro\.config\yasb
2026-02-21 13:13:45,445 [INFO] [MainThread] [root/watcher.py:104]: Created file watcher
2026-02-21 13:13:45,492 [INFO] [MainThread] [root/update_service.py:429]: Background update checker started
2026-02-21 13:14:08,691 [INFO] [CLIPipeServer] [cli_server/cli_server.py:256]: CLI server received command: stop
2026-02-21 13:14:08,691 [INFO] [CLIPipeServer] [root/controller.py:37]: Exiting Application from CLI...
2026-02-21 13:14:08,802 [INFO] [CLIPipeServer] [cli_server/cli_server.py:114]: Log pipe server stopped
2026-02-21 13:14:08,802 [DEBUG] [CLIPipeServer] [cli_server/cli_server.py:209]: CLI server stopped
2026-02-21 13:14:08,917 [INFO] [MainThread] [core.utils.widgets.taskbar.window_manager/window_manager.py:218]: TaskbarWindowManager stopped
2026-02-21 13:14:11,236 [INFO] [MainThread] [root/log.py:95]: YASB v1.8.9
2026-02-21 13:14:11,237 [INFO] [CLIPipeServer] [cli_server/cli_server.py:215]: CLI server started v1.1.5
2026-02-21 13:14:11,237 [INFO] [MainThread] [cli_server/cli_server.py:106]: Log pipe server started
2026-02-21 13:14:11,266 [DEBUG] [MainThread] [qasync._windows._EventPoller/_windows.py:215]: Starting (proactor: <_IocpProactor overlapped#=0 result#=0>)...
2026-02-21 13:14:11,266 [DEBUG] [Dummy-3] [qasync._windows._EventWorker/_windows.py:195]: Thread started
2026-02-21 13:14:13,930 [INFO] [MainThread] [root/service.py:52]: AudioOutputService starting...
2026-02-21 13:14:14,065 [ERROR] [MainThread] [root/weather.py:41]: API key or location is missing. Please provide a valid API key and location.
2026-02-21 13:14:14,934 [INFO] [MainThread] [root/bar_manager.py:88]: Starting WindowsNotificationEventListener...
2026-02-21 13:14:14,935 [INFO] [MainThread] [root/bar_manager.py:88]: Starting SystemEventListener...
2026-02-21 13:14:14,937 [INFO] [MainThread] [root/watcher.py:65]: Watching directory: c:\users\kuuro\.config\yasb
2026-02-21 13:14:14,937 [INFO] [MainThread] [root/watcher.py:104]: Created file watcher
2026-02-21 13:14:15,011 [DEBUG] [MainThread] [systray_widget/systray.py:492]: Loading state from C:\Users\kuuro\AppData\Local\YASB\systray_state_KOCHH24T09P.json
2026-02-21 13:14:15,011 [DEBUG] [MainThread] [systray_widget/systray.py:502]: State file not found.
2026-02-21 13:14:15,013 [DEBUG] [SystrayMonitor] [systray_widget/systray.py:57]: Systray thread is starting...
2026-02-21 13:14:15,547 [DEBUG] [SystrayMonitor] [systray_widget/systray_monitor.py:246]: Finding real tray hwnd
2026-02-21 13:14:15,787 [DEBUG] [MainThread] [systray_widget/systray.py:243]: Systray thread started
2026-02-21 13:14:15,989 [DEBUG] [SystrayMonitor] [systray_widget/systray_monitor.py:168]: Adding TaskbandHWND prop to hwnd 592660
2026-02-21 13:14:16,000 [DEBUG] [MainThread] [systray_widget/systray_monitor.py:160]: Sending TaskbarCreated message: 49348
2026-02-21 13:14:20,166 [INFO] [CLIPipeServer] [cli_server/cli_server.py:256]: CLI server received command: stop
2026-02-21 13:14:20,166 [INFO] [CLIPipeServer] [root/controller.py:37]: Exiting Application from CLI...
2026-02-21 13:14:20,268 [INFO] [CLIPipeServer] [cli_server/cli_server.py:114]: Log pipe server stopped
2026-02-21 13:14:20,268 [DEBUG] [CLIPipeServer] [cli_server/cli_server.py:209]: CLI server stopped
2026-02-21 13:14:20,448 [INFO] [MainThread] [root/bar_manager.py:104]: Stopping WindowsNotificationEventListener...
2026-02-21 13:14:20,448 [INFO] [MainThread] [root/bar_manager.py:104]: Stopping SystemEventListener...
2026-02-21 13:14:20,451 [DEBUG] [MainThread] [systray_widget/systray.py:470]: Saving state to disk
2026-02-21 13:14:20,452 [DEBUG] [MainThread] [systray_widget/systray.py:474]: Saving state to C:\Users\kuuro\AppData\Local\YASB\systray_state_KOCHH24T09P.json
2026-02-21 13:14:20,452 [DEBUG] [MainThread] [systray_widget/systray.py:482]: State file not found.
2026-02-21 13:14:20,453 [DEBUG] [MainThread] [systray_widget/utils.py:97]: Destroying window 592660
2026-02-21 13:14:20,454 [DEBUG] [MainThread] [systray_widget/utils.py:97]: Destroying window 592660
2026-02-21 13:14:22,384 [INFO] [MainThread] [root/log.py:95]: YASB v1.8.9
2026-02-21 13:14:22,385 [INFO] [CLIPipeServer] [cli_server/cli_server.py:215]: CLI server started v1.1.5
2026-02-21 13:14:22,385 [INFO] [MainThread] [cli_server/cli_server.py:106]: Log pipe server started
2026-02-21 13:14:22,414 [DEBUG] [MainThread] [qasync._windows._EventPoller/_windows.py:215]: Starting (proactor: <_IocpProactor overlapped#=0 result#=0>)...
2026-02-21 13:14:22,415 [DEBUG] [Dummy-3] [qasync._windows._EventWorker/_windows.py:195]: Thread started
2026-02-21 13:14:23,121 [ERROR] [MainThread] [root/weather.py:41]: API key or location is missing. Please provide a valid API key and location.
2026-02-21 13:14:23,258 [INFO] [MainThread] [root/service.py:52]: AudioOutputService starting...
2026-02-21 13:14:23,296 [INFO] [MainThread] [root/service.py:41]: AudioInputService starting...
2026-02-21 13:14:23,893 [INFO] [MainThread] [core.utils.widgets.taskbar.window_manager/window_manager.py:191]: TaskbarWindowManager is starting...
2026-02-21 13:14:23,900 [INFO] [MainThread] [root/bar_manager.py:88]: Starting WindowsNotificationEventListener...
2026-02-21 13:14:23,901 [INFO] [MainThread] [root/bar_manager.py:88]: Starting SystemEventListener...
2026-02-21 13:14:23,901 [INFO] [MainThread] [root/watcher.py:65]: Watching directory: c:\users\kuuro\.config\yasb
2026-02-21 13:14:23,902 [INFO] [MainThread] [root/watcher.py:104]: Created file watcher
2026-02-21 13:14:23,962 [INFO] [MainThread] [root/update_service.py:429]: Background update checker started
2026-02-21 13:14:23,975 [DEBUG] [MainThread] [systray_widget/systray.py:492]: Loading state from C:\Users\kuuro\AppData\Local\YASB\systray_state_KOCHH24T09P.json
2026-02-21 13:14:23,977 [DEBUG] [SystrayMonitor] [systray_widget/systray.py:57]: Systray thread is starting...
2026-02-21 13:14:24,009 [DEBUG] [MainThread] [systray_widget/systray.py:243]: Systray thread started
2026-02-21 13:14:24,210 [DEBUG] [SystrayMonitor] [systray_widget/systray_monitor.py:168]: Adding TaskbandHWND prop to hwnd 3214324
2026-02-21 13:14:24,214 [DEBUG] [SystrayMonitor] [systray_widget/systray_monitor.py:246]: Finding real tray hwnd
2026-02-21 13:14:24,218 [DEBUG] [MainThread] [systray_widget/systray_monitor.py:160]: Sending TaskbarCreated message: 49348
2026-02-21 13:14:31,212 [INFO] [CLIPipeServer] [cli_server/cli_server.py:256]: CLI server received command: stop
2026-02-21 13:14:31,212 [INFO] [CLIPipeServer] [root/controller.py:37]: Exiting Application from CLI...
2026-02-21 13:14:31,318 [INFO] [CLIPipeServer] [cli_server/cli_server.py:114]: Log pipe server stopped
2026-02-21 13:14:31,318 [DEBUG] [CLIPipeServer] [cli_server/cli_server.py:209]: CLI server stopped
2026-02-21 13:14:31,867 [DEBUG] [Thread-9] [root/watcher.py:84]: Stylesheet modified: c:\users\kuuro\.config\yasb\styles.css
2026-02-21 13:14:32,318 [DEBUG] [Thread-9] [root/watcher.py:90]: Config file modified: c:\users\kuuro\.config\yasb\config.yaml
2026-02-21 13:14:32,782 [INFO] [MainThread] [root/controller.py:15]: Reloading Application because of config change.
2026-02-21 13:14:32,887 [INFO] [MainThread] [cli_server/cli_server.py:114]: Log pipe server stopped
2026-02-21 13:14:32,887 [DEBUG] [MainThread] [cli_server/cli_server.py:209]: CLI server stopped
2026-02-21 13:14:32,895 [INFO] [MainThread] [root/bar_manager.py:79]: Successfully loaded updated config and re-initialised all bars.
2026-02-21 13:14:33,172 [INFO] [MainThread] [root/bar_manager.py:104]: Stopping WindowsNotificationEventListener...
2026-02-21 13:14:33,175 [INFO] [MainThread] [root/bar_manager.py:104]: Stopping SystemEventListener...
2026-02-21 13:14:33,175 [INFO] [MainThread] [core.utils.widgets.taskbar.window_manager/window_manager.py:218]: TaskbarWindowManager stopped
2026-02-21 13:14:33,176 [DEBUG] [MainThread] [systray_widget/systray.py:470]: Saving state to disk
2026-02-21 13:14:33,177 [DEBUG] [MainThread] [systray_widget/systray.py:474]: Saving state to C:\Users\kuuro\AppData\Local\YASB\systray_state_KOCHH24T09P.json
2026-02-21 13:14:33,179 [DEBUG] [MainThread] [systray_widget/utils.py:97]: Destroying window 3214324
2026-02-21 13:14:33,179 [DEBUG] [MainThread] [systray_widget/utils.py:97]: Destroying window 3214324
2026-02-21 13:14:33,230 [INFO] [MainThread] [root/log.py:95]: YASB v1.8.9
2026-02-21 13:14:33,231 [INFO] [CLIPipeServer] [cli_server/cli_server.py:215]: CLI server started v1.1.5
2026-02-21 13:14:33,231 [INFO] [MainThread] [cli_server/cli_server.py:106]: Log pipe server started
2026-02-21 13:14:33,232 [ERROR] [MainThread] [root/main.py:75]: Another instance of the YASB is already running.
2026-02-21 13:14:33,491 [INFO] [MainThread] [root/log.py:95]: YASB v1.8.9
2026-02-21 13:14:33,491 [INFO] [CLIPipeServer] [cli_server/cli_server.py:215]: CLI server started v1.1.5
2026-02-21 13:14:33,491 [INFO] [MainThread] [cli_server/cli_server.py:106]: Log pipe server started
2026-02-21 13:14:33,525 [DEBUG] [MainThread] [qasync._windows._EventPoller/_windows.py:215]: Starting (proactor: <_IocpProactor overlapped#=0 result#=0>)...
2026-02-21 13:14:33,526 [DEBUG] [Dummy-3] [qasync._windows._EventWorker/_windows.py:195]: Thread started
2026-02-21 13:14:34,314 [INFO] [MainThread] [root/service.py:52]: AudioOutputService starting...
2026-02-21 13:14:34,350 [INFO] [MainThread] [root/api.py:60]: GitHubDataManager started...
2026-02-21 13:14:34,698 [INFO] [MainThread] [root/bar_manager.py:88]: Starting KomorebiEventListener...
2026-02-21 13:14:34,700 [INFO] [Dummy-8] [root/event_listener.py:51]: Created named pipe yasb-8ec52eee-0f59-11f1-a581-505a65e3ecfc
2026-02-21 13:14:34,700 [INFO] [MainThread] [root/watcher.py:65]: Watching directory: c:\users\kuuro\.config\yasb
2026-02-21 13:14:34,700 [INFO] [MainThread] [root/watcher.py:104]: Created file watcher
2026-02-21 13:14:34,757 [INFO] [MainThread] [root/update_service.py:429]: Background update checker started
2026-02-21 13:14:35,060 [ERROR] [Thread-6 (_fetch)] [root/api.py:315]: GitHubDataManager no internet connection. Unable to fetch notifications.
2026-02-21 13:14:35,530 [ERROR] [MainThread] [root/api.py:82]: Weather API invalid JSON response: Expecting value: line 1 column 1 (char 0)
2026-02-21 13:14:35,530 [WARNING] [MainThread] [root/weather.py:610]: Error processing weather data: Weather data is empty.. Retrying fetch in 10 seconds.
2026-02-21 13:14:45,626 [ERROR] [MainThread] [root/api.py:82]: Weather API invalid JSON response: Expecting value: line 1 column 1 (char 0)
2026-02-21 13:14:45,626 [WARNING] [MainThread] [root/weather.py:610]: Error processing weather data: Weather data is empty.. Retrying fetch in 10 seconds.
2026-02-21 13:14:45,914 [INFO] [CLIPipeServer] [cli_server/cli_server.py:256]: CLI server received command: stop
2026-02-21 13:14:45,915 [INFO] [CLIPipeServer] [root/controller.py:37]: Exiting Application from CLI...
2026-02-21 13:14:46,024 [INFO] [CLIPipeServer] [cli_server/cli_server.py:114]: Log pipe server stopped
2026-02-21 13:14:46,024 [DEBUG] [CLIPipeServer] [cli_server/cli_server.py:209]: CLI server stopped
2026-02-21 13:14:46,114 [INFO] [MainThread] [root/bar_manager.py:104]: Stopping KomorebiEventListener...
2026-02-21 13:14:48,042 [INFO] [MainThread] [root/log.py:95]: YASB v1.8.9
2026-02-21 13:14:48,042 [INFO] [CLIPipeServer] [cli_server/cli_server.py:215]: CLI server started v1.1.5
2026-02-21 13:14:48,042 [INFO] [MainThread] [cli_server/cli_server.py:106]: Log pipe server started
2026-02-21 13:14:48,070 [DEBUG] [MainThread] [qasync._windows._EventPoller/_windows.py:215]: Starting (proactor: <_IocpProactor overlapped#=0 result#=0>)...
2026-02-21 13:14:48,071 [DEBUG] [Dummy-3] [qasync._windows._EventWorker/_windows.py:195]: Thread started
2026-02-21 13:14:49,518 [INFO] [MainThread] [core.utils.widgets.taskbar.window_manager/window_manager.py:191]: TaskbarWindowManager is starting...
2026-02-21 13:14:49,592 [INFO] [MainThread] [root/bar_manager.py:88]: Starting SystemEventListener...
2026-02-21 13:14:49,593 [INFO] [MainThread] [root/bar_manager.py:88]: Starting WindowsNotificationEventListener...
2026-02-21 13:14:49,597 [INFO] [MainThread] [root/watcher.py:65]: Watching directory: c:\users\kuuro\.config\yasb
2026-02-21 13:14:49,597 [INFO] [MainThread] [root/watcher.py:104]: Created file watcher
2026-02-21 13:14:49,661 [INFO] [MainThread] [root/update_service.py:429]: Background update checker started
2026-02-21 13:14:50,715 [INFO] [MainThread] [root/api.py:69]: Fetching new weather data at 2026-02-21 13:14:50.715165
2026-02-21 13:15:05,613 [INFO] [CLIPipeServer] [cli_server/cli_server.py:256]: CLI server received command: stop
2026-02-21 13:15:05,613 [INFO] [CLIPipeServer] [root/controller.py:37]: Exiting Application from CLI...
2026-02-21 13:15:05,715 [INFO] [CLIPipeServer] [cli_server/cli_server.py:114]: Log pipe server stopped
2026-02-21 13:15:05,715 [DEBUG] [CLIPipeServer] [cli_server/cli_server.py:209]: CLI server stopped
2026-02-21 13:15:05,941 [INFO] [MainThread] [root/bar_manager.py:104]: Stopping SystemEventListener...
2026-02-21 13:15:05,941 [INFO] [MainThread] [root/bar_manager.py:104]: Stopping WindowsNotificationEventListener...
2026-02-21 13:15:05,943 [INFO] [MainThread] [core.utils.widgets.taskbar.window_manager/window_manager.py:218]: TaskbarWindowManager stopped
2026-02-21 13:15:07,635 [INFO] [MainThread] [root/log.py:95]: YASB v1.8.9
2026-02-21 13:15:07,636 [INFO] [CLIPipeServer] [cli_server/cli_server.py:215]: CLI server started v1.1.5
2026-02-21 13:15:07,636 [INFO] [MainThread] [cli_server/cli_server.py:106]: Log pipe server started
2026-02-21 13:15:07,666 [DEBUG] [MainThread] [qasync._windows._EventPoller/_windows.py:215]: Starting (proactor: <_IocpProactor overlapped#=0 result#=0>)...
2026-02-21 13:15:07,667 [DEBUG] [Dummy-3] [qasync._windows._EventWorker/_windows.py:195]: Thread started
2026-02-21 13:15:08,290 [INFO] [MainThread] [root/service.py:41]: AudioInputService starting...
2026-02-21 13:15:08,347 [INFO] [MainThread] [root/service.py:52]: AudioOutputService starting...
2026-02-21 13:15:08,766 [INFO] [MainThread] [core.utils.widgets.taskbar.window_manager/window_manager.py:191]: TaskbarWindowManager is starting...
2026-02-21 13:15:08,769 [INFO] [MainThread] [root/bar_manager.py:88]: Starting WindowsNotificationEventListener...
2026-02-21 13:15:08,771 [INFO] [MainThread] [root/watcher.py:65]: Watching directory: c:\users\kuuro\.config\yasb
2026-02-21 13:15:08,772 [INFO] [MainThread] [root/watcher.py:104]: Created file watcher
2026-02-21 13:15:08,818 [INFO] [MainThread] [root/update_service.py:429]: Background update checker started
2026-02-21 13:15:16,574 [INFO] [CLIPipeServer] [cli_server/cli_server.py:256]: CLI server received command: stop
2026-02-21 13:15:16,574 [INFO] [CLIPipeServer] [root/controller.py:37]: Exiting Application from CLI...
2026-02-21 13:15:16,681 [INFO] [CLIPipeServer] [cli_server/cli_server.py:114]: Log pipe server stopped
2026-02-21 13:15:16,681 [DEBUG] [CLIPipeServer] [cli_server/cli_server.py:209]: CLI server stopped
2026-02-21 13:15:16,686 [INFO] [MainThread] [root/bar_manager.py:104]: Stopping WindowsNotificationEventListener...
2026-02-21 13:15:16,686 [INFO] [MainThread] [core.utils.widgets.taskbar.window_manager/window_manager.py:218]: TaskbarWindowManager stopped
2026-02-21 13:15:18,683 [INFO] [MainThread] [root/log.py:95]: YASB v1.8.9
2026-02-21 13:15:18,683 [INFO] [CLIPipeServer] [cli_server/cli_server.py:215]: CLI server started v1.1.5
2026-02-21 13:15:18,683 [INFO] [MainThread] [cli_server/cli_server.py:106]: Log pipe server started
2026-02-21 13:15:18,712 [DEBUG] [MainThread] [qasync._windows._EventPoller/_windows.py:215]: Starting (proactor: <_IocpProactor overlapped#=0 result#=0>)...
2026-02-21 13:15:18,713 [DEBUG] [Dummy-3] [qasync._windows._EventWorker/_windows.py:195]: Thread started
2026-02-21 13:15:20,078 [INFO] [MainThread] [root/service.py:52]: AudioOutputService starting...
2026-02-21 13:15:20,782 [INFO] [MainThread] [core.utils.widgets.taskbar.window_manager/window_manager.py:191]: TaskbarWindowManager is starting...
2026-02-21 13:15:20,788 [INFO] [MainThread] [root/bar_manager.py:88]: Starting WindowsNotificationEventListener...
2026-02-21 13:15:20,792 [INFO] [MainThread] [root/watcher.py:65]: Watching directory: c:\users\kuuro\.config\yasb
2026-02-21 13:15:20,792 [INFO] [MainThread] [root/watcher.py:104]: Created file watcher
2026-02-21 13:15:20,848 [INFO] [MainThread] [root/update_service.py:429]: Background update checker started
2026-02-21 13:15:21,066 [DEBUG] [MainThread] [systray_widget/systray.py:492]: Loading state from C:\Users\kuuro\AppData\Local\YASB\systray_state_KOCHH24T09P.json
2026-02-21 13:15:21,067 [DEBUG] [SystrayMonitor] [systray_widget/systray.py:57]: Systray thread is starting...
2026-02-21 13:15:21,091 [DEBUG] [MainThread] [systray_widget/systray.py:243]: Systray thread started
2026-02-21 13:15:21,295 [DEBUG] [SystrayMonitor] [systray_widget/systray_monitor.py:168]: Adding TaskbandHWND prop to hwnd 1248256
2026-02-21 13:15:21,298 [DEBUG] [SystrayMonitor] [systray_widget/systray_monitor.py:246]: Finding real tray hwnd
2026-02-21 13:15:21,303 [DEBUG] [MainThread] [systray_widget/systray_monitor.py:160]: Sending TaskbarCreated message: 49348
2026-02-21 13:15:21,736 [INFO] [MainThread] [root/api.py:69]: Fetching new weather data at 2026-02-21 13:15:21.736132
2026-02-21 13:17:27,343 [INFO] [CLIPipeServer] [cli_server/cli_server.py:256]: CLI server received command: stop
2026-02-21 13:17:27,343 [INFO] [CLIPipeServer] [root/controller.py:37]: Exiting Application from CLI...
2026-02-21 13:17:27,451 [INFO] [CLIPipeServer] [cli_server/cli_server.py:114]: Log pipe server stopped
2026-02-21 13:17:27,451 [DEBUG] [CLIPipeServer] [cli_server/cli_server.py:209]: CLI server stopped
2026-02-21 13:17:27,559 [INFO] [MainThread] [root/bar_manager.py:104]: Stopping WindowsNotificationEventListener...
2026-02-21 13:17:27,561 [INFO] [MainThread] [core.utils.widgets.taskbar.window_manager/window_manager.py:218]: TaskbarWindowManager stopped
2026-02-21 13:17:27,563 [DEBUG] [MainThread] [systray_widget/systray.py:470]: Saving state to disk
2026-02-21 13:17:27,563 [DEBUG] [MainThread] [systray_widget/systray.py:474]: Saving state to C:\Users\kuuro\AppData\Local\YASB\systray_state_KOCHH24T09P.json
2026-02-21 13:17:27,564 [DEBUG] [MainThread] [systray_widget/utils.py:97]: Destroying window 1248256
2026-02-21 13:17:27,566 [DEBUG] [MainThread] [systray_widget/utils.py:97]: Destroying window 1248256
2026-02-21 13:17:29,407 [INFO] [MainThread] [root/log.py:95]: YASB v1.8.9
2026-02-21 13:17:29,407 [INFO] [CLIPipeServer] [cli_server/cli_server.py:215]: CLI server started v1.1.5
2026-02-21 13:17:29,407 [INFO] [MainThread] [cli_server/cli_server.py:106]: Log pipe server started
2026-02-21 13:17:29,437 [DEBUG] [MainThread] [qasync._windows._EventPoller/_windows.py:215]: Starting (proactor: <_IocpProactor overlapped#=0 result#=0>)...
2026-02-21 13:17:29,438 [DEBUG] [Dummy-3] [qasync._windows._EventWorker/_windows.py:195]: Thread started
2026-02-21 13:17:30,071 [INFO] [MainThread] [root/bar_manager.py:88]: Starting KomorebiEventListener...
2026-02-21 13:17:30,072 [INFO] [MainThread] [root/watcher.py:65]: Watching directory: c:\users\kuuro\.config\yasb
2026-02-21 13:17:30,072 [INFO] [MainThread] [root/watcher.py:104]: Created file watcher
2026-02-21 13:17:30,072 [INFO] [Dummy-6] [root/event_listener.py:51]: Created named pipe yasb-f74ce7c5-0f59-11f1-ba8d-505a65e3ecfc
2026-02-21 13:17:30,112 [INFO] [MainThread] [root/update_service.py:429]: Background update checker started
2026-02-21 13:17:34,878 [INFO] [CLIPipeServer] [cli_server/cli_server.py:256]: CLI server received command: stop
2026-02-21 13:17:34,879 [INFO] [CLIPipeServer] [root/controller.py:37]: Exiting Application from CLI...
2026-02-21 13:17:34,979 [INFO] [CLIPipeServer] [cli_server/cli_server.py:114]: Log pipe server stopped
2026-02-21 13:17:34,979 [DEBUG] [CLIPipeServer] [cli_server/cli_server.py:209]: CLI server stopped
2026-02-21 13:17:35,071 [INFO] [MainThread] [root/bar_manager.py:104]: Stopping KomorebiEventListener...
2026-02-21 13:17:36,970 [INFO] [MainThread] [root/log.py:95]: YASB v1.8.9
2026-02-21 13:17:36,970 [INFO] [CLIPipeServer] [cli_server/cli_server.py:215]: CLI server started v1.1.5
2026-02-21 13:17:36,971 [INFO] [MainThread] [cli_server/cli_server.py:106]: Log pipe server started
2026-02-21 13:17:37,003 [DEBUG] [MainThread] [qasync._windows._EventPoller/_windows.py:215]: Starting (proactor: <_IocpProactor overlapped#=0 result#=0>)...
2026-02-21 13:17:37,004 [DEBUG] [Dummy-3] [qasync._windows._EventWorker/_windows.py:195]: Thread started
2026-02-21 13:17:37,226 [INFO] [MainThread] [root/service.py:52]: AudioOutputService starting...
2026-02-21 13:17:38,029 [INFO] [MainThread] [root/bar_manager.py:88]: Starting WindowsNotificationEventListener...
2026-02-21 13:17:38,030 [INFO] [MainThread] [root/bar_manager.py:88]: Starting SystemEventListener...
2026-02-21 13:17:38,031 [INFO] [MainThread] [root/watcher.py:65]: Watching directory: c:\users\kuuro\.config\yasb
2026-02-21 13:17:38,031 [INFO] [MainThread] [root/watcher.py:104]: Created file watcher
2026-02-21 13:17:38,095 [INFO] [MainThread] [root/update_service.py:429]: Background update checker started
2026-02-21 13:17:48,827 [INFO] [CLIPipeServer] [cli_server/cli_server.py:256]: CLI server received command: stop
2026-02-21 13:17:48,827 [INFO] [CLIPipeServer] [root/controller.py:37]: Exiting Application from CLI...
2026-02-21 13:17:48,935 [INFO] [CLIPipeServer] [cli_server/cli_server.py:114]: Log pipe server stopped
2026-02-21 13:17:48,935 [DEBUG] [CLIPipeServer] [cli_server/cli_server.py:209]: CLI server stopped
2026-02-21 13:17:50,165 [DEBUG] [Thread-6] [root/watcher.py:84]: Stylesheet modified: c:\users\kuuro\.config\yasb\styles.css
2026-02-21 13:17:51,236 [DEBUG] [Thread-6] [root/watcher.py:90]: Config file modified: c:\users\kuuro\.config\yasb\config.yaml
2026-02-21 13:17:51,810 [INFO] [MainThread] [root/controller.py:15]: Reloading Application because of config change.
2026-02-21 13:17:51,911 [INFO] [MainThread] [cli_server/cli_server.py:114]: Log pipe server stopped
2026-02-21 13:17:51,912 [DEBUG] [MainThread] [cli_server/cli_server.py:209]: CLI server stopped
2026-02-21 13:17:51,920 [INFO] [MainThread] [root/bar_manager.py:79]: Successfully loaded updated config and re-initialised all bars.
2026-02-21 13:17:52,032 [INFO] [MainThread] [root/log.py:95]: YASB v1.8.9
2026-02-21 13:17:52,033 [INFO] [CLIPipeServer] [cli_server/cli_server.py:215]: CLI server started v1.1.5
2026-02-21 13:17:52,033 [INFO] [MainThread] [cli_server/cli_server.py:106]: Log pipe server started
2026-02-21 13:17:52,034 [ERROR] [MainThread] [root/main.py:75]: Another instance of the YASB is already running.
2026-02-21 13:17:52,190 [INFO] [MainThread] [root/bar_manager.py:104]: Stopping WindowsNotificationEventListener...
2026-02-21 13:17:52,190 [INFO] [MainThread] [root/bar_manager.py:104]: Stopping SystemEventListener...
2026-02-21 13:17:52,501 [INFO] [MainThread] [root/log.py:95]: YASB v1.8.9
2026-02-21 13:17:52,502 [INFO] [CLIPipeServer] [cli_server/cli_server.py:215]: CLI server started v1.1.5
2026-02-21 13:17:52,502 [INFO] [MainThread] [cli_server/cli_server.py:106]: Log pipe server started
2026-02-21 13:17:52,538 [DEBUG] [MainThread] [qasync._windows._EventPoller/_windows.py:215]: Starting (proactor: <_IocpProactor overlapped#=0 result#=0>)...
2026-02-21 13:17:52,539 [DEBUG] [Dummy-3] [qasync._windows._EventWorker/_windows.py:195]: Thread started
2026-02-21 13:17:53,452 [INFO] [MainThread] [root/service.py:52]: AudioOutputService starting...
2026-02-21 13:17:53,506 [INFO] [MainThread] [root/service.py:41]: AudioInputService starting...
2026-02-21 13:17:53,579 [INFO] [MainThread] [root/api.py:60]: GitHubDataManager started...
2026-02-21 13:17:54,087 [INFO] [MainThread] [root/bar_manager.py:88]: Starting SystemEventListener...
2026-02-21 13:17:54,087 [INFO] [MainThread] [root/bar_manager.py:88]: Starting WindowsNotificationEventListener...
2026-02-21 13:17:54,089 [ERROR] [MainThread] [root/widget_builder.py:111]: Failed to validate widget(s) due to invalid options  - wallpapers
      run_after:
      - Input should be a valid list
      
2026-02-21 13:17:54,133 [INFO] [MainThread] [root/watcher.py:65]: Watching directory: c:\users\kuuro\.config\yasb
2026-02-21 13:17:54,134 [INFO] [MainThread] [root/watcher.py:104]: Created file watcher
2026-02-21 13:17:54,195 [INFO] [MainThread] [root/update_service.py:429]: Background update checker started
2026-02-21 13:17:54,427 [ERROR] [Thread-10 (_fetch)] [root/api.py:315]: GitHubDataManager no internet connection. Unable to fetch notifications.
2026-02-21 13:17:54,877 [ERROR] [MainThread] [root/api.py:84]: Weather response error 401: API key is invalid.
2026-02-21 13:17:54,878 [WARNING] [MainThread] [root/weather.py:610]: Error processing weather data: Weather data is empty.. Retrying fetch in 10 seconds.
2026-02-21 13:18:05,114 [ERROR] [MainThread] [root/api.py:84]: Weather response error 401: API key is invalid.
2026-02-21 13:18:05,114 [WARNING] [MainThread] [root/weather.py:610]: Error processing weather data: Weather data is empty.. Retrying fetch in 10 seconds.
2026-02-21 13:18:15,377 [ERROR] [MainThread] [root/api.py:84]: Weather response error 401: API key is invalid.
2026-02-21 13:18:15,377 [WARNING] [MainThread] [root/weather.py:610]: Error processing weather data: Weather data is empty.. Retrying fetch in 10 seconds.
2026-02-21 13:18:18,499 [INFO] [CLIPipeServer] [cli_server/cli_server.py:256]: CLI server received command: stop
2026-02-21 13:18:18,499 [INFO] [CLIPipeServer] [root/controller.py:37]: Exiting Application from CLI...
2026-02-21 13:18:18,600 [INFO] [CLIPipeServer] [cli_server/cli_server.py:114]: Log pipe server stopped
2026-02-21 13:18:18,600 [DEBUG] [CLIPipeServer] [cli_server/cli_server.py:209]: CLI server stopped
2026-02-21 13:18:18,691 [INFO] [MainThread] [root/bar_manager.py:104]: Stopping SystemEventListener...
2026-02-21 13:18:18,692 [INFO] [MainThread] [root/bar_manager.py:104]: Stopping WindowsNotificationEventListener...
2026-02-21 13:18:20,534 [INFO] [MainThread] [root/log.py:95]: YASB v1.8.9
2026-02-21 13:18:20,535 [INFO] [CLIPipeServer] [cli_server/cli_server.py:215]: CLI server started v1.1.5
2026-02-21 13:18:20,535 [INFO] [MainThread] [cli_server/cli_server.py:106]: Log pipe server started
2026-02-21 13:18:20,565 [DEBUG] [MainThread] [qasync._windows._EventPoller/_windows.py:215]: Starting (proactor: <_IocpProactor overlapped#=0 result#=0>)...
2026-02-21 13:18:20,566 [DEBUG] [Dummy-3] [qasync._windows._EventWorker/_windows.py:195]: Thread started
2026-02-21 13:18:21,138 [ERROR] [MainThread] [root/weather.py:41]: API key or location is missing. Please provide a valid API key and location.
2026-02-21 13:18:21,215 [INFO] [MainThread] [root/service.py:52]: AudioOutputService starting...
2026-02-21 13:18:21,594 [INFO] [MainThread] [root/bar_manager.py:88]: Starting KomorebiEventListener...
2026-02-21 13:18:21,595 [INFO] [MainThread] [root/bar_manager.py:88]: Starting SystemEventListener...
2026-02-21 13:18:21,595 [INFO] [MainThread] [root/bar_manager.py:88]: Starting WindowsNotificationEventListener...
2026-02-21 13:18:21,596 [INFO] [Dummy-5] [root/event_listener.py:51]: Created named pipe yasb-1602c3ef-0f5a-11f1-8c35-505a65e3ecfc
2026-02-21 13:18:21,600 [INFO] [MainThread] [root/watcher.py:65]: Watching directory: c:\users\kuuro\.config\yasb
2026-02-21 13:18:21,600 [INFO] [MainThread] [root/watcher.py:104]: Created file watcher
2026-02-21 13:18:21,656 [INFO] [MainThread] [root/update_service.py:429]: Background update checker started
2026-02-21 13:18:21,675 [DEBUG] [MainThread] [systray_widget/systray.py:492]: Loading state from C:\Users\kuuro\AppData\Local\YASB\systray_state_KOCHH24T09P.json
2026-02-21 13:18:21,677 [DEBUG] [SystrayMonitor] [systray_widget/systray.py:57]: Systray thread is starting...
2026-02-21 13:18:21,724 [DEBUG] [SystrayMonitor] [systray_widget/systray_monitor.py:246]: Finding real tray hwnd
2026-02-21 13:18:21,751 [DEBUG] [MainThread] [systray_widget/systray.py:243]: Systray thread started
2026-02-21 13:18:21,952 [DEBUG] [SystrayMonitor] [systray_widget/systray_monitor.py:168]: Adding TaskbandHWND prop to hwnd 1836974
2026-02-21 13:18:21,962 [DEBUG] [MainThread] [systray_widget/systray_monitor.py:160]: Sending TaskbarCreated message: 49348
2026-02-21 13:18:38,999 [INFO] [CLIPipeServer] [cli_server/cli_server.py:256]: CLI server received command: stop
2026-02-21 13:18:38,999 [INFO] [CLIPipeServer] [root/controller.py:37]: Exiting Application from CLI...
2026-02-21 13:18:39,108 [INFO] [CLIPipeServer] [cli_server/cli_server.py:114]: Log pipe server stopped
2026-02-21 13:18:39,108 [DEBUG] [CLIPipeServer] [cli_server/cli_server.py:209]: CLI server stopped
2026-02-21 13:18:39,205 [INFO] [MainThread] [root/bar_manager.py:104]: Stopping KomorebiEventListener...
2026-02-21 13:18:39,206 [INFO] [MainThread] [root/bar_manager.py:104]: Stopping SystemEventListener...
2026-02-21 13:18:39,206 [INFO] [MainThread] [root/bar_manager.py:104]: Stopping WindowsNotificationEventListener...
2026-02-21 13:18:39,207 [DEBUG] [MainThread] [systray_widget/systray.py:470]: Saving state to disk
2026-02-21 13:18:39,208 [DEBUG] [MainThread] [systray_widget/systray.py:474]: Saving state to C:\Users\kuuro\AppData\Local\YASB\systray_state_KOCHH24T09P.json
2026-02-21 13:18:39,210 [DEBUG] [MainThread] [systray_widget/utils.py:97]: Destroying window 1836974
2026-02-21 13:18:39,211 [DEBUG] [MainThread] [systray_widget/utils.py:97]: Destroying window 1836974
2026-02-21 13:18:41,263 [INFO] [MainThread] [root/log.py:95]: YASB v1.8.9
2026-02-21 13:18:41,263 [INFO] [CLIPipeServer] [cli_server/cli_server.py:215]: CLI server started v1.1.5
2026-02-21 13:18:41,263 [INFO] [MainThread] [cli_server/cli_server.py:106]: Log pipe server started
2026-02-21 13:18:41,295 [DEBUG] [MainThread] [qasync._windows._EventPoller/_windows.py:215]: Starting (proactor: <_IocpProactor overlapped#=0 result#=0>)...
2026-02-21 13:18:41,296 [DEBUG] [Dummy-3] [qasync._windows._EventWorker/_windows.py:195]: Thread started
2026-02-21 13:18:41,895 [INFO] [MainThread] [root/service.py:52]: AudioOutputService starting...
2026-02-21 13:18:42,296 [INFO] [MainThread] [root/bar_manager.py:88]: Starting KomorebiEventListener...
2026-02-21 13:18:42,297 [INFO] [MainThread] [root/bar_manager.py:88]: Starting WindowsNotificationEventListener...
2026-02-21 13:18:42,298 [INFO] [Dummy-5] [root/event_listener.py:51]: Created named pipe yasb-2259a960-0f5a-11f1-aa99-505a65e3ecfc
2026-02-21 13:18:42,300 [INFO] [MainThread] [root/watcher.py:65]: Watching directory: c:\users\kuuro\.config\yasb
2026-02-21 13:18:42,300 [INFO] [MainThread] [root/watcher.py:104]: Created file watcher
2026-02-21 13:18:42,368 [INFO] [MainThread] [root/update_service.py:429]: Background update checker started
2026-02-21 13:18:42,384 [DEBUG] [MainThread] [systray_widget/systray.py:492]: Loading state from C:\Users\kuuro\AppData\Local\YASB\systray_state_KOCHH24T09P.json
2026-02-21 13:18:42,387 [DEBUG] [SystrayMonitor] [systray_widget/systray.py:57]: Systray thread is starting...
2026-02-21 13:18:42,409 [DEBUG] [MainThread] [systray_widget/systray.py:243]: Systray thread started
2026-02-21 13:18:42,750 [DEBUG] [SystrayMonitor] [systray_widget/systray_monitor.py:246]: Finding real tray hwnd
2026-02-21 13:18:42,874 [DEBUG] [SystrayMonitor] [systray_widget/systray_monitor.py:168]: Adding TaskbandHWND prop to hwnd 1247738
2026-02-21 13:18:42,886 [DEBUG] [MainThread] [systray_widget/systray_monitor.py:160]: Sending TaskbarCreated message: 49348
2026-02-21 13:18:42,907 [INFO] [MainThread] [root/api.py:69]: Fetching new weather data at 2026-02-21 13:18:42.907652
2026-02-21 13:18:50,501 [INFO] [CLIPipeServer] [cli_server/cli_server.py:256]: CLI server received command: stop
2026-02-21 13:18:50,501 [INFO] [CLIPipeServer] [root/controller.py:37]: Exiting Application from CLI...
2026-02-21 13:18:50,604 [INFO] [CLIPipeServer] [cli_server/cli_server.py:114]: Log pipe server stopped
2026-02-21 13:18:50,605 [DEBUG] [CLIPipeServer] [cli_server/cli_server.py:209]: CLI server stopped
2026-02-21 13:18:50,697 [INFO] [MainThread] [root/bar_manager.py:104]: Stopping KomorebiEventListener...
2026-02-21 13:18:50,698 [INFO] [MainThread] [root/bar_manager.py:104]: Stopping WindowsNotificationEventListener...
2026-02-21 13:18:50,701 [DEBUG] [MainThread] [systray_widget/systray.py:470]: Saving state to disk
2026-02-21 13:18:50,702 [DEBUG] [MainThread] [systray_widget/systray.py:474]: Saving state to C:\Users\kuuro\AppData\Local\YASB\systray_state_KOCHH24T09P.json
2026-02-21 13:18:50,703 [DEBUG] [MainThread] [systray_widget/utils.py:97]: Destroying window 1247738
2026-02-21 13:18:50,704 [DEBUG] [MainThread] [systray_widget/utils.py:97]: Destroying window 1247738
2026-02-21 13:18:52,750 [INFO] [MainThread] [root/log.py:95]: YASB v1.8.9
2026-02-21 13:18:52,750 [INFO] [CLIPipeServer] [cli_server/cli_server.py:215]: CLI server started v1.1.5
2026-02-21 13:18:52,751 [INFO] [MainThread] [cli_server/cli_server.py:106]: Log pipe server started
2026-02-21 13:18:52,783 [DEBUG] [MainThread] [qasync._windows._EventPoller/_windows.py:215]: Starting (proactor: <_IocpProactor overlapped#=0 result#=0>)...
2026-02-21 13:18:52,784 [DEBUG] [Dummy-3] [qasync._windows._EventWorker/_windows.py:195]: Thread started
2026-02-21 13:18:53,389 [INFO] [MainThread] [root/service.py:52]: AudioOutputService starting...
2026-02-21 13:18:53,805 [INFO] [MainThread] [root/bar_manager.py:88]: Starting WindowsNotificationEventListener...
2026-02-21 13:18:53,806 [INFO] [MainThread] [root/bar_manager.py:88]: Starting KomorebiEventListener...
2026-02-21 13:18:53,807 [INFO] [MainThread] [root/watcher.py:65]: Watching directory: c:\users\kuuro\.config\yasb
2026-02-21 13:18:53,807 [INFO] [MainThread] [root/watcher.py:104]: Created file watcher
2026-02-21 13:18:53,809 [INFO] [Dummy-7] [root/event_listener.py:51]: Created named pipe yasb-2935e034-0f5a-11f1-8a6d-505a65e3ecfc
2026-02-21 13:18:53,868 [INFO] [MainThread] [root/update_service.py:429]: Background update checker started
2026-02-21 13:18:54,375 [DEBUG] [MainThread] [systray_widget/systray.py:492]: Loading state from C:\Users\kuuro\AppData\Local\YASB\systray_state_KOCHH24T09P.json
2026-02-21 13:18:54,377 [DEBUG] [SystrayMonitor] [systray_widget/systray.py:57]: Systray thread is starting...
2026-02-21 13:18:54,394 [DEBUG] [MainThread] [systray_widget/systray.py:243]: Systray thread started
2026-02-21 13:18:54,571 [INFO] [MainThread] [root/api.py:69]: Fetching new weather data at 2026-02-21 13:18:54.571003
2026-02-21 13:18:54,618 [DEBUG] [SystrayMonitor] [systray_widget/systray_monitor.py:168]: Adding TaskbandHWND prop to hwnd 658494
2026-02-21 13:18:54,623 [DEBUG] [SystrayMonitor] [systray_widget/systray_monitor.py:246]: Finding real tray hwnd
2026-02-21 13:18:54,627 [DEBUG] [MainThread] [systray_widget/systray_monitor.py:160]: Sending TaskbarCreated message: 49348
2026-02-21 13:19:01,209 [INFO] [CLIPipeServer] [cli_server/cli_server.py:256]: CLI server received command: stop
2026-02-21 13:19:01,209 [INFO] [CLIPipeServer] [root/controller.py:37]: Exiting Application from CLI...
2026-02-21 13:19:01,311 [INFO] [CLIPipeServer] [cli_server/cli_server.py:114]: Log pipe server stopped
2026-02-21 13:19:01,311 [DEBUG] [CLIPipeServer] [cli_server/cli_server.py:209]: CLI server stopped
2026-02-21 13:19:01,402 [INFO] [MainThread] [root/bar_manager.py:104]: Stopping WindowsNotificationEventListener...
2026-02-21 13:19:01,402 [INFO] [MainThread] [root/bar_manager.py:104]: Stopping KomorebiEventListener...
2026-02-21 13:19:01,404 [DEBUG] [MainThread] [systray_widget/systray.py:470]: Saving state to disk
2026-02-21 13:19:01,404 [DEBUG] [MainThread] [systray_widget/systray.py:474]: Saving state to C:\Users\kuuro\AppData\Local\YASB\systray_state_KOCHH24T09P.json
2026-02-21 13:19:01,405 [DEBUG] [MainThread] [systray_widget/utils.py:97]: Destroying window 658494
2026-02-21 13:19:01,406 [DEBUG] [MainThread] [systray_widget/utils.py:97]: Destroying window 658494
2026-02-21 13:19:03,394 [INFO] [MainThread] [root/log.py:95]: YASB v1.8.9
2026-02-21 13:19:03,395 [INFO] [CLIPipeServer] [cli_server/cli_server.py:215]: CLI server started v1.1.5
2026-02-21 13:19:03,395 [INFO] [MainThread] [cli_server/cli_server.py:106]: Log pipe server started
2026-02-21 13:19:03,428 [DEBUG] [MainThread] [qasync._windows._EventPoller/_windows.py:215]: Starting (proactor: <_IocpProactor overlapped#=0 result#=0>)...
2026-02-21 13:19:03,429 [DEBUG] [Dummy-3] [qasync._windows._EventWorker/_windows.py:195]: Thread started
2026-02-21 13:19:04,036 [INFO] [MainThread] [root/service.py:52]: AudioOutputService starting...
2026-02-21 13:19:04,427 [INFO] [MainThread] [root/bar_manager.py:88]: Starting KomorebiEventListener...
2026-02-21 13:19:04,427 [INFO] [MainThread] [root/bar_manager.py:88]: Starting WindowsNotificationEventListener...
2026-02-21 13:19:04,429 [INFO] [Dummy-5] [root/event_listener.py:51]: Created named pipe yasb-2f8a84fa-0f5a-11f1-9811-505a65e3ecfc
2026-02-21 13:19:04,432 [INFO] [MainThread] [root/watcher.py:65]: Watching directory: c:\users\kuuro\.config\yasb
2026-02-21 13:19:04,432 [INFO] [MainThread] [root/watcher.py:104]: Created file watcher
2026-02-21 13:19:04,492 [INFO] [MainThread] [root/update_service.py:429]: Background update checker started
2026-02-21 13:19:05,087 [DEBUG] [MainThread] [systray_widget/systray.py:492]: Loading state from C:\Users\kuuro\AppData\Local\YASB\systray_state_KOCHH24T09P.json
2026-02-21 13:19:05,089 [DEBUG] [SystrayMonitor] [systray_widget/systray.py:57]: Systray thread is starting...
2026-02-21 13:19:05,115 [DEBUG] [MainThread] [systray_widget/systray.py:243]: Systray thread started
2026-02-21 13:19:05,318 [DEBUG] [SystrayMonitor] [systray_widget/systray_monitor.py:168]: Adding TaskbandHWND prop to hwnd 1313800
2026-02-21 13:19:05,322 [DEBUG] [SystrayMonitor] [systray_widget/systray_monitor.py:246]: Finding real tray hwnd
2026-02-21 13:19:05,327 [DEBUG] [MainThread] [systray_widget/systray_monitor.py:160]: Sending TaskbarCreated message: 49348
2026-02-21 13:19:05,401 [INFO] [MainThread] [root/api.py:69]: Fetching new weather data at 2026-02-21 13:19:05.401459
2026-02-21 13:19:08,943 [INFO] [CLIPipeServer] [cli_server/cli_server.py:256]: CLI server received command: stop
2026-02-21 13:19:08,943 [INFO] [CLIPipeServer] [root/controller.py:37]: Exiting Application from CLI...
2026-02-21 13:19:09,049 [INFO] [CLIPipeServer] [cli_server/cli_server.py:114]: Log pipe server stopped
2026-02-21 13:19:09,049 [DEBUG] [CLIPipeServer] [cli_server/cli_server.py:209]: CLI server stopped
2026-02-21 13:19:09,146 [INFO] [MainThread] [root/bar_manager.py:104]: Stopping KomorebiEventListener...
2026-02-21 13:19:09,147 [INFO] [MainThread] [root/bar_manager.py:104]: Stopping WindowsNotificationEventListener...
2026-02-21 13:19:09,148 [DEBUG] [MainThread] [systray_widget/systray.py:470]: Saving state to disk
2026-02-21 13:19:09,150 [DEBUG] [MainThread] [systray_widget/systray.py:474]: Saving state to C:\Users\kuuro\AppData\Local\YASB\systray_state_KOCHH24T09P.json
2026-02-21 13:19:09,151 [DEBUG] [MainThread] [systray_widget/utils.py:97]: Destroying window 1313800
2026-02-21 13:19:09,152 [DEBUG] [MainThread] [systray_widget/utils.py:97]: Destroying window 1313800
2026-02-21 13:19:11,049 [INFO] [MainThread] [root/log.py:95]: YASB v1.8.9
2026-02-21 13:19:11,050 [INFO] [CLIPipeServer] [cli_server/cli_server.py:215]: CLI server started v1.1.5
2026-02-21 13:19:11,050 [INFO] [MainThread] [cli_server/cli_server.py:106]: Log pipe server started
2026-02-21 13:19:11,085 [DEBUG] [MainThread] [qasync._windows._EventPoller/_windows.py:215]: Starting (proactor: <_IocpProactor overlapped#=0 result#=0>)...
2026-02-21 13:19:11,086 [DEBUG] [Dummy-3] [qasync._windows._EventWorker/_windows.py:195]: Thread started
2026-02-21 13:19:11,819 [INFO] [MainThread] [root/bar_manager.py:88]: Starting KomorebiEventListener...
2026-02-21 13:19:11,820 [INFO] [MainThread] [root/bar_manager.py:88]: Starting SystemEventListener...
2026-02-21 13:19:11,820 [INFO] [MainThread] [root/bar_manager.py:88]: Starting WindowsNotificationEventListener...
2026-02-21 13:19:11,820 [ERROR] [MainThread] [root/widget_builder.py:111]: Failed to validate widget(s) due to invalid options  - taskbar
      container_padding:
        active_window:
        - Extra inputs are not permitted
      
2026-02-21 13:19:11,821 [INFO] [Dummy-4] [root/event_listener.py:51]: Created named pipe yasb-33f27e87-0f5a-11f1-8a90-505a65e3ecfc
2026-02-21 13:19:11,872 [INFO] [MainThread] [root/watcher.py:65]: Watching directory: c:\users\kuuro\.config\yasb
2026-02-21 13:19:11,872 [INFO] [MainThread] [root/watcher.py:104]: Created file watcher
2026-02-21 13:19:11,904 [INFO] [MainThread] [root/update_service.py:429]: Background update checker started
2026-02-21 13:19:11,990 [DEBUG] [MainThread] [systray_widget/systray.py:492]: Loading state from C:\Users\kuuro\AppData\Local\YASB\systray_state_KOCHH24T09P.json
2026-02-21 13:19:11,993 [DEBUG] [SystrayMonitor] [systray_widget/systray.py:57]: Systray thread is starting...
2026-02-21 13:19:12,202 [DEBUG] [MainThread] [systray_widget/systray.py:243]: Systray thread started
2026-02-21 13:19:12,403 [DEBUG] [SystrayMonitor] [systray_widget/systray_monitor.py:168]: Adding TaskbandHWND prop to hwnd 2362360
2026-02-21 13:19:12,408 [DEBUG] [SystrayMonitor] [systray_widget/systray_monitor.py:246]: Finding real tray hwnd
2026-02-21 13:19:12,413 [DEBUG] [MainThread] [systray_widget/systray_monitor.py:160]: Sending TaskbarCreated message: 49348
2026-02-21 13:19:20,959 [INFO] [CLIPipeServer] [cli_server/cli_server.py:256]: CLI server received command: stop
2026-02-21 13:19:20,959 [INFO] [CLIPipeServer] [root/controller.py:37]: Exiting Application from CLI...
2026-02-21 13:19:21,062 [INFO] [CLIPipeServer] [cli_server/cli_server.py:114]: Log pipe server stopped
2026-02-21 13:19:21,062 [DEBUG] [CLIPipeServer] [cli_server/cli_server.py:209]: CLI server stopped
2026-02-21 13:19:21,155 [INFO] [MainThread] [root/bar_manager.py:104]: Stopping KomorebiEventListener...
2026-02-21 13:19:21,155 [INFO] [MainThread] [root/bar_manager.py:104]: Stopping SystemEventListener...
2026-02-21 13:19:21,156 [INFO] [MainThread] [root/bar_manager.py:104]: Stopping WindowsNotificationEventListener...
2026-02-21 13:19:21,157 [DEBUG] [MainThread] [systray_widget/systray.py:470]: Saving state to disk
2026-02-21 13:19:21,158 [DEBUG] [MainThread] [systray_widget/systray.py:474]: Saving state to C:\Users\kuuro\AppData\Local\YASB\systray_state_KOCHH24T09P.json
2026-02-21 13:19:21,159 [DEBUG] [MainThread] [systray_widget/utils.py:97]: Destroying window 2362360
2026-02-21 13:19:21,162 [DEBUG] [MainThread] [systray_widget/utils.py:97]: Destroying window 2362360
2026-02-21 13:19:23,019 [INFO] [MainThread] [root/log.py:95]: YASB v1.8.9
2026-02-21 13:19:23,019 [INFO] [CLIPipeServer] [cli_server/cli_server.py:215]: CLI server started v1.1.5
2026-02-21 13:19:23,020 [INFO] [MainThread] [cli_server/cli_server.py:106]: Log pipe server started
2026-02-21 13:19:23,052 [DEBUG] [MainThread] [qasync._windows._EventPoller/_windows.py:215]: Starting (proactor: <_IocpProactor overlapped#=0 result#=0>)...
2026-02-21 13:19:23,053 [DEBUG] [Dummy-3] [qasync._windows._EventWorker/_windows.py:195]: Thread started
2026-02-21 13:19:23,371 [INFO] [MainThread] [root/service.py:52]: AudioOutputService starting...
2026-02-21 13:19:24,309 [INFO] [MainThread] [core.utils.widgets.taskbar.window_manager/window_manager.py:191]: TaskbarWindowManager is starting...
2026-02-21 13:19:24,389 [INFO] [MainThread] [root/watcher.py:65]: Watching directory: c:\users\kuuro\.config\yasb
2026-02-21 13:19:24,389 [INFO] [MainThread] [root/watcher.py:104]: Created file watcher
2026-02-21 13:19:24,458 [INFO] [MainThread] [root/update_service.py:429]: Background update checker started
2026-02-21 13:19:24,478 [DEBUG] [MainThread] [systray_widget/systray.py:492]: Loading state from C:\Users\kuuro\AppData\Local\YASB\systray_state_KOCHH24T09P.json
2026-02-21 13:19:24,479 [DEBUG] [SystrayMonitor] [systray_widget/systray.py:57]: Systray thread is starting...
2026-02-21 13:19:24,722 [DEBUG] [MainThread] [systray_widget/systray.py:243]: Systray thread started
2026-02-21 13:19:24,744 [DEBUG] [SystrayMonitor] [systray_widget/systray_monitor.py:246]: Finding real tray hwnd
2026-02-21 13:19:24,923 [DEBUG] [SystrayMonitor] [systray_widget/systray_monitor.py:168]: Adding TaskbandHWND prop to hwnd 855234
2026-02-21 13:19:24,932 [DEBUG] [MainThread] [systray_widget/systray_monitor.py:160]: Sending TaskbarCreated message: 49348
2026-02-21 13:19:32,466 [INFO] [CLIPipeServer] [cli_server/cli_server.py:256]: CLI server received command: stop
2026-02-21 13:19:32,466 [INFO] [CLIPipeServer] [root/controller.py:37]: Exiting Application from CLI...
2026-02-21 13:19:32,578 [INFO] [CLIPipeServer] [cli_server/cli_server.py:114]: Log pipe server stopped
2026-02-21 13:19:32,578 [DEBUG] [CLIPipeServer] [cli_server/cli_server.py:209]: CLI server stopped
2026-02-21 13:19:32,802 [INFO] [MainThread] [core.utils.widgets.taskbar.window_manager/window_manager.py:218]: TaskbarWindowManager stopped
2026-02-21 13:19:32,802 [DEBUG] [MainThread] [systray_widget/systray.py:470]: Saving state to disk
2026-02-21 13:19:32,803 [DEBUG] [MainThread] [systray_widget/systray.py:474]: Saving state to C:\Users\kuuro\AppData\Local\YASB\systray_state_KOCHH24T09P.json
2026-02-21 13:19:32,804 [DEBUG] [MainThread] [systray_widget/utils.py:97]: Destroying window 855234
2026-02-21 13:19:32,804 [DEBUG] [MainThread] [systray_widget/utils.py:97]: Destroying window 855234
2026-02-21 13:19:34,601 [INFO] [MainThread] [root/log.py:95]: YASB v1.8.9
2026-02-21 13:19:34,602 [INFO] [CLIPipeServer] [cli_server/cli_server.py:215]: CLI server started v1.1.5
2026-02-21 13:19:34,602 [INFO] [MainThread] [cli_server/cli_server.py:106]: Log pipe server started
2026-02-21 13:19:34,636 [DEBUG] [MainThread] [qasync._windows._EventPoller/_windows.py:215]: Starting (proactor: <_IocpProactor overlapped#=0 result#=0>)...
2026-02-21 13:19:34,637 [DEBUG] [Dummy-3] [qasync._windows._EventWorker/_windows.py:195]: Thread started
2026-02-21 13:19:35,316 [INFO] [MainThread] [root/service.py:52]: AudioOutputService starting...
2026-02-21 13:19:36,014 [INFO] [MainThread] [core.utils.widgets.taskbar.window_manager/window_manager.py:191]: TaskbarWindowManager is starting...
2026-02-21 13:19:36,019 [INFO] [MainThread] [root/bar_manager.py:88]: Starting SystemEventListener...
2026-02-21 13:19:36,020 [INFO] [MainThread] [root/watcher.py:65]: Watching directory: c:\users\kuuro\.config\yasb
2026-02-21 13:19:36,020 [INFO] [MainThread] [root/watcher.py:104]: Created file watcher
2026-02-21 13:19:36,059 [INFO] [MainThread] [root/update_service.py:429]: Background update checker started
2026-02-21 13:19:36,450 [ERROR] [MainThread] [root/api.py:82]: Weather API invalid JSON response: Expecting value: line 1 column 1 (char 0)
2026-02-21 13:19:36,450 [WARNING] [MainThread] [root/weather.py:610]: Error processing weather data: Weather data is empty.. Retrying fetch in 10 seconds.
2026-02-21 13:19:42,483 [INFO] [CLIPipeServer] [cli_server/cli_server.py:256]: CLI server received command: stop
2026-02-21 13:19:42,483 [INFO] [CLIPipeServer] [root/controller.py:37]: Exiting Application from CLI...
2026-02-21 13:19:42,587 [INFO] [CLIPipeServer] [cli_server/cli_server.py:114]: Log pipe server stopped
2026-02-21 13:19:42,588 [DEBUG] [CLIPipeServer] [cli_server/cli_server.py:209]: CLI server stopped
2026-02-21 13:19:43,244 [DEBUG] [Thread-7] [root/watcher.py:84]: Stylesheet modified: c:\users\kuuro\.config\yasb\styles.css
2026-02-21 13:19:43,729 [DEBUG] [Thread-7] [root/watcher.py:90]: Config file modified: c:\users\kuuro\.config\yasb\config.yaml
2026-02-21 13:19:44,274 [INFO] [MainThread] [root/controller.py:15]: Reloading Application because of config change.
2026-02-21 13:19:44,390 [INFO] [MainThread] [cli_server/cli_server.py:114]: Log pipe server stopped
2026-02-21 13:19:44,390 [DEBUG] [MainThread] [cli_server/cli_server.py:209]: CLI server stopped
2026-02-21 13:19:44,400 [INFO] [MainThread] [root/bar_manager.py:79]: Successfully loaded updated config and re-initialised all bars.
2026-02-21 13:19:44,786 [INFO] [MainThread] [root/bar_manager.py:104]: Stopping SystemEventListener...
2026-02-21 13:19:44,798 [INFO] [MainThread] [core.utils.widgets.taskbar.window_manager/window_manager.py:218]: TaskbarWindowManager stopped
2026-02-21 13:19:44,863 [INFO] [MainThread] [root/log.py:95]: YASB v1.8.9
2026-02-21 13:19:44,864 [INFO] [CLIPipeServer] [cli_server/cli_server.py:215]: CLI server started v1.1.5
2026-02-21 13:19:44,864 [INFO] [MainThread] [cli_server/cli_server.py:106]: Log pipe server started
2026-02-21 13:19:44,864 [ERROR] [MainThread] [root/main.py:75]: Another instance of the YASB is already running.
2026-02-21 13:19:45,186 [INFO] [MainThread] [root/log.py:95]: YASB v1.8.9
2026-02-21 13:19:45,186 [INFO] [CLIPipeServer] [cli_server/cli_server.py:215]: CLI server started v1.1.5
2026-02-21 13:19:45,187 [INFO] [MainThread] [cli_server/cli_server.py:106]: Log pipe server started
2026-02-21 13:19:45,226 [DEBUG] [MainThread] [qasync._windows._EventPoller/_windows.py:215]: Starting (proactor: <_IocpProactor overlapped#=0 result#=0>)...
2026-02-21 13:19:45,227 [DEBUG] [Dummy-3] [qasync._windows._EventWorker/_windows.py:195]: Thread started
2026-02-21 13:19:45,994 [INFO] [MainThread] [root/service.py:52]: AudioOutputService starting...
2026-02-21 13:19:46,493 [INFO] [MainThread] [root/bar_manager.py:88]: Starting SystemEventListener...
2026-02-21 13:19:46,494 [INFO] [MainThread] [root/watcher.py:65]: Watching directory: c:\users\kuuro\.config\yasb
2026-02-21 13:19:46,494 [INFO] [MainThread] [root/watcher.py:104]: Created file watcher
2026-02-21 13:19:46,534 [INFO] [MainThread] [root/update_service.py:429]: Background update checker started
2026-02-21 13:19:46,757 [ERROR] [MainThread] [root/api.py:82]: Weather API invalid JSON response: Expecting value: line 1 column 1 (char 0)
2026-02-21 13:19:46,758 [WARNING] [MainThread] [root/weather.py:610]: Error processing weather data: Weather data is empty.. Retrying fetch in 10 seconds.
2026-02-21 13:19:56,813 [ERROR] [MainThread] [root/api.py:82]: Weather API invalid JSON response: Expecting value: line 1 column 1 (char 0)
2026-02-21 13:19:56,813 [WARNING] [MainThread] [root/weather.py:610]: Error processing weather data: Weather data is empty.. Retrying fetch in 10 seconds.
2026-02-21 13:20:03,420 [INFO] [CLIPipeServer] [cli_server/cli_server.py:256]: CLI server received command: stop
2026-02-21 13:20:03,421 [INFO] [CLIPipeServer] [root/controller.py:37]: Exiting Application from CLI...
2026-02-21 13:20:03,532 [INFO] [CLIPipeServer] [cli_server/cli_server.py:114]: Log pipe server stopped
2026-02-21 13:20:03,532 [DEBUG] [CLIPipeServer] [cli_server/cli_server.py:209]: CLI server stopped
2026-02-21 13:20:04,215 [DEBUG] [Thread-6] [root/watcher.py:84]: Stylesheet modified: c:\users\kuuro\.config\yasb\styles.css
2026-02-21 13:20:04,636 [DEBUG] [Thread-6] [root/watcher.py:90]: Config file modified: c:\users\kuuro\.config\yasb\config.yaml
2026-02-21 13:20:05,133 [INFO] [MainThread] [root/controller.py:15]: Reloading Application because of config change.
2026-02-21 13:20:05,234 [INFO] [MainThread] [cli_server/cli_server.py:114]: Log pipe server stopped
2026-02-21 13:20:05,235 [DEBUG] [MainThread] [cli_server/cli_server.py:209]: CLI server stopped
2026-02-21 13:20:05,242 [INFO] [MainThread] [root/bar_manager.py:79]: Successfully loaded updated config and re-initialised all bars.
2026-02-21 13:20:05,459 [INFO] [MainThread] [root/log.py:95]: YASB v1.8.9
2026-02-21 13:20:05,460 [INFO] [CLIPipeServer] [cli_server/cli_server.py:215]: CLI server started v1.1.5
2026-02-21 13:20:05,460 [INFO] [MainThread] [cli_server/cli_server.py:106]: Log pipe server started
2026-02-21 13:20:05,461 [ERROR] [MainThread] [root/main.py:75]: Another instance of the YASB is already running.
2026-02-21 13:20:05,560 [INFO] [MainThread] [root/bar_manager.py:104]: Stopping SystemEventListener...
2026-02-21 13:20:05,825 [INFO] [MainThread] [root/log.py:95]: YASB v1.8.9
2026-02-21 13:20:05,826 [INFO] [CLIPipeServer] [cli_server/cli_server.py:215]: CLI server started v1.1.5
2026-02-21 13:20:05,827 [INFO] [MainThread] [cli_server/cli_server.py:106]: Log pipe server started
2026-02-21 13:20:05,869 [DEBUG] [MainThread] [qasync._windows._EventPoller/_windows.py:215]: Starting (proactor: <_IocpProactor overlapped#=0 result#=0>)...
2026-02-21 13:20:05,870 [DEBUG] [Dummy-3] [qasync._windows._EventWorker/_windows.py:195]: Thread started
2026-02-21 13:20:06,653 [INFO] [MainThread] [root/service.py:52]: AudioOutputService starting...
2026-02-21 13:20:07,199 [INFO] [MainThread] [root/bar_manager.py:88]: Starting KomorebiEventListener...
2026-02-21 13:20:07,199 [INFO] [MainThread] [root/bar_manager.py:88]: Starting WindowsNotificationEventListener...
2026-02-21 13:20:07,200 [INFO] [Dummy-6] [root/event_listener.py:51]: Created named pipe yasb-54f4ba0e-0f5a-11f1-96f7-505a65e3ecfc
2026-02-21 13:20:07,202 [INFO] [MainThread] [root/watcher.py:65]: Watching directory: c:\users\kuuro\.config\yasb
2026-02-21 13:20:07,203 [INFO] [MainThread] [root/watcher.py:104]: Created file watcher
2026-02-21 13:20:07,275 [INFO] [MainThread] [root/update_service.py:429]: Background update checker started
2026-02-21 13:20:07,364 [DEBUG] [MainThread] [systray_widget/systray.py:492]: Loading state from C:\Users\kuuro\AppData\Local\YASB\systray_state_KOCHH24T09P.json
2026-02-21 13:20:07,365 [DEBUG] [SystrayMonitor] [systray_widget/systray.py:57]: Systray thread is starting...
2026-02-21 13:20:07,432 [DEBUG] [MainThread] [systray_widget/systray.py:243]: Systray thread started
2026-02-21 13:20:07,634 [DEBUG] [SystrayMonitor] [systray_widget/systray_monitor.py:168]: Adding TaskbandHWND prop to hwnd 2099584
2026-02-21 13:20:07,638 [DEBUG] [SystrayMonitor] [systray_widget/systray_monitor.py:246]: Finding real tray hwnd
2026-02-21 13:20:07,643 [DEBUG] [MainThread] [systray_widget/systray_monitor.py:160]: Sending TaskbarCreated message: 49348
2026-02-21 13:20:07,739 [INFO] [MainThread] [root/api.py:69]: Fetching new weather data at 2026-02-21 13:20:07.739100
2026-02-21 13:20:11,168 [INFO] [CLIPipeServer] [cli_server/cli_server.py:256]: CLI server received command: stop
2026-02-21 13:20:11,168 [INFO] [CLIPipeServer] [root/controller.py:37]: Exiting Application from CLI...
2026-02-21 13:20:11,283 [INFO] [CLIPipeServer] [cli_server/cli_server.py:114]: Log pipe server stopped
2026-02-21 13:20:11,283 [DEBUG] [CLIPipeServer] [cli_server/cli_server.py:209]: CLI server stopped
2026-02-21 13:20:11,377 [INFO] [MainThread] [root/bar_manager.py:104]: Stopping KomorebiEventListener...
2026-02-21 13:20:11,377 [INFO] [MainThread] [root/bar_manager.py:104]: Stopping WindowsNotificationEventListener...
2026-02-21 13:20:11,378 [DEBUG] [MainThread] [systray_widget/systray.py:470]: Saving state to disk
2026-02-21 13:20:11,379 [DEBUG] [MainThread] [systray_widget/systray.py:474]: Saving state to C:\Users\kuuro\AppData\Local\YASB\systray_state_KOCHH24T09P.json
2026-02-21 13:20:11,381 [DEBUG] [MainThread] [systray_widget/utils.py:97]: Destroying window 2099584
2026-02-21 13:20:11,382 [DEBUG] [MainThread] [systray_widget/utils.py:97]: Destroying window 2099584
2026-02-21 13:20:13,410 [INFO] [MainThread] [root/log.py:95]: YASB v1.8.9
2026-02-21 13:20:13,411 [INFO] [CLIPipeServer] [cli_server/cli_server.py:215]: CLI server started v1.1.5
2026-02-21 13:20:13,411 [INFO] [MainThread] [cli_server/cli_server.py:106]: Log pipe server started
2026-02-21 13:20:13,446 [DEBUG] [MainThread] [qasync._windows._EventPoller/_windows.py:215]: Starting (proactor: <_IocpProactor overlapped#=0 result#=0>)...
2026-02-21 13:20:13,447 [DEBUG] [Dummy-3] [qasync._windows._EventWorker/_windows.py:195]: Thread started
2026-02-21 13:20:14,169 [INFO] [MainThread] [root/service.py:52]: AudioOutputService starting...
2026-02-21 13:20:14,723 [INFO] [MainThread] [root/bar_manager.py:88]: Starting SystemEventListener...
2026-02-21 13:20:14,724 [INFO] [MainThread] [root/watcher.py:65]: Watching directory: c:\users\kuuro\.config\yasb
2026-02-21 13:20:14,724 [INFO] [MainThread] [root/watcher.py:104]: Created file watcher
2026-02-21 13:20:14,789 [INFO] [MainThread] [root/update_service.py:429]: Background update checker started
2026-02-21 13:20:15,314 [ERROR] [MainThread] [root/api.py:82]: Weather API invalid JSON response: Expecting value: line 1 column 1 (char 0)
2026-02-21 13:20:15,314 [WARNING] [MainThread] [root/weather.py:610]: Error processing weather data: Weather data is empty.. Retrying fetch in 10 seconds.
2026-02-21 13:20:22,319 [INFO] [CLIPipeServer] [cli_server/cli_server.py:256]: CLI server received command: stop
2026-02-21 13:20:22,319 [INFO] [CLIPipeServer] [root/controller.py:37]: Exiting Application from CLI...
2026-02-21 13:20:22,420 [INFO] [CLIPipeServer] [cli_server/cli_server.py:114]: Log pipe server stopped
2026-02-21 13:20:22,420 [DEBUG] [CLIPipeServer] [cli_server/cli_server.py:209]: CLI server stopped
2026-02-21 13:20:23,059 [DEBUG] [Thread-7] [root/watcher.py:84]: Stylesheet modified: c:\users\kuuro\.config\yasb\styles.css
2026-02-21 13:20:23,434 [DEBUG] [Thread-7] [root/watcher.py:90]: Config file modified: c:\users\kuuro\.config\yasb\config.yaml
2026-02-21 13:20:24,006 [INFO] [MainThread] [root/controller.py:15]: Reloading Application because of config change.
2026-02-21 13:20:24,114 [INFO] [MainThread] [cli_server/cli_server.py:114]: Log pipe server stopped
2026-02-21 13:20:24,114 [DEBUG] [MainThread] [cli_server/cli_server.py:209]: CLI server stopped
2026-02-21 13:20:24,122 [INFO] [MainThread] [root/bar_manager.py:79]: Successfully loaded updated config and re-initialised all bars.
2026-02-21 13:20:24,285 [INFO] [MainThread] [root/log.py:95]: YASB v1.8.9
2026-02-21 13:20:24,286 [INFO] [CLIPipeServer] [cli_server/cli_server.py:215]: CLI server started v1.1.5
2026-02-21 13:20:24,286 [INFO] [MainThread] [cli_server/cli_server.py:106]: Log pipe server started
2026-02-21 13:20:24,286 [ERROR] [MainThread] [root/main.py:75]: Another instance of the YASB is already running.
2026-02-21 13:20:24,364 [INFO] [MainThread] [root/bar_manager.py:104]: Stopping SystemEventListener...
2026-02-21 13:20:24,727 [INFO] [MainThread] [root/log.py:95]: YASB v1.8.9
2026-02-21 13:20:24,728 [INFO] [CLIPipeServer] [cli_server/cli_server.py:215]: CLI server started v1.1.5
2026-02-21 13:20:24,729 [INFO] [MainThread] [cli_server/cli_server.py:106]: Log pipe server started
2026-02-21 13:20:24,767 [DEBUG] [MainThread] [qasync._windows._EventPoller/_windows.py:215]: Starting (proactor: <_IocpProactor overlapped#=0 result#=0>)...
2026-02-21 13:20:24,768 [DEBUG] [Dummy-3] [qasync._windows._EventWorker/_windows.py:195]: Thread started
2026-02-21 13:20:25,576 [INFO] [MainThread] [root/service.py:52]: AudioOutputService starting...
2026-02-21 13:20:26,045 [INFO] [MainThread] [root/bar_manager.py:88]: Starting KomorebiEventListener...
2026-02-21 13:20:26,045 [INFO] [MainThread] [root/bar_manager.py:88]: Starting SystemEventListener...
2026-02-21 13:20:26,046 [INFO] [MainThread] [root/watcher.py:65]: Watching directory: c:\users\kuuro\.config\yasb
2026-02-21 13:20:26,046 [INFO] [MainThread] [root/watcher.py:104]: Created file watcher
2026-02-21 13:20:26,046 [INFO] [Dummy-8] [root/event_listener.py:51]: Created named pipe yasb-6030678f-0f5a-11f1-94a8-505a65e3ecfc
2026-02-21 13:20:26,094 [INFO] [MainThread] [root/update_service.py:429]: Background update checker started
2026-02-21 13:20:26,181 [DEBUG] [MainThread] [systray_widget/systray.py:492]: Loading state from C:\Users\kuuro\AppData\Local\YASB\systray_state_KOCHH24T09P.json
2026-02-21 13:20:26,227 [DEBUG] [SystrayMonitor] [systray_widget/systray.py:57]: Systray thread is starting...
2026-02-21 13:20:26,290 [DEBUG] [MainThread] [systray_widget/systray.py:243]: Systray thread started
2026-02-21 13:20:26,492 [DEBUG] [SystrayMonitor] [systray_widget/systray_monitor.py:168]: Adding TaskbandHWND prop to hwnd 1444886
2026-02-21 13:20:26,497 [DEBUG] [SystrayMonitor] [systray_widget/systray_monitor.py:246]: Finding real tray hwnd
2026-02-21 13:20:26,502 [DEBUG] [MainThread] [systray_widget/systray_monitor.py:160]: Sending TaskbarCreated message: 49348
2026-02-21 13:20:26,662 [INFO] [MainThread] [root/api.py:69]: Fetching new weather data at 2026-02-21 13:20:26.662514
2026-02-21 13:20:38,263 [INFO] [CLIPipeServer] [cli_server/cli_server.py:256]: CLI server received command: stop
2026-02-21 13:20:38,264 [INFO] [CLIPipeServer] [root/controller.py:37]: Exiting Application from CLI...
2026-02-21 13:20:38,379 [INFO] [CLIPipeServer] [cli_server/cli_server.py:114]: Log pipe server stopped
2026-02-21 13:20:38,379 [DEBUG] [CLIPipeServer] [cli_server/cli_server.py:209]: CLI server stopped
2026-02-21 13:20:39,072 [DEBUG] [Thread-6] [root/watcher.py:84]: Stylesheet modified: c:\users\kuuro\.config\yasb\styles.css
2026-02-21 13:20:39,619 [DEBUG] [Thread-6] [root/watcher.py:90]: Config file modified: c:\users\kuuro\.config\yasb\config.yaml
2026-02-21 13:20:40,077 [INFO] [MainThread] [root/controller.py:15]: Reloading Application because of config change.
2026-02-21 13:20:40,181 [INFO] [MainThread] [cli_server/cli_server.py:114]: Log pipe server stopped
2026-02-21 13:20:40,181 [DEBUG] [MainThread] [cli_server/cli_server.py:209]: CLI server stopped
2026-02-21 13:20:40,189 [INFO] [MainThread] [root/bar_manager.py:79]: Successfully loaded updated config and re-initialised all bars.
2026-02-21 13:20:40,423 [INFO] [MainThread] [root/log.py:95]: YASB v1.8.9
2026-02-21 13:20:40,424 [INFO] [CLIPipeServer] [cli_server/cli_server.py:215]: CLI server started v1.1.5
2026-02-21 13:20:40,424 [INFO] [MainThread] [cli_server/cli_server.py:106]: Log pipe server started
2026-02-21 13:20:40,424 [ERROR] [MainThread] [root/main.py:75]: Another instance of the YASB is already running.
2026-02-21 13:20:40,558 [INFO] [MainThread] [root/bar_manager.py:104]: Stopping KomorebiEventListener...
2026-02-21 13:20:40,558 [INFO] [MainThread] [root/bar_manager.py:104]: Stopping SystemEventListener...
2026-02-21 13:20:40,560 [DEBUG] [MainThread] [systray_widget/systray.py:470]: Saving state to disk
2026-02-21 13:20:40,561 [DEBUG] [MainThread] [systray_widget/systray.py:474]: Saving state to C:\Users\kuuro\AppData\Local\YASB\systray_state_KOCHH24T09P.json
2026-02-21 13:20:40,562 [DEBUG] [MainThread] [systray_widget/utils.py:97]: Destroying window 1444886
2026-02-21 13:20:40,562 [DEBUG] [MainThread] [systray_widget/utils.py:97]: Destroying window 1444886
2026-02-21 13:20:40,771 [INFO] [MainThread] [root/log.py:95]: YASB v1.8.9
2026-02-21 13:20:40,772 [INFO] [CLIPipeServer] [cli_server/cli_server.py:215]: CLI server started v1.1.5
2026-02-21 13:20:40,772 [INFO] [MainThread] [cli_server/cli_server.py:106]: Log pipe server started
2026-02-21 13:20:40,812 [DEBUG] [MainThread] [qasync._windows._EventPoller/_windows.py:215]: Starting (proactor: <_IocpProactor overlapped#=0 result#=0>)...
2026-02-21 13:20:40,813 [DEBUG] [Dummy-3] [qasync._windows._EventWorker/_windows.py:195]: Thread started
2026-02-21 13:20:41,810 [INFO] [MainThread] [root/service.py:52]: AudioOutputService starting...
2026-02-21 13:20:42,312 [INFO] [MainThread] [root/bar_manager.py:88]: Starting SystemEventListener...
2026-02-21 13:20:42,312 [INFO] [MainThread] [root/bar_manager.py:88]: Starting WindowsNotificationEventListener...
2026-02-21 13:20:42,313 [INFO] [MainThread] [root/watcher.py:65]: Watching directory: c:\users\kuuro\.config\yasb
2026-02-21 13:20:42,314 [INFO] [MainThread] [root/watcher.py:104]: Created file watcher
2026-02-21 13:20:42,366 [INFO] [MainThread] [root/update_service.py:429]: Background update checker started
2026-02-21 13:20:42,374 [DEBUG] [MainThread] [systray_widget/systray.py:492]: Loading state from C:\Users\kuuro\AppData\Local\YASB\systray_state_KOCHH24T09P.json
2026-02-21 13:20:42,376 [DEBUG] [SystrayMonitor] [systray_widget/systray.py:57]: Systray thread is starting...
2026-02-21 13:20:42,478 [DEBUG] [MainThread] [systray_widget/systray.py:243]: Systray thread started
2026-02-21 13:20:42,680 [DEBUG] [SystrayMonitor] [systray_widget/systray_monitor.py:168]: Adding TaskbandHWND prop to hwnd 1182772
2026-02-21 13:20:42,684 [DEBUG] [SystrayMonitor] [systray_widget/systray_monitor.py:246]: Finding real tray hwnd
2026-02-21 13:20:42,690 [DEBUG] [MainThread] [systray_widget/systray_monitor.py:160]: Sending TaskbarCreated message: 49348
2026-02-21 13:20:42,903 [INFO] [MainThread] [root/api.py:69]: Fetching new weather data at 2026-02-21 13:20:42.903797
2026-02-21 13:20:55,920 [INFO] [CLIPipeServer] [cli_server/cli_server.py:256]: CLI server received command: stop
2026-02-21 13:20:55,920 [INFO] [CLIPipeServer] [root/controller.py:37]: Exiting Application from CLI...
2026-02-21 13:20:56,024 [INFO] [CLIPipeServer] [cli_server/cli_server.py:114]: Log pipe server stopped
2026-02-21 13:20:56,024 [DEBUG] [CLIPipeServer] [cli_server/cli_server.py:209]: CLI server stopped
2026-02-21 13:20:57,041 [DEBUG] [Thread-6] [root/watcher.py:84]: Stylesheet modified: c:\users\kuuro\.config\yasb\styles.css
2026-02-21 13:20:57,613 [DEBUG] [Thread-6] [root/watcher.py:90]: Config file modified: c:\users\kuuro\.config\yasb\config.yaml
2026-02-21 13:20:58,112 [INFO] [MainThread] [root/controller.py:15]: Reloading Application because of config change.
2026-02-21 13:20:58,223 [INFO] [MainThread] [cli_server/cli_server.py:114]: Log pipe server stopped
2026-02-21 13:20:58,223 [DEBUG] [MainThread] [cli_server/cli_server.py:209]: CLI server stopped
2026-02-21 13:20:58,232 [INFO] [MainThread] [root/bar_manager.py:79]: Successfully loaded updated config and re-initialised all bars.
2026-02-21 13:20:58,447 [INFO] [MainThread] [root/log.py:95]: YASB v1.8.9
2026-02-21 13:20:58,448 [INFO] [CLIPipeServer] [cli_server/cli_server.py:215]: CLI server started v1.1.5
2026-02-21 13:20:58,449 [INFO] [MainThread] [cli_server/cli_server.py:106]: Log pipe server started
2026-02-21 13:20:58,449 [ERROR] [MainThread] [root/main.py:75]: Another instance of the YASB is already running.
2026-02-21 13:20:58,476 [INFO] [MainThread] [root/bar_manager.py:104]: Stopping SystemEventListener...
2026-02-21 13:20:58,477 [INFO] [MainThread] [root/bar_manager.py:104]: Stopping WindowsNotificationEventListener...
2026-02-21 13:20:58,478 [DEBUG] [MainThread] [systray_widget/systray.py:470]: Saving state to disk
2026-02-21 13:20:58,479 [DEBUG] [MainThread] [systray_widget/systray.py:474]: Saving state to C:\Users\kuuro\AppData\Local\YASB\systray_state_KOCHH24T09P.json
2026-02-21 13:20:58,480 [DEBUG] [MainThread] [systray_widget/utils.py:97]: Destroying window 1182772
2026-02-21 13:20:58,482 [DEBUG] [MainThread] [systray_widget/utils.py:97]: Destroying window 1182772
2026-02-21 13:20:58,848 [INFO] [MainThread] [root/log.py:95]: YASB v1.8.9
2026-02-21 13:20:58,848 [INFO] [CLIPipeServer] [cli_server/cli_server.py:215]: CLI server started v1.1.5
2026-02-21 13:20:58,849 [INFO] [MainThread] [cli_server/cli_server.py:106]: Log pipe server started
2026-02-21 13:20:58,889 [DEBUG] [MainThread] [qasync._windows._EventPoller/_windows.py:215]: Starting (proactor: <_IocpProactor overlapped#=0 result#=0>)...
2026-02-21 13:20:58,890 [DEBUG] [Dummy-3] [qasync._windows._EventWorker/_windows.py:195]: Thread started
2026-02-21 13:20:59,160 [INFO] [MainThread] [root/service.py:52]: AudioOutputService starting...
2026-02-21 13:20:59,992 [INFO] [MainThread] [root/bar_manager.py:88]: Starting SystemEventListener...
2026-02-21 13:20:59,993 [INFO] [MainThread] [root/bar_manager.py:88]: Starting KomorebiEventListener...
2026-02-21 13:20:59,994 [INFO] [MainThread] [root/watcher.py:65]: Watching directory: c:\users\kuuro\.config\yasb
2026-02-21 13:20:59,994 [INFO] [MainThread] [root/watcher.py:104]: Created file watcher
2026-02-21 13:20:59,994 [INFO] [Dummy-7] [root/event_listener.py:51]: Created named pipe yasb-746c76d9-0f5a-11f1-acd7-505a65e3ecfc
2026-02-21 13:21:00,046 [INFO] [MainThread] [root/update_service.py:429]: Background update checker started
2026-02-21 13:21:00,392 [INFO] [MainThread] [root/api.py:69]: Fetching new weather data at 2026-02-21 13:21:00.392639
2026-02-21 13:21:08,591 [INFO] [CLIPipeServer] [cli_server/cli_server.py:256]: CLI server received command: stop
2026-02-21 13:21:08,591 [INFO] [CLIPipeServer] [root/controller.py:37]: Exiting Application from CLI...
2026-02-21 13:21:08,702 [INFO] [CLIPipeServer] [cli_server/cli_server.py:114]: Log pipe server stopped
2026-02-21 13:21:08,703 [DEBUG] [CLIPipeServer] [cli_server/cli_server.py:209]: CLI server stopped
2026-02-21 13:21:09,310 [DEBUG] [Thread-5] [root/watcher.py:84]: Stylesheet modified: c:\users\kuuro\.config\yasb\styles.css
2026-02-21 13:21:09,763 [DEBUG] [Thread-5] [root/watcher.py:90]: Config file modified: c:\users\kuuro\.config\yasb\config.yaml
2026-02-21 13:21:10,171 [INFO] [MainThread] [root/controller.py:15]: Reloading Application because of config change.
2026-02-21 13:21:10,287 [INFO] [MainThread] [cli_server/cli_server.py:114]: Log pipe server stopped
2026-02-21 13:21:10,287 [DEBUG] [MainThread] [cli_server/cli_server.py:209]: CLI server stopped
2026-02-21 13:21:10,294 [INFO] [MainThread] [root/bar_manager.py:79]: Successfully loaded updated config and re-initialised all bars.
2026-02-21 13:21:10,454 [INFO] [MainThread] [root/bar_manager.py:104]: Stopping SystemEventListener...
2026-02-21 13:21:10,454 [INFO] [MainThread] [root/bar_manager.py:104]: Stopping KomorebiEventListener...
2026-02-21 13:21:10,664 [INFO] [MainThread] [root/log.py:95]: YASB v1.8.9
2026-02-21 13:21:10,665 [INFO] [CLIPipeServer] [cli_server/cli_server.py:215]: CLI server started v1.1.5
2026-02-21 13:21:10,665 [INFO] [MainThread] [cli_server/cli_server.py:106]: Log pipe server started
2026-02-21 13:21:10,665 [ERROR] [MainThread] [root/main.py:75]: Another instance of the YASB is already running.
2026-02-21 13:21:10,885 [INFO] [MainThread] [root/log.py:95]: YASB v1.8.9
2026-02-21 13:21:10,885 [INFO] [CLIPipeServer] [cli_server/cli_server.py:215]: CLI server started v1.1.5
2026-02-21 13:21:10,885 [INFO] [MainThread] [cli_server/cli_server.py:106]: Log pipe server started
2026-02-21 13:21:10,926 [DEBUG] [MainThread] [qasync._windows._EventPoller/_windows.py:215]: Starting (proactor: <_IocpProactor overlapped#=0 result#=0>)...
2026-02-21 13:21:10,927 [DEBUG] [Dummy-3] [qasync._windows._EventWorker/_windows.py:195]: Thread started
2026-02-21 13:21:11,678 [INFO] [MainThread] [root/service.py:52]: AudioOutputService starting...
2026-02-21 13:21:12,313 [INFO] [MainThread] [core.utils.widgets.taskbar.window_manager/window_manager.py:191]: TaskbarWindowManager is starting...
2026-02-21 13:21:12,317 [INFO] [MainThread] [root/bar_manager.py:88]: Starting KomorebiEventListener...
2026-02-21 13:21:12,317 [INFO] [MainThread] [root/bar_manager.py:88]: Starting SystemEventListener...
2026-02-21 13:21:12,318 [INFO] [MainThread] [root/watcher.py:65]: Watching directory: c:\users\kuuro\.config\yasb
2026-02-21 13:21:12,318 [INFO] [MainThread] [root/watcher.py:104]: Created file watcher
2026-02-21 13:21:12,318 [INFO] [Dummy-7] [root/event_listener.py:51]: Created named pipe yasb-7bc4f1a9-0f5a-11f1-85f4-505a65e3ecfc
2026-02-21 13:21:12,368 [INFO] [MainThread] [root/update_service.py:429]: Background update checker started
2026-02-21 13:21:12,713 [INFO] [MainThread] [root/api.py:69]: Fetching new weather data at 2026-02-21 13:21:12.713681
2026-02-21 13:21:21,100 [INFO] [CLIPipeServer] [cli_server/cli_server.py:256]: CLI server received command: stop
2026-02-21 13:21:21,100 [INFO] [CLIPipeServer] [root/controller.py:37]: Exiting Application from CLI...
2026-02-21 13:21:21,204 [INFO] [CLIPipeServer] [cli_server/cli_server.py:114]: Log pipe server stopped
2026-02-21 13:21:21,204 [DEBUG] [CLIPipeServer] [cli_server/cli_server.py:209]: CLI server stopped
2026-02-21 13:21:22,247 [DEBUG] [Thread-5] [root/watcher.py:84]: Stylesheet modified: c:\users\kuuro\.config\yasb\styles.css
2026-02-21 13:21:22,824 [DEBUG] [Thread-5] [root/watcher.py:90]: Config file modified: c:\users\kuuro\.config\yasb\config.yaml
2026-02-21 13:21:23,264 [INFO] [MainThread] [root/controller.py:15]: Reloading Application because of config change.
2026-02-21 13:21:23,364 [INFO] [MainThread] [cli_server/cli_server.py:114]: Log pipe server stopped
2026-02-21 13:21:23,365 [DEBUG] [MainThread] [cli_server/cli_server.py:209]: CLI server stopped
2026-02-21 13:21:23,373 [INFO] [MainThread] [root/bar_manager.py:79]: Successfully loaded updated config and re-initialised all bars.
2026-02-21 13:21:23,631 [INFO] [MainThread] [root/log.py:95]: YASB v1.8.9
2026-02-21 13:21:23,631 [INFO] [CLIPipeServer] [cli_server/cli_server.py:215]: CLI server started v1.1.5
2026-02-21 13:21:23,632 [INFO] [MainThread] [cli_server/cli_server.py:106]: Log pipe server started
2026-02-21 13:21:23,632 [ERROR] [MainThread] [root/main.py:75]: Another instance of the YASB is already running.
2026-02-21 13:21:23,673 [INFO] [MainThread] [root/bar_manager.py:104]: Stopping KomorebiEventListener...
2026-02-21 13:21:23,674 [INFO] [MainThread] [root/bar_manager.py:104]: Stopping SystemEventListener...
2026-02-21 13:21:23,676 [INFO] [MainThread] [core.utils.widgets.taskbar.window_manager/window_manager.py:218]: TaskbarWindowManager stopped
2026-02-21 13:21:23,938 [INFO] [MainThread] [root/log.py:95]: YASB v1.8.9
2026-02-21 13:21:23,939 [INFO] [CLIPipeServer] [cli_server/cli_server.py:215]: CLI server started v1.1.5
2026-02-21 13:21:23,940 [INFO] [MainThread] [cli_server/cli_server.py:106]: Log pipe server started
2026-02-21 13:21:23,940 [INFO] [MainThread] [root/main.py:46]: Waiting for previous YASB instance to exit...
2026-02-21 13:21:24,191 [INFO] [MainThread] [root/main.py:72]: Previous instance exited, continuing startup.
2026-02-21 13:21:24,234 [DEBUG] [MainThread] [qasync._windows._EventPoller/_windows.py:215]: Starting (proactor: <_IocpProactor overlapped#=0 result#=0>)...
2026-02-21 13:21:24,235 [DEBUG] [Dummy-3] [qasync._windows._EventWorker/_windows.py:195]: Thread started
2026-02-21 13:21:24,886 [INFO] [MainThread] [root/api.py:60]: GitHubDataManager started...
2026-02-21 13:21:24,989 [INFO] [MainThread] [root/service.py:52]: AudioOutputService starting...
2026-02-21 13:21:25,634 [INFO] [MainThread] [core.utils.widgets.taskbar.window_manager/window_manager.py:191]: TaskbarWindowManager is starting...
2026-02-21 13:21:25,637 [INFO] [MainThread] [root/bar_manager.py:88]: Starting SystemEventListener...
2026-02-21 13:21:25,637 [INFO] [MainThread] [root/bar_manager.py:88]: Starting KomorebiEventListener...
2026-02-21 13:21:25,639 [INFO] [MainThread] [root/watcher.py:65]: Watching directory: c:\users\kuuro\.config\yasb
2026-02-21 13:21:25,640 [INFO] [MainThread] [root/watcher.py:104]: Created file watcher
2026-02-21 13:21:25,640 [INFO] [Dummy-7] [root/event_listener.py:51]: Created named pipe yasb-83b58752-0f5a-11f1-b911-505a65e3ecfc
2026-02-21 13:21:25,692 [INFO] [MainThread] [root/update_service.py:429]: Background update checker started
2026-02-21 13:21:26,078 [ERROR] [MainThread] [root/api.py:82]: Weather API invalid JSON response: Expecting value: line 1 column 1 (char 0)
2026-02-21 13:21:26,078 [WARNING] [MainThread] [root/weather.py:610]: Error processing weather data: Weather data is empty.. Retrying fetch in 10 seconds.
2026-02-21 13:21:34,622 [INFO] [CLIPipeServer] [cli_server/cli_server.py:256]: CLI server received command: stop
2026-02-21 13:21:34,622 [INFO] [CLIPipeServer] [root/controller.py:37]: Exiting Application from CLI...
2026-02-21 13:21:34,734 [INFO] [CLIPipeServer] [cli_server/cli_server.py:114]: Log pipe server stopped
2026-02-21 13:21:34,735 [DEBUG] [CLIPipeServer] [cli_server/cli_server.py:209]: CLI server stopped
2026-02-21 13:21:35,399 [DEBUG] [Thread-5] [root/watcher.py:84]: Stylesheet modified: c:\users\kuuro\.config\yasb\styles.css
2026-02-21 13:21:35,750 [DEBUG] [Thread-5] [root/watcher.py:90]: Config file modified: c:\users\kuuro\.config\yasb\config.yaml
2026-02-21 13:21:36,171 [INFO] [MainThread] [root/controller.py:15]: Reloading Application because of config change.
2026-02-21 13:21:36,273 [INFO] [MainThread] [cli_server/cli_server.py:114]: Log pipe server stopped
2026-02-21 13:21:36,273 [DEBUG] [MainThread] [cli_server/cli_server.py:209]: CLI server stopped
2026-02-21 13:21:36,281 [INFO] [MainThread] [root/bar_manager.py:79]: Successfully loaded updated config and re-initialised all bars.
2026-02-21 13:21:36,463 [ERROR] [MainThread] [root/api.py:82]: Weather API invalid JSON response: Expecting value: line 1 column 1 (char 0)
2026-02-21 13:21:36,464 [WARNING] [MainThread] [root/weather.py:610]: Error processing weather data: Weather data is empty.. Retrying fetch in 10 seconds.
2026-02-21 13:21:36,564 [INFO] [MainThread] [root/bar_manager.py:104]: Stopping SystemEventListener...
2026-02-21 13:21:36,565 [INFO] [MainThread] [root/bar_manager.py:104]: Stopping KomorebiEventListener...
2026-02-21 13:21:36,566 [INFO] [MainThread] [core.utils.widgets.taskbar.window_manager/window_manager.py:218]: TaskbarWindowManager stopped
2026-02-21 13:21:36,588 [INFO] [MainThread] [root/log.py:95]: YASB v1.8.9
2026-02-21 13:21:36,589 [INFO] [CLIPipeServer] [cli_server/cli_server.py:215]: CLI server started v1.1.5
2026-02-21 13:21:36,589 [INFO] [MainThread] [cli_server/cli_server.py:106]: Log pipe server started
2026-02-21 13:21:36,589 [ERROR] [MainThread] [root/main.py:75]: Another instance of the YASB is already running.
2026-02-21 13:21:36,921 [INFO] [MainThread] [root/log.py:95]: YASB v1.8.9
2026-02-21 13:21:36,922 [INFO] [CLIPipeServer] [cli_server/cli_server.py:215]: CLI server started v1.1.5
2026-02-21 13:21:36,922 [INFO] [MainThread] [cli_server/cli_server.py:106]: Log pipe server started
2026-02-21 13:21:36,966 [DEBUG] [MainThread] [qasync._windows._EventPoller/_windows.py:215]: Starting (proactor: <_IocpProactor overlapped#=0 result#=0>)...
2026-02-21 13:21:36,967 [DEBUG] [Dummy-3] [qasync._windows._EventWorker/_windows.py:195]: Thread started
2026-02-21 13:21:38,008 [INFO] [MainThread] [root/bar_manager.py:88]: Starting KomorebiEventListener...
2026-02-21 13:21:38,009 [INFO] [MainThread] [root/watcher.py:65]: Watching directory: c:\users\kuuro\.config\yasb
2026-02-21 13:21:38,010 [INFO] [MainThread] [root/watcher.py:104]: Created file watcher
2026-02-21 13:21:38,010 [INFO] [Dummy-6] [root/event_listener.py:51]: Created named pipe yasb-8b15190a-0f5a-11f1-8e7e-505a65e3ecfc
2026-02-21 13:21:38,062 [INFO] [MainThread] [root/update_service.py:429]: Background update checker started
2026-02-21 13:21:38,732 [INFO] [MainThread] [root/api.py:69]: Fetching new weather data at 2026-02-21 13:21:38.732260
2026-02-21 13:21:46,601 [INFO] [CLIPipeServer] [cli_server/cli_server.py:256]: CLI server received command: stop
2026-02-21 13:21:46,601 [INFO] [CLIPipeServer] [root/controller.py:37]: Exiting Application from CLI...
2026-02-21 13:21:46,710 [INFO] [CLIPipeServer] [cli_server/cli_server.py:114]: Log pipe server stopped
2026-02-21 13:21:46,710 [DEBUG] [CLIPipeServer] [cli_server/cli_server.py:209]: CLI server stopped
2026-02-21 13:21:46,804 [INFO] [MainThread] [root/bar_manager.py:104]: Stopping KomorebiEventListener...
2026-02-21 13:21:48,813 [INFO] [MainThread] [root/log.py:95]: YASB v1.8.9
2026-02-21 13:21:48,813 [INFO] [CLIPipeServer] [cli_server/cli_server.py:215]: CLI server started v1.1.5
2026-02-21 13:21:48,813 [INFO] [MainThread] [cli_server/cli_server.py:106]: Log pipe server started
2026-02-21 13:21:48,852 [DEBUG] [MainThread] [qasync._windows._EventPoller/_windows.py:215]: Starting (proactor: <_IocpProactor overlapped#=0 result#=0>)...
2026-02-21 13:21:48,853 [DEBUG] [Dummy-3] [qasync._windows._EventWorker/_windows.py:195]: Thread started
2026-02-21 13:21:49,496 [INFO] [MainThread] [root/service.py:52]: AudioOutputService starting...
2026-02-21 13:21:49,872 [INFO] [MainThread] [root/bar_manager.py:88]: Starting SystemEventListener...
2026-02-21 13:21:49,872 [INFO] [MainThread] [root/bar_manager.py:88]: Starting KomorebiEventListener...
2026-02-21 13:21:49,873 [INFO] [MainThread] [root/watcher.py:65]: Watching directory: c:\users\kuuro\.config\yasb
2026-02-21 13:21:49,873 [INFO] [MainThread] [root/watcher.py:104]: Created file watcher
2026-02-21 13:21:49,874 [INFO] [Dummy-7] [root/event_listener.py:51]: Created named pipe yasb-92277a8e-0f5a-11f1-a7b5-505a65e3ecfc
2026-02-21 13:21:49,920 [INFO] [MainThread] [root/update_service.py:429]: Background update checker started
2026-02-21 13:21:50,400 [INFO] [MainThread] [root/api.py:69]: Fetching new weather data at 2026-02-21 13:21:50.400791
2026-02-21 13:22:09,293 [INFO] [CLIPipeServer] [cli_server/cli_server.py:256]: CLI server received command: stop
2026-02-21 13:22:09,293 [INFO] [CLIPipeServer] [root/controller.py:37]: Exiting Application from CLI...
2026-02-21 13:22:09,399 [INFO] [CLIPipeServer] [cli_server/cli_server.py:114]: Log pipe server stopped
2026-02-21 13:22:09,399 [DEBUG] [CLIPipeServer] [cli_server/cli_server.py:209]: CLI server stopped
2026-02-21 13:22:09,486 [INFO] [MainThread] [root/bar_manager.py:104]: Stopping SystemEventListener...
2026-02-21 13:22:09,487 [INFO] [MainThread] [root/bar_manager.py:104]: Stopping KomorebiEventListener...
2026-02-21 13:22:11,714 [INFO] [MainThread] [root/log.py:95]: YASB v1.8.9
2026-02-21 13:22:11,715 [INFO] [CLIPipeServer] [cli_server/cli_server.py:215]: CLI server started v1.1.5
2026-02-21 13:22:11,715 [INFO] [MainThread] [cli_server/cli_server.py:106]: Log pipe server started
2026-02-21 13:22:11,752 [DEBUG] [MainThread] [qasync._windows._EventPoller/_windows.py:215]: Starting (proactor: <_IocpProactor overlapped#=0 result#=0>)...
2026-02-21 13:22:11,753 [DEBUG] [Dummy-3] [qasync._windows._EventWorker/_windows.py:195]: Thread started
2026-02-21 13:22:11,865 [DEBUG] [MainThread] [pyvda.build/build.py:53]: Starting feature detection...
2026-02-21 13:22:11,865 [DEBUG] [MainThread] [pyvda.build/build.py:57]: Feature detection complete. Windows version is over 26100
2026-02-21 13:22:12,459 [INFO] [MainThread] [root/service.py:52]: AudioOutputService starting...
2026-02-21 13:22:12,504 [INFO] [MainThread] [root/service.py:41]: AudioInputService starting...
2026-02-21 13:22:13,569 [INFO] [MainThread] [core.utils.widgets.taskbar.window_manager/window_manager.py:191]: TaskbarWindowManager is starting...
2026-02-21 13:22:13,575 [INFO] [MainThread] [root/watcher.py:65]: Watching directory: c:\users\kuuro\.config\yasb
2026-02-21 13:22:13,576 [INFO] [MainThread] [root/watcher.py:104]: Created file watcher
2026-02-21 13:22:13,630 [INFO] [MainThread] [root/update_service.py:429]: Background update checker started
2026-02-21 13:23:12,137 [INFO] [CLIPipeServer] [cli_server/cli_server.py:256]: CLI server received command: stop
2026-02-21 13:23:12,137 [INFO] [CLIPipeServer] [root/controller.py:37]: Exiting Application from CLI...
2026-02-21 13:23:12,246 [INFO] [CLIPipeServer] [cli_server/cli_server.py:114]: Log pipe server stopped
2026-02-21 13:23:12,246 [DEBUG] [CLIPipeServer] [cli_server/cli_server.py:209]: CLI server stopped
2026-02-21 13:23:12,367 [INFO] [MainThread] [core.utils.widgets.taskbar.window_manager/window_manager.py:218]: TaskbarWindowManager stopped
2026-02-21 13:23:14,418 [INFO] [MainThread] [root/log.py:95]: YASB v1.8.9
2026-02-21 13:23:14,419 [INFO] [CLIPipeServer] [cli_server/cli_server.py:215]: CLI server started v1.1.5
2026-02-21 13:23:14,419 [INFO] [MainThread] [cli_server/cli_server.py:106]: Log pipe server started
2026-02-21 13:23:14,461 [DEBUG] [MainThread] [qasync._windows._EventPoller/_windows.py:215]: Starting (proactor: <_IocpProactor overlapped#=0 result#=0>)...
2026-02-21 13:23:14,462 [DEBUG] [Dummy-3] [qasync._windows._EventWorker/_windows.py:195]: Thread started
2026-02-21 13:23:15,172 [INFO] [MainThread] [root/service.py:52]: AudioOutputService starting...
2026-02-21 13:23:15,895 [INFO] [MainThread] [core.utils.widgets.taskbar.window_manager/window_manager.py:191]: TaskbarWindowManager is starting...
2026-02-21 13:23:15,901 [INFO] [MainThread] [root/bar_manager.py:88]: Starting WindowsNotificationEventListener...
2026-02-21 13:23:15,905 [INFO] [MainThread] [root/watcher.py:65]: Watching directory: c:\users\kuuro\.config\yasb
2026-02-21 13:23:15,905 [INFO] [MainThread] [root/watcher.py:104]: Created file watcher
2026-02-21 13:23:15,964 [INFO] [MainThread] [root/update_service.py:429]: Background update checker started
2026-02-21 13:23:16,163 [DEBUG] [MainThread] [systray_widget/systray.py:492]: Loading state from C:\Users\kuuro\AppData\Local\YASB\systray_state_KOCHH24T09P.json
2026-02-21 13:23:16,165 [DEBUG] [SystrayMonitor] [systray_widget/systray.py:57]: Systray thread is starting...
2026-02-21 13:23:16,189 [DEBUG] [MainThread] [systray_widget/systray.py:243]: Systray thread started
2026-02-21 13:23:16,391 [DEBUG] [SystrayMonitor] [systray_widget/systray_monitor.py:168]: Adding TaskbandHWND prop to hwnd 2165816
2026-02-21 13:23:16,395 [DEBUG] [SystrayMonitor] [systray_widget/systray_monitor.py:246]: Finding real tray hwnd
2026-02-21 13:23:16,401 [DEBUG] [MainThread] [systray_widget/systray_monitor.py:160]: Sending TaskbarCreated message: 49348
2026-02-21 13:23:16,713 [INFO] [MainThread] [root/api.py:69]: Fetching new weather data at 2026-02-21 13:23:16.713171
2026-02-21 13:28:56,190 [INFO] [MainThread] [root/controller.py:37]: Exiting Application from context menu...
2026-02-21 13:28:56,293 [INFO] [MainThread] [cli_server/cli_server.py:114]: Log pipe server stopped
2026-02-21 13:28:56,293 [DEBUG] [MainThread] [cli_server/cli_server.py:209]: CLI server stopped
2026-02-21 13:28:56,395 [INFO] [MainThread] [root/bar_manager.py:104]: Stopping WindowsNotificationEventListener...
2026-02-21 13:28:56,396 [INFO] [MainThread] [core.utils.widgets.taskbar.window_manager/window_manager.py:218]: TaskbarWindowManager stopped
2026-02-21 13:28:56,399 [DEBUG] [MainThread] [systray_widget/systray.py:470]: Saving state to disk
2026-02-21 13:28:56,399 [DEBUG] [MainThread] [systray_widget/systray.py:474]: Saving state to C:\Users\kuuro\AppData\Local\YASB\systray_state_KOCHH24T09P.json
2026-02-21 13:28:56,400 [DEBUG] [MainThread] [systray_widget/utils.py:97]: Destroying window 2165816
2026-02-21 13:28:56,402 [DEBUG] [MainThread] [systray_widget/utils.py:97]: Destroying window 2165816
2026-02-21 15:41:16,029 [INFO] [MainThread] [root/log.py:95]: YASB v1.8.9
2026-02-21 15:41:16,031 [INFO] [CLIPipeServer] [cli_server/cli_server.py:215]: CLI server started v1.1.5
2026-02-21 15:41:16,031 [INFO] [MainThread] [cli_server/cli_server.py:106]: Log pipe server started
2026-02-21 15:41:16,224 [DEBUG] [MainThread] [qasync._windows._EventPoller/_windows.py:215]: Starting (proactor: <_IocpProactor overlapped#=0 result#=0>)...
2026-02-21 15:41:16,227 [DEBUG] [Dummy-3] [qasync._windows._EventWorker/_windows.py:195]: Thread started
2026-02-21 15:41:17,634 [INFO] [MainThread] [root/service.py:52]: AudioOutputService starting...
2026-02-21 15:41:18,452 [INFO] [MainThread] [core.utils.widgets.taskbar.window_manager/window_manager.py:191]: TaskbarWindowManager is starting...
2026-02-21 15:41:18,456 [INFO] [MainThread] [root/bar_manager.py:88]: Starting WindowsNotificationEventListener...
2026-02-21 15:41:18,459 [INFO] [MainThread] [root/watcher.py:65]: Watching directory: c:\users\kuuro\.config\yasb
2026-02-21 15:41:18,460 [INFO] [MainThread] [root/watcher.py:104]: Created file watcher
2026-02-21 15:41:18,841 [INFO] [MainThread] [root/update_service.py:429]: Background update checker started
2026-02-21 15:41:19,094 [DEBUG] [MainThread] [systray_widget/systray.py:492]: Loading state from C:\Users\kuuro\AppData\Local\YASB\systray_state_KOCHH24T09P.json
2026-02-21 15:41:19,107 [DEBUG] [SystrayMonitor] [systray_widget/systray.py:57]: Systray thread is starting...
2026-02-21 15:41:19,127 [DEBUG] [MainThread] [systray_widget/systray.py:243]: Systray thread started
2026-02-21 15:41:19,328 [DEBUG] [SystrayMonitor] [systray_widget/systray_monitor.py:168]: Adding TaskbandHWND prop to hwnd 787416
2026-02-21 15:41:19,332 [DEBUG] [SystrayMonitor] [systray_widget/systray_monitor.py:246]: Finding real tray hwnd
2026-02-21 15:41:19,336 [DEBUG] [MainThread] [systray_widget/systray_monitor.py:160]: Sending TaskbarCreated message: 49366
2026-02-21 15:41:19,392 [INFO] [MainThread] [root/api.py:69]: Fetching new weather data at 2026-02-21 15:41:19.392340
2026-02-21 15:51:17,887 [INFO] [MainThread] [root/api.py:69]: Fetching new weather data at 2026-02-21 15:51:17.886936
2026-02-21 16:01:17,732 [INFO] [MainThread] [root/api.py:69]: Fetching new weather data at 2026-02-21 16:01:17.732136
2026-02-21 16:11:17,927 [INFO] [MainThread] [root/api.py:69]: Fetching new weather data at 2026-02-21 16:11:17.926944
2026-02-21 16:21:17,874 [INFO] [MainThread] [root/api.py:69]: Fetching new weather data at 2026-02-21 16:21:17.874328
2026-02-21 16:31:17,756 [INFO] [MainThread] [root/api.py:69]: Fetching new weather data at 2026-02-21 16:31:17.756179
2026-02-21 16:41:17,643 [INFO] [MainThread] [root/api.py:69]: Fetching new weather data at 2026-02-21 16:41:17.643013
2026-02-21 16:51:18,121 [INFO] [MainThread] [root/api.py:69]: Fetching new weather data at 2026-02-21 16:51:18.121593
2026-02-21 17:01:17,978 [INFO] [MainThread] [root/api.py:69]: Fetching new weather data at 2026-02-21 17:01:17.978039
2026-02-21 17:11:17,919 [INFO] [MainThread] [root/api.py:69]: Fetching new weather data at 2026-02-21 17:11:17.919280
2026-02-21 17:21:17,665 [INFO] [MainThread] [root/api.py:69]: Fetching new weather data at 2026-02-21 17:21:17.665129
2026-02-21 17:31:18,996 [INFO] [MainThread] [root/api.py:69]: Fetching new weather data at 2026-02-21 17:31:18.996909
2026-02-21 17:41:17,840 [INFO] [MainThread] [root/api.py:69]: Fetching new weather data at 2026-02-21 17:41:17.840412
2026-02-21 17:51:17,716 [INFO] [MainThread] [root/api.py:69]: Fetching new weather data at 2026-02-21 17:51:17.716278
2026-02-21 18:01:17,849 [INFO] [MainThread] [root/api.py:69]: Fetching new weather data at 2026-02-21 18:01:17.849435
2026-02-21 18:05:48,974 [INFO] [MainThread] [root/controller.py:37]: Exiting Application from tray...
2026-02-21 18:05:49,088 [INFO] [MainThread] [cli_server/cli_server.py:114]: Log pipe server stopped
2026-02-21 18:05:49,088 [DEBUG] [MainThread] [cli_server/cli_server.py:209]: CLI server stopped
2026-02-21 18:05:49,317 [INFO] [MainThread] [root/bar_manager.py:104]: Stopping WindowsNotificationEventListener...
2026-02-21 18:05:49,321 [INFO] [MainThread] [core.utils.widgets.taskbar.window_manager/window_manager.py:218]: TaskbarWindowManager stopped
2026-02-21 18:05:49,326 [DEBUG] [MainThread] [systray_widget/systray.py:470]: Saving state to disk
2026-02-21 18:05:49,327 [DEBUG] [MainThread] [systray_widget/systray.py:474]: Saving state to C:\Users\kuuro\AppData\Local\YASB\systray_state_KOCHH24T09P.json
2026-02-21 18:05:49,350 [DEBUG] [MainThread] [systray_widget/utils.py:97]: Destroying window 787416
2026-02-21 18:05:49,353 [DEBUG] [MainThread] [systray_widget/utils.py:97]: Destroying window 787416
2026-02-21 18:06:03,930 [INFO] [MainThread] [root/log.py:95]: YASB v1.8.9
2026-02-21 18:06:03,931 [INFO] [CLIPipeServer] [cli_server/cli_server.py:215]: CLI server started v1.1.5
2026-02-21 18:06:03,932 [INFO] [MainThread] [cli_server/cli_server.py:106]: Log pipe server started
2026-02-21 18:06:04,203 [DEBUG] [MainThread] [qasync._windows._EventPoller/_windows.py:215]: Starting (proactor: <_IocpProactor overlapped#=0 result#=0>)...
2026-02-21 18:06:04,206 [DEBUG] [Dummy-3] [qasync._windows._EventWorker/_windows.py:195]: Thread started
2026-02-21 18:06:06,003 [INFO] [MainThread] [root/service.py:52]: AudioOutputService starting...
2026-02-21 18:06:07,294 [INFO] [MainThread] [core.utils.widgets.taskbar.window_manager/window_manager.py:191]: TaskbarWindowManager is starting...
2026-02-21 18:06:07,299 [INFO] [MainThread] [root/bar_manager.py:88]: Starting WindowsNotificationEventListener...
2026-02-21 18:06:07,303 [INFO] [MainThread] [root/watcher.py:65]: Watching directory: c:\users\kuuro\.config\yasb
2026-02-21 18:06:07,303 [INFO] [MainThread] [root/watcher.py:104]: Created file watcher
2026-02-21 18:06:07,828 [INFO] [MainThread] [root/update_service.py:429]: Background update checker started
2026-02-21 18:06:08,200 [DEBUG] [MainThread] [systray_widget/systray.py:492]: Loading state from C:\Users\kuuro\AppData\Local\YASB\systray_state_KOCHH24T09P.json
2026-02-21 18:06:08,203 [DEBUG] [SystrayMonitor] [systray_widget/systray.py:57]: Systray thread is starting...
2026-02-21 18:06:08,265 [DEBUG] [SystrayMonitor] [systray_widget/systray_monitor.py:246]: Finding real tray hwnd
2026-02-21 18:06:09,727 [DEBUG] [MainThread] [systray_widget/systray.py:243]: Systray thread started
2026-02-21 18:06:09,728 [INFO] [MainThread] [root/api.py:69]: Fetching new weather data at 2026-02-21 18:06:09.728185
2026-02-21 18:06:09,933 [DEBUG] [SystrayMonitor] [systray_widget/systray_monitor.py:168]: Adding TaskbandHWND prop to hwnd 1904640
2026-02-21 18:06:10,398 [DEBUG] [MainThread] [systray_widget/systray_monitor.py:160]: Sending TaskbarCreated message: 49366
2026-02-21 18:10:03,882 [INFO] [MainThread] [root/bar.py:149]: Screen geometry changed. Updating position for bar status-bar on screen H24T09P
2026-02-21 18:16:06,138 [INFO] [MainThread] [root/api.py:69]: Fetching new weather data at 2026-02-21 18:16:06.138442
2026-02-21 18:26:05,988 [INFO] [MainThread] [root/api.py:69]: Fetching new weather data at 2026-02-21 18:26:05.988326
2026-02-21 18:36:05,965 [INFO] [MainThread] [root/api.py:69]: Fetching new weather data at 2026-02-21 18:36:05.965086
2026-02-21 18:38:28,608 [INFO] [MainThread] [root/bar_manager.py:104]: Stopping WindowsNotificationEventListener...
2026-02-21 18:38:28,610 [INFO] [MainThread] [core.utils.widgets.taskbar.window_manager/window_manager.py:218]: TaskbarWindowManager stopped
2026-02-21 18:38:28,615 [DEBUG] [MainThread] [systray_widget/systray.py:470]: Saving state to disk
2026-02-21 18:38:28,616 [DEBUG] [MainThread] [systray_widget/systray.py:474]: Saving state to C:\Users\kuuro\AppData\Local\YASB\systray_state_KOCHH24T09P.json
2026-02-21 18:38:28,617 [DEBUG] [MainThread] [systray_widget/utils.py:97]: Destroying window 1904640
2026-02-21 18:47:29,334 [INFO] [MainThread] [root/log.py:95]: YASB v1.8.9
2026-02-21 18:47:29,335 [INFO] [CLIPipeServer] [cli_server/cli_server.py:215]: CLI server started v1.1.5
2026-02-21 18:47:29,336 [INFO] [MainThread] [cli_server/cli_server.py:106]: Log pipe server started
2026-02-21 18:47:29,525 [DEBUG] [MainThread] [qasync._windows._EventPoller/_windows.py:215]: Starting (proactor: <_IocpProactor overlapped#=0 result#=0>)...
2026-02-21 18:47:29,527 [DEBUG] [Dummy-3] [qasync._windows._EventWorker/_windows.py:195]: Thread started
2026-02-21 18:47:31,299 [INFO] [MainThread] [root/service.py:52]: AudioOutputService starting...
2026-02-21 18:47:32,661 [INFO] [MainThread] [core.utils.widgets.taskbar.window_manager/window_manager.py:191]: TaskbarWindowManager is starting...
2026-02-21 18:47:32,665 [INFO] [MainThread] [root/bar_manager.py:88]: Starting WindowsNotificationEventListener...
2026-02-21 18:47:32,669 [INFO] [MainThread] [root/watcher.py:65]: Watching directory: c:\users\kuuro\.config\yasb
2026-02-21 18:47:32,669 [INFO] [MainThread] [root/watcher.py:104]: Created file watcher
2026-02-21 18:47:33,054 [INFO] [MainThread] [root/update_service.py:429]: Background update checker started
2026-02-21 18:47:33,290 [DEBUG] [MainThread] [systray_widget/systray.py:492]: Loading state from C:\Users\kuuro\AppData\Local\YASB\systray_state_KOCHH24T09P.json
2026-02-21 18:47:33,303 [DEBUG] [SystrayMonitor] [systray_widget/systray.py:57]: Systray thread is starting...
2026-02-21 18:47:34,296 [DEBUG] [MainThread] [systray_widget/systray.py:243]: Systray thread started
2026-02-21 18:47:34,297 [INFO] [MainThread] [root/api.py:69]: Fetching new weather data at 2026-02-21 18:47:34.297858
2026-02-21 18:47:34,499 [DEBUG] [SystrayMonitor] [systray_widget/systray_monitor.py:168]: Adding TaskbandHWND prop to hwnd 263070
2026-02-21 18:47:34,506 [DEBUG] [SystrayMonitor] [systray_widget/systray_monitor.py:246]: Finding real tray hwnd
2026-02-21 18:47:34,517 [DEBUG] [MainThread] [systray_widget/systray_monitor.py:160]: Sending TaskbarCreated message: 49365
2026-02-21 18:55:15,153 [INFO] [MainThread] [root/utilities.py:400]: YASB added to startup
2026-02-21 18:57:31,387 [INFO] [MainThread] [root/api.py:69]: Fetching new weather data at 2026-02-21 18:57:31.387882
2026-02-21 19:05:59,910 [ERROR] [SystrayMonitor] [root/app_icons.py:282]: GetIconInfo failed: 0
2026-02-21 19:07:31,402 [INFO] [MainThread] [root/api.py:69]: Fetching new weather data at 2026-02-21 19:07:31.402120
2026-02-21 19:17:31,637 [INFO] [MainThread] [root/api.py:69]: Fetching new weather data at 2026-02-21 19:17:31.637915
2026-02-21 19:27:31,404 [INFO] [MainThread] [root/api.py:69]: Fetching new weather data at 2026-02-21 19:27:31.404434
2026-02-21 19:37:31,420 [INFO] [MainThread] [root/api.py:69]: Fetching new weather data at 2026-02-21 19:37:31.420257
2026-02-21 19:47:31,479 [INFO] [MainThread] [root/api.py:69]: Fetching new weather data at 2026-02-21 19:47:31.479306
2026-02-21 19:57:31,526 [INFO] [MainThread] [root/api.py:69]: Fetching new weather data at 2026-02-21 19:57:31.526584
2026-02-21 20:07:31,594 [INFO] [MainThread] [root/api.py:69]: Fetching new weather data at 2026-02-21 20:07:31.594079
2026-02-21 20:17:11,181 [ERROR] [SystrayMonitor] [root/app_icons.py:282]: GetIconInfo failed: 0
2026-02-21 20:17:11,194 [ERROR] [SystrayMonitor] [root/app_icons.py:282]: GetIconInfo failed: 0
2026-02-21 20:17:31,518 [INFO] [MainThread] [root/api.py:69]: Fetching new weather data at 2026-02-21 20:17:31.518379
2026-02-21 20:25:04,489 [INFO] [MainThread] [root/bar_manager.py:104]: Stopping WindowsNotificationEventListener...
2026-02-21 20:25:04,493 [INFO] [MainThread] [core.utils.widgets.taskbar.window_manager/window_manager.py:218]: TaskbarWindowManager stopped
2026-02-21 20:25:04,499 [DEBUG] [MainThread] [systray_widget/systray.py:470]: Saving state to disk
2026-02-21 20:25:04,501 [DEBUG] [MainThread] [systray_widget/systray.py:474]: Saving state to C:\Users\kuuro\AppData\Local\YASB\systray_state_KOCHH24T09P.json
2026-02-21 20:25:04,526 [DEBUG] [MainThread] [systray_widget/utils.py:97]: Destroying window 263070
2026-02-21 20:28:56,621 [INFO] [MainThread] [root/log.py:95]: YASB v1.8.9
2026-02-21 20:28:56,623 [INFO] [CLIPipeServer] [cli_server/cli_server.py:215]: CLI server started v1.1.5
2026-02-21 20:28:56,623 [INFO] [MainThread] [cli_server/cli_server.py:106]: Log pipe server started
2026-02-21 20:28:56,810 [DEBUG] [MainThread] [qasync._windows._EventPoller/_windows.py:215]: Starting (proactor: <_IocpProactor overlapped#=0 result#=0>)...
2026-02-21 20:28:56,812 [DEBUG] [Dummy-3] [qasync._windows._EventWorker/_windows.py:195]: Thread started
2026-02-21 20:28:58,881 [INFO] [MainThread] [root/service.py:52]: AudioOutputService starting...
2026-02-21 20:29:00,068 [INFO] [MainThread] [core.utils.widgets.taskbar.window_manager/window_manager.py:191]: TaskbarWindowManager is starting...
2026-02-21 20:29:00,073 [INFO] [MainThread] [root/bar_manager.py:88]: Starting WindowsNotificationEventListener...
2026-02-21 20:29:00,076 [INFO] [MainThread] [root/watcher.py:65]: Watching directory: c:\users\kuuro\.config\yasb
2026-02-21 20:29:00,076 [INFO] [MainThread] [root/watcher.py:104]: Created file watcher
2026-02-21 20:29:00,643 [INFO] [MainThread] [root/update_service.py:429]: Background update checker started
2026-02-21 20:29:01,026 [DEBUG] [MainThread] [systray_widget/systray.py:492]: Loading state from C:\Users\kuuro\AppData\Local\YASB\systray_state_KOCHH24T09P.json
2026-02-21 20:29:01,029 [DEBUG] [SystrayMonitor] [systray_widget/systray.py:57]: Systray thread is starting...
2026-02-21 20:29:01,479 [INFO] [MainThread] [root/log.py:95]: YASB v1.8.9
2026-02-21 20:29:01,480 [INFO] [CLIPipeServer] [cli_server/cli_server.py:215]: CLI server started v1.1.5
2026-02-21 20:29:01,480 [INFO] [MainThread] [cli_server/cli_server.py:106]: Log pipe server started
2026-02-21 20:29:01,480 [ERROR] [MainThread] [root/main.py:75]: Another instance of the YASB is already running.
2026-02-21 20:29:01,589 [DEBUG] [MainThread] [systray_widget/systray.py:243]: Systray thread started
2026-02-21 20:29:01,590 [INFO] [MainThread] [root/api.py:69]: Fetching new weather data at 2026-02-21 20:29:01.590303
2026-02-21 20:29:01,791 [DEBUG] [SystrayMonitor] [systray_widget/systray_monitor.py:168]: Adding TaskbandHWND prop to hwnd 723146
2026-02-21 20:29:01,797 [DEBUG] [SystrayMonitor] [systray_widget/systray_monitor.py:246]: Finding real tray hwnd
2026-02-21 20:29:01,812 [DEBUG] [MainThread] [systray_widget/systray_monitor.py:160]: Sending TaskbarCreated message: 49368
2026-02-21 20:38:58,844 [INFO] [MainThread] [root/api.py:69]: Fetching new weather data at 2026-02-21 20:38:58.844318
2026-02-21 20:48:58,816 [INFO] [MainThread] [root/api.py:69]: Fetching new weather data at 2026-02-21 20:48:58.816594
2026-02-21 20:52:23,688 [ERROR] [SystrayMonitor] [root/app_icons.py:282]: GetIconInfo failed: 0
2026-02-21 20:58:58,789 [INFO] [MainThread] [root/api.py:69]: Fetching new weather data at 2026-02-21 20:58:58.789213
2026-02-21 21:08:58,808 [INFO] [MainThread] [root/api.py:69]: Fetching new weather data at 2026-02-21 21:08:58.808027
2026-02-21 21:18:58,805 [INFO] [MainThread] [root/api.py:69]: Fetching new weather data at 2026-02-21 21:18:58.805572
2026-02-21 21:28:59,782 [INFO] [MainThread] [root/api.py:69]: Fetching new weather data at 2026-02-21 21:28:59.781995
2026-02-21 21:38:58,825 [INFO] [MainThread] [root/api.py:69]: Fetching new weather data at 2026-02-21 21:38:58.825211
2026-02-21 21:48:58,845 [INFO] [MainThread] [root/api.py:69]: Fetching new weather data at 2026-02-21 21:48:58.845111
2026-02-21 21:53:22,645 [INFO] [MainThread] [root/bar_manager.py:104]: Stopping WindowsNotificationEventListener...
2026-02-21 21:53:22,650 [INFO] [MainThread] [core.utils.widgets.taskbar.window_manager/window_manager.py:218]: TaskbarWindowManager stopped
2026-02-21 21:53:22,659 [DEBUG] [MainThread] [systray_widget/systray.py:470]: Saving state to disk
2026-02-21 21:53:22,660 [DEBUG] [MainThread] [systray_widget/systray.py:474]: Saving state to C:\Users\kuuro\AppData\Local\YASB\systray_state_KOCHH24T09P.json
2026-02-21 21:53:22,665 [DEBUG] [MainThread] [systray_widget/utils.py:97]: Destroying window 723146
2026-02-22 04:02:54,898 [INFO] [MainThread] [root/log.py:95]: YASB v1.8.9
2026-02-22 04:02:54,899 [INFO] [CLIPipeServer] [cli_server/cli_server.py:215]: CLI server started v1.1.5
2026-02-22 04:02:54,900 [INFO] [MainThread] [cli_server/cli_server.py:106]: Log pipe server started
2026-02-22 04:02:55,018 [DEBUG] [MainThread] [qasync._windows._EventPoller/_windows.py:215]: Starting (proactor: <_IocpProactor overlapped#=0 result#=0>)...
2026-02-22 04:02:55,019 [DEBUG] [Dummy-3] [qasync._windows._EventWorker/_windows.py:195]: Thread started
2026-02-22 04:02:56,152 [INFO] [MainThread] [root/service.py:52]: AudioOutputService starting...
2026-02-22 04:02:56,653 [INFO] [MainThread] [core.utils.widgets.taskbar.window_manager/window_manager.py:191]: TaskbarWindowManager is starting...
2026-02-22 04:02:56,658 [INFO] [MainThread] [root/bar_manager.py:88]: Starting WindowsNotificationEventListener...
2026-02-22 04:02:56,662 [INFO] [MainThread] [root/watcher.py:65]: Watching directory: c:\users\kuuro\.config\yasb
2026-02-22 04:02:56,662 [INFO] [MainThread] [root/watcher.py:104]: Created file watcher
2026-02-22 04:02:57,048 [INFO] [MainThread] [root/update_service.py:429]: Background update checker started
2026-02-22 04:02:57,292 [DEBUG] [MainThread] [systray_widget/systray.py:492]: Loading state from C:\Users\kuuro\AppData\Local\YASB\systray_state_KOCHH24T09P.json
2026-02-22 04:02:57,294 [DEBUG] [SystrayMonitor] [systray_widget/systray.py:57]: Systray thread is starting...
2026-02-22 04:02:57,324 [DEBUG] [MainThread] [systray_widget/systray.py:243]: Systray thread started
2026-02-22 04:02:57,525 [DEBUG] [SystrayMonitor] [systray_widget/systray_monitor.py:168]: Adding TaskbandHWND prop to hwnd 327822
2026-02-22 04:02:57,533 [DEBUG] [SystrayMonitor] [systray_widget/systray_monitor.py:246]: Finding real tray hwnd
2026-02-22 04:02:57,535 [DEBUG] [MainThread] [systray_widget/systray_monitor.py:160]: Sending TaskbarCreated message: 49347
2026-02-22 04:02:57,731 [INFO] [MainThread] [root/api.py:69]: Fetching new weather data at 2026-02-22 04:02:57.731138
2026-02-22 04:03:41,481 [INFO] [MainThread] [root/log.py:95]: YASB v1.8.9
2026-02-22 04:03:41,482 [INFO] [CLIPipeServer] [cli_server/cli_server.py:215]: CLI server started v1.1.5
2026-02-22 04:03:41,482 [INFO] [MainThread] [cli_server/cli_server.py:106]: Log pipe server started
2026-02-22 04:03:41,482 [ERROR] [MainThread] [root/main.py:75]: Another instance of the YASB is already running.
2026-02-22 04:09:00,816 [INFO] [MainThread] [root/bar.py:149]: Screen geometry changed. Updating position for bar status-bar on screen H24T09P
2026-02-22 04:09:19,186 [INFO] [MainThread] [root/bar.py:149]: Screen geometry changed. Updating position for bar status-bar on screen H24T09P
2026-02-22 04:12:56,663 [INFO] [MainThread] [root/api.py:69]: Fetching new weather data at 2026-02-22 04:12:56.663696
2026-02-22 04:22:56,346 [INFO] [MainThread] [root/api.py:69]: Fetching new weather data at 2026-02-22 04:22:56.346931
2026-02-21 22:32:55,691 [INFO] [MainThread] [root/api.py:69]: Fetching new weather data at 2026-02-21 22:32:55.691421
2026-02-21 22:42:55,688 [INFO] [MainThread] [root/api.py:69]: Fetching new weather data at 2026-02-21 22:42:55.687947
2026-02-21 22:52:55,600 [INFO] [MainThread] [root/api.py:69]: Fetching new weather data at 2026-02-21 22:52:55.600052
2026-02-21 23:02:55,708 [INFO] [MainThread] [root/api.py:69]: Fetching new weather data at 2026-02-21 23:02:55.708752
2026-02-21 23:12:55,694 [INFO] [MainThread] [root/api.py:69]: Fetching new weather data at 2026-02-21 23:12:55.694809
2026-02-21 23:22:55,718 [INFO] [MainThread] [root/api.py:69]: Fetching new weather data at 2026-02-21 23:22:55.718347
2026-02-21 23:32:55,703 [INFO] [MainThread] [root/api.py:69]: Fetching new weather data at 2026-02-21 23:32:55.703809
2026-02-21 23:42:55,840 [INFO] [MainThread] [root/api.py:69]: Fetching new weather data at 2026-02-21 23:42:55.840889
2026-02-21 23:52:55,706 [INFO] [MainThread] [root/api.py:69]: Fetching new weather data at 2026-02-21 23:52:55.706670
2026-02-22 00:02:55,748 [INFO] [MainThread] [root/api.py:69]: Fetching new weather data at 2026-02-22 00:02:55.748135
2026-02-22 00:12:55,802 [INFO] [MainThread] [root/api.py:69]: Fetching new weather data at 2026-02-22 00:12:55.801980
2026-02-22 00:19:06,298 [ERROR] [SystrayMonitor] [root/app_icons.py:282]: GetIconInfo failed: 0
2026-02-22 00:19:16,713 [INFO] [MainThread] [root/controller.py:37]: Exiting Application from context menu...
2026-02-22 00:19:16,826 [INFO] [MainThread] [cli_server/cli_server.py:114]: Log pipe server stopped
2026-02-22 00:19:16,826 [DEBUG] [MainThread] [cli_server/cli_server.py:209]: CLI server stopped
2026-02-22 00:19:17,014 [INFO] [MainThread] [root/bar_manager.py:104]: Stopping WindowsNotificationEventListener...
2026-02-22 00:19:17,019 [INFO] [MainThread] [core.utils.widgets.taskbar.window_manager/window_manager.py:218]: TaskbarWindowManager stopped
2026-02-22 00:19:17,029 [DEBUG] [MainThread] [systray_widget/systray.py:470]: Saving state to disk
2026-02-22 00:19:17,030 [DEBUG] [MainThread] [systray_widget/systray.py:474]: Saving state to C:\Users\kuuro\AppData\Local\YASB\systray_state_KOCHH24T09P.json
2026-02-22 00:19:17,049 [DEBUG] [MainThread] [systray_widget/utils.py:97]: Destroying window 327822
2026-02-22 00:19:17,051 [DEBUG] [MainThread] [systray_widget/utils.py:97]: Destroying window 327822
2026-02-22 00:28:44,095 [INFO] [MainThread] [root/log.py:95]: YASB v1.8.9
2026-02-22 00:28:44,098 [INFO] [CLIPipeServer] [cli_server/cli_server.py:215]: CLI server started v1.1.5
2026-02-22 00:28:44,098 [INFO] [MainThread] [cli_server/cli_server.py:106]: Log pipe server started
2026-02-22 00:28:44,225 [DEBUG] [MainThread] [qasync._windows._EventPoller/_windows.py:215]: Starting (proactor: <_IocpProactor overlapped#=0 result#=0>)...
2026-02-22 00:28:44,227 [DEBUG] [Dummy-3] [qasync._windows._EventWorker/_windows.py:195]: Thread started
2026-02-22 00:28:45,494 [INFO] [MainThread] [root/service.py:52]: AudioOutputService starting...
2026-02-22 00:28:46,309 [INFO] [MainThread] [core.utils.widgets.taskbar.window_manager/window_manager.py:191]: TaskbarWindowManager is starting...
2026-02-22 00:28:46,314 [INFO] [MainThread] [root/bar_manager.py:88]: Starting WindowsNotificationEventListener...
2026-02-22 00:28:46,318 [INFO] [MainThread] [root/watcher.py:65]: Watching directory: c:\users\kuuro\.config\yasb
2026-02-22 00:28:46,318 [INFO] [MainThread] [root/watcher.py:104]: Created file watcher
2026-02-22 00:28:46,783 [INFO] [MainThread] [root/update_service.py:429]: Background update checker started
2026-02-22 00:28:47,042 [DEBUG] [MainThread] [systray_widget/systray.py:492]: Loading state from C:\Users\kuuro\AppData\Local\YASB\systray_state_KOCHH24T09P.json
2026-02-22 00:28:47,044 [DEBUG] [SystrayMonitor] [systray_widget/systray.py:57]: Systray thread is starting...
2026-02-22 00:28:47,067 [DEBUG] [MainThread] [systray_widget/systray.py:243]: Systray thread started
2026-02-22 00:28:47,268 [DEBUG] [SystrayMonitor] [systray_widget/systray_monitor.py:168]: Adding TaskbandHWND prop to hwnd 197160
2026-02-22 00:28:47,275 [DEBUG] [SystrayMonitor] [systray_widget/systray_monitor.py:246]: Finding real tray hwnd
2026-02-22 00:28:47,294 [DEBUG] [MainThread] [systray_widget/systray_monitor.py:160]: Sending TaskbarCreated message: 49351
2026-02-22 00:28:47,335 [INFO] [MainThread] [root/api.py:69]: Fetching new weather data at 2026-02-22 00:28:47.335114
2026-02-22 00:28:57,277 [INFO] [MainThread] [root/controller.py:37]: Exiting Application from context menu...
2026-02-22 00:28:57,389 [INFO] [MainThread] [cli_server/cli_server.py:114]: Log pipe server stopped
2026-02-22 00:28:57,389 [DEBUG] [MainThread] [cli_server/cli_server.py:209]: CLI server stopped
2026-02-22 00:28:57,507 [INFO] [MainThread] [root/bar_manager.py:104]: Stopping WindowsNotificationEventListener...
2026-02-22 00:28:57,509 [INFO] [MainThread] [core.utils.widgets.taskbar.window_manager/window_manager.py:218]: TaskbarWindowManager stopped
2026-02-22 00:28:57,539 [DEBUG] [MainThread] [systray_widget/systray.py:470]: Saving state to disk
2026-02-22 00:28:57,540 [DEBUG] [MainThread] [systray_widget/systray.py:474]: Saving state to C:\Users\kuuro\AppData\Local\YASB\systray_state_KOCHH24T09P.json
2026-02-22 00:28:57,540 [DEBUG] [MainThread] [systray_widget/utils.py:97]: Destroying window 197160
2026-02-22 00:28:57,543 [DEBUG] [MainThread] [systray_widget/utils.py:97]: Destroying window 197160
2026-02-22 00:34:54,077 [INFO] [MainThread] [root/log.py:95]: YASB v1.8.9
2026-02-22 00:34:54,077 [INFO] [CLIPipeServer] [cli_server/cli_server.py:215]: CLI server started v1.1.5
2026-02-22 00:34:54,077 [INFO] [MainThread] [cli_server/cli_server.py:106]: Log pipe server started
2026-02-22 00:34:54,102 [DEBUG] [MainThread] [qasync._windows._EventPoller/_windows.py:215]: Starting (proactor: <_IocpProactor overlapped#=0 result#=0>)...
2026-02-22 00:34:54,103 [DEBUG] [Dummy-3] [qasync._windows._EventWorker/_windows.py:195]: Thread started
2026-02-22 00:34:54,855 [INFO] [MainThread] [root/service.py:52]: AudioOutputService starting...
2026-02-22 00:34:55,485 [INFO] [MainThread] [core.utils.widgets.taskbar.window_manager/window_manager.py:191]: TaskbarWindowManager is starting...
2026-02-22 00:34:55,489 [INFO] [MainThread] [root/bar_manager.py:88]: Starting WindowsNotificationEventListener...
2026-02-22 00:34:55,492 [INFO] [MainThread] [root/watcher.py:65]: Watching directory: c:\users\kuuro\.config\yasb
2026-02-22 00:34:55,492 [INFO] [MainThread] [root/watcher.py:104]: Created file watcher
2026-02-22 00:34:55,550 [INFO] [MainThread] [root/update_service.py:429]: Background update checker started
2026-02-22 00:34:55,746 [DEBUG] [MainThread] [systray_widget/systray.py:492]: Loading state from C:\Users\kuuro\AppData\Local\YASB\systray_state_KOCHH24T09P.json
2026-02-22 00:34:55,748 [DEBUG] [SystrayMonitor] [systray_widget/systray.py:57]: Systray thread is starting...
2026-02-22 00:34:55,763 [DEBUG] [MainThread] [systray_widget/systray.py:243]: Systray thread started
2026-02-22 00:34:55,965 [DEBUG] [SystrayMonitor] [systray_widget/systray_monitor.py:168]: Adding TaskbandHWND prop to hwnd 1050672
2026-02-22 00:34:55,969 [DEBUG] [SystrayMonitor] [systray_widget/systray_monitor.py:246]: Finding real tray hwnd
2026-02-22 00:34:55,987 [DEBUG] [MainThread] [systray_widget/systray_monitor.py:160]: Sending TaskbarCreated message: 49351
2026-02-22 00:34:56,042 [INFO] [MainThread] [root/api.py:69]: Fetching new weather data at 2026-02-22 00:34:56.042039
2026-02-22 00:34:59,846 [INFO] [MainThread] [root/utilities.py:414]: YASB removed from startup
2026-02-22 00:35:02,318 [INFO] [MainThread] [root/controller.py:37]: Exiting Application from context menu...
2026-02-22 00:35:02,433 [INFO] [MainThread] [cli_server/cli_server.py:114]: Log pipe server stopped
2026-02-22 00:35:02,433 [DEBUG] [MainThread] [cli_server/cli_server.py:209]: CLI server stopped
2026-02-22 00:35:02,542 [INFO] [MainThread] [root/bar_manager.py:104]: Stopping WindowsNotificationEventListener...
2026-02-22 00:35:02,544 [INFO] [MainThread] [core.utils.widgets.taskbar.window_manager/window_manager.py:218]: TaskbarWindowManager stopped
2026-02-22 00:35:02,545 [DEBUG] [MainThread] [systray_widget/systray.py:470]: Saving state to disk
2026-02-22 00:35:02,546 [DEBUG] [MainThread] [systray_widget/systray.py:474]: Saving state to C:\Users\kuuro\AppData\Local\YASB\systray_state_KOCHH24T09P.json
2026-02-22 00:35:02,547 [DEBUG] [MainThread] [systray_widget/utils.py:97]: Destroying window 1050672
2026-02-22 00:35:02,548 [DEBUG] [MainThread] [systray_widget/utils.py:97]: Destroying window 1050672
2026-02-22 01:06:27,165 [INFO] [MainThread] [root/log.py:95]: YASB v1.8.9
2026-02-22 01:06:27,166 [INFO] [CLIPipeServer] [cli_server/cli_server.py:215]: CLI server started v1.1.5
2026-02-22 01:06:27,166 [INFO] [MainThread] [cli_server/cli_server.py:106]: Log pipe server started
2026-02-22 01:06:27,199 [DEBUG] [MainThread] [qasync._windows._EventPoller/_windows.py:215]: Starting (proactor: <_IocpProactor overlapped#=0 result#=0>)...
2026-02-22 01:06:27,200 [DEBUG] [Dummy-3] [qasync._windows._EventWorker/_windows.py:195]: Thread started
2026-02-22 01:06:28,115 [INFO] [MainThread] [root/service.py:52]: AudioOutputService starting...
2026-02-22 01:06:29,184 [INFO] [MainThread] [core.utils.widgets.taskbar.window_manager/window_manager.py:191]: TaskbarWindowManager is starting...
2026-02-22 01:06:29,192 [INFO] [MainThread] [root/bar_manager.py:88]: Starting WindowsNotificationEventListener...
2026-02-22 01:06:29,194 [INFO] [MainThread] [root/watcher.py:65]: Watching directory: c:\users\kuuro\.config\yasb
2026-02-22 01:06:29,195 [INFO] [MainThread] [root/watcher.py:104]: Created file watcher
2026-02-22 01:06:29,269 [INFO] [MainThread] [root/update_service.py:429]: Background update checker started
2026-02-22 01:06:29,609 [DEBUG] [MainThread] [systray_widget/systray.py:492]: Loading state from C:\Users\kuuro\AppData\Local\YASB\systray_state_KOCHH24T09P.json
2026-02-22 01:06:29,611 [DEBUG] [SystrayMonitor] [systray_widget/systray.py:57]: Systray thread is starting...
2026-02-22 01:06:29,633 [DEBUG] [MainThread] [systray_widget/systray.py:243]: Systray thread started
2026-02-22 01:06:29,837 [DEBUG] [SystrayMonitor] [systray_widget/systray_monitor.py:168]: Adding TaskbandHWND prop to hwnd 15204810
2026-02-22 01:06:29,840 [DEBUG] [SystrayMonitor] [systray_widget/systray_monitor.py:246]: Finding real tray hwnd
2026-02-22 01:06:29,866 [DEBUG] [MainThread] [systray_widget/systray_monitor.py:160]: Sending TaskbarCreated message: 49351
2026-02-22 01:06:29,949 [INFO] [MainThread] [root/api.py:69]: Fetching new weather data at 2026-02-22 01:06:29.949710
2026-02-22 01:16:28,295 [INFO] [MainThread] [root/api.py:69]: Fetching new weather data at 2026-02-22 01:16:28.295358
2026-02-22 01:26:28,301 [INFO] [MainThread] [root/api.py:69]: Fetching new weather data at 2026-02-22 01:26:28.301873
2026-02-22 01:32:41,758 [INFO] [MainThread] [root/controller.py:37]: Exiting Application from tray...
2026-02-22 01:32:41,869 [INFO] [MainThread] [cli_server/cli_server.py:114]: Log pipe server stopped
2026-02-22 01:32:41,869 [DEBUG] [MainThread] [cli_server/cli_server.py:209]: CLI server stopped
2026-02-22 01:32:41,957 [INFO] [MainThread] [root/bar_manager.py:104]: Stopping WindowsNotificationEventListener...
2026-02-22 01:32:41,959 [INFO] [MainThread] [core.utils.widgets.taskbar.window_manager/window_manager.py:218]: TaskbarWindowManager stopped
2026-02-22 01:32:41,961 [DEBUG] [MainThread] [systray_widget/systray.py:470]: Saving state to disk
2026-02-22 01:32:41,961 [DEBUG] [MainThread] [systray_widget/systray.py:474]: Saving state to C:\Users\kuuro\AppData\Local\YASB\systray_state_KOCHH24T09P.json
2026-02-22 01:32:41,962 [DEBUG] [MainThread] [systray_widget/utils.py:97]: Destroying window 15204810
2026-02-22 01:32:41,963 [DEBUG] [MainThread] [systray_widget/utils.py:97]: Destroying window 15204810
2026-02-22 01:37:26,692 [INFO] [MainThread] [root/log.py:95]: YASB v1.8.9
2026-02-22 01:37:26,693 [INFO] [CLIPipeServer] [cli_server/cli_server.py:215]: CLI server started v1.1.5
2026-02-22 01:37:26,693 [INFO] [MainThread] [cli_server/cli_server.py:106]: Log pipe server started
2026-02-22 01:37:26,728 [DEBUG] [MainThread] [qasync._windows._EventPoller/_windows.py:215]: Starting (proactor: <_IocpProactor overlapped#=0 result#=0>)...
2026-02-22 01:37:26,729 [DEBUG] [Dummy-3] [qasync._windows._EventWorker/_windows.py:195]: Thread started
2026-02-22 01:37:27,508 [INFO] [MainThread] [root/service.py:52]: AudioOutputService starting...
2026-02-22 01:37:28,184 [INFO] [MainThread] [core.utils.widgets.taskbar.window_manager/window_manager.py:191]: TaskbarWindowManager is starting...
2026-02-22 01:37:28,190 [INFO] [MainThread] [root/bar_manager.py:88]: Starting WindowsNotificationEventListener...
2026-02-22 01:37:28,192 [INFO] [MainThread] [root/watcher.py:65]: Watching directory: c:\users\kuuro\.config\yasb
2026-02-22 01:37:28,193 [INFO] [MainThread] [root/watcher.py:104]: Created file watcher
2026-02-22 01:37:28,261 [INFO] [MainThread] [root/update_service.py:429]: Background update checker started
2026-02-22 01:37:28,475 [DEBUG] [MainThread] [systray_widget/systray.py:492]: Loading state from C:\Users\kuuro\AppData\Local\YASB\systray_state_KOCHH24T09P.json
2026-02-22 01:37:28,477 [DEBUG] [SystrayMonitor] [systray_widget/systray.py:57]: Systray thread is starting...
2026-02-22 01:37:28,518 [DEBUG] [MainThread] [systray_widget/systray.py:243]: Systray thread started
2026-02-22 01:37:28,722 [DEBUG] [SystrayMonitor] [systray_widget/systray_monitor.py:168]: Adding TaskbandHWND prop to hwnd 24905744
2026-02-22 01:37:28,728 [DEBUG] [SystrayMonitor] [systray_widget/systray_monitor.py:246]: Finding real tray hwnd
2026-02-22 01:37:28,951 [DEBUG] [MainThread] [systray_widget/systray_monitor.py:160]: Sending TaskbarCreated message: 49351
2026-02-22 01:37:28,970 [INFO] [MainThread] [root/api.py:69]: Fetching new weather data at 2026-02-22 01:37:28.969988
2026-02-22 01:44:45,234 [ERROR] [SystrayMonitor] [root/app_icons.py:282]: GetIconInfo failed: 0
2026-02-22 01:47:27,794 [INFO] [MainThread] [root/api.py:69]: Fetching new weather data at 2026-02-22 01:47:27.794567
2026-02-22 01:57:27,817 [INFO] [MainThread] [root/api.py:69]: Fetching new weather data at 2026-02-22 01:57:27.817274
2026-02-22 02:07:27,803 [INFO] [MainThread] [root/api.py:69]: Fetching new weather data at 2026-02-22 02:07:27.803406
2026-02-22 02:17:27,726 [INFO] [MainThread] [root/api.py:69]: Fetching new weather data at 2026-02-22 02:17:27.726599
2026-02-22 02:22:05,616 [INFO] [MainThread] [root/utilities.py:400]: YASB added to startup
2026-02-22 02:27:27,844 [INFO] [MainThread] [root/api.py:69]: Fetching new weather data at 2026-02-22 02:27:27.844788
2026-02-22 02:29:00,540 [INFO] [CLIPipeServer] [cli_server/cli_server.py:256]: CLI server received command: stop
2026-02-22 02:29:00,540 [INFO] [CLIPipeServer] [root/controller.py:37]: Exiting Application from CLI...
2026-02-22 02:29:00,653 [INFO] [CLIPipeServer] [cli_server/cli_server.py:114]: Log pipe server stopped
2026-02-22 02:29:00,653 [DEBUG] [CLIPipeServer] [cli_server/cli_server.py:209]: CLI server stopped
2026-02-22 02:29:00,801 [INFO] [MainThread] [root/bar_manager.py:104]: Stopping WindowsNotificationEventListener...
2026-02-22 02:29:00,803 [INFO] [MainThread] [core.utils.widgets.taskbar.window_manager/window_manager.py:218]: TaskbarWindowManager stopped
2026-02-22 02:29:00,805 [DEBUG] [MainThread] [systray_widget/systray.py:470]: Saving state to disk
2026-02-22 02:29:00,805 [DEBUG] [MainThread] [systray_widget/systray.py:474]: Saving state to C:\Users\kuuro\AppData\Local\YASB\systray_state_KOCHH24T09P.json
2026-02-22 02:29:00,824 [DEBUG] [MainThread] [systray_widget/utils.py:97]: Destroying window 24905744
2026-02-22 02:29:00,825 [DEBUG] [MainThread] [systray_widget/utils.py:97]: Destroying window 24905744
2026-02-22 02:29:02,476 [INFO] [MainThread] [root/log.py:95]: YASB v1.8.9
2026-02-22 02:29:02,477 [INFO] [CLIPipeServer] [cli_server/cli_server.py:215]: CLI server started v1.1.5
2026-02-22 02:29:02,477 [INFO] [MainThread] [cli_server/cli_server.py:106]: Log pipe server started
2026-02-22 02:29:02,511 [DEBUG] [MainThread] [qasync._windows._EventPoller/_windows.py:215]: Starting (proactor: <_IocpProactor overlapped#=0 result#=0>)...
2026-02-22 02:29:02,512 [DEBUG] [Dummy-3] [qasync._windows._EventWorker/_windows.py:195]: Thread started
2026-02-22 02:29:02,675 [DEBUG] [MainThread] [pyvda.build/build.py:53]: Starting feature detection...
2026-02-22 02:29:02,675 [DEBUG] [MainThread] [pyvda.build/build.py:57]: Feature detection complete. Windows version is over 26100
2026-02-22 02:29:03,783 [INFO] [MainThread] [root/service.py:52]: AudioOutputService starting...
2026-02-22 02:29:03,834 [INFO] [MainThread] [root/service.py:41]: AudioInputService starting...
2026-02-22 02:29:05,185 [INFO] [MainThread] [core.utils.widgets.taskbar.window_manager/window_manager.py:191]: TaskbarWindowManager is starting...
2026-02-22 02:29:05,193 [INFO] [MainThread] [root/watcher.py:65]: Watching directory: c:\users\kuuro\.config\yasb
2026-02-22 02:29:05,194 [INFO] [MainThread] [root/watcher.py:104]: Created file watcher
2026-02-22 02:29:05,265 [INFO] [MainThread] [root/update_service.py:429]: Background update checker started
2026-02-22 02:29:35,469 [INFO] [CLIPipeServer] [cli_server/cli_server.py:256]: CLI server received command: stop
2026-02-22 02:29:35,470 [INFO] [CLIPipeServer] [root/controller.py:37]: Exiting Application from CLI...
2026-02-22 02:29:35,574 [INFO] [CLIPipeServer] [cli_server/cli_server.py:114]: Log pipe server stopped
2026-02-22 02:29:35,575 [DEBUG] [CLIPipeServer] [cli_server/cli_server.py:209]: CLI server stopped
2026-02-22 02:29:35,718 [INFO] [MainThread] [core.utils.widgets.taskbar.window_manager/window_manager.py:218]: TaskbarWindowManager stopped
2026-02-22 02:29:37,382 [INFO] [MainThread] [root/log.py:95]: YASB v1.8.9
2026-02-22 02:29:37,382 [INFO] [CLIPipeServer] [cli_server/cli_server.py:215]: CLI server started v1.1.5
2026-02-22 02:29:37,383 [INFO] [MainThread] [cli_server/cli_server.py:106]: Log pipe server started
2026-02-22 02:29:37,416 [DEBUG] [MainThread] [qasync._windows._EventPoller/_windows.py:215]: Starting (proactor: <_IocpProactor overlapped#=0 result#=0>)...
2026-02-22 02:29:37,417 [DEBUG] [Dummy-3] [qasync._windows._EventWorker/_windows.py:195]: Thread started
2026-02-22 02:29:39,221 [INFO] [MainThread] [core.utils.widgets.taskbar.window_manager/window_manager.py:191]: TaskbarWindowManager is starting...
2026-02-22 02:29:39,349 [INFO] [MainThread] [root/bar_manager.py:88]: Starting WindowsNotificationEventListener...
2026-02-22 02:29:39,351 [INFO] [MainThread] [root/bar_manager.py:88]: Starting SystemEventListener...
2026-02-22 02:29:39,352 [INFO] [MainThread] [root/watcher.py:65]: Watching directory: c:\users\kuuro\.config\yasb
2026-02-22 02:29:39,352 [INFO] [MainThread] [root/watcher.py:104]: Created file watcher
2026-02-22 02:29:39,420 [INFO] [MainThread] [root/update_service.py:429]: Background update checker started
2026-02-22 02:29:40,610 [INFO] [MainThread] [root/api.py:69]: Fetching new weather data at 2026-02-22 02:29:40.610930
2026-02-22 02:29:49,619 [INFO] [CLIPipeServer] [cli_server/cli_server.py:256]: CLI server received command: stop
2026-02-22 02:29:49,619 [INFO] [CLIPipeServer] [root/controller.py:37]: Exiting Application from CLI...
2026-02-22 02:29:49,734 [INFO] [CLIPipeServer] [cli_server/cli_server.py:114]: Log pipe server stopped
2026-02-22 02:29:49,734 [DEBUG] [CLIPipeServer] [cli_server/cli_server.py:209]: CLI server stopped
2026-02-22 02:29:50,345 [DEBUG] [Thread-5] [root/watcher.py:84]: Stylesheet modified: c:\users\kuuro\.config\yasb\styles.css
2026-02-22 02:29:50,537 [DEBUG] [Thread-5] [root/watcher.py:90]: Config file modified: c:\users\kuuro\.config\yasb\config.yaml
2026-02-22 02:29:51,297 [INFO] [MainThread] [root/controller.py:15]: Reloading Application because of config change.
2026-02-22 02:29:51,402 [INFO] [MainThread] [cli_server/cli_server.py:114]: Log pipe server stopped
2026-02-22 02:29:51,402 [DEBUG] [MainThread] [cli_server/cli_server.py:209]: CLI server stopped
2026-02-22 02:29:51,409 [INFO] [MainThread] [root/bar_manager.py:79]: Successfully loaded updated config and re-initialised all bars.
2026-02-22 02:29:51,443 [INFO] [MainThread] [root/log.py:95]: YASB v1.8.9
2026-02-22 02:29:51,443 [INFO] [CLIPipeServer] [cli_server/cli_server.py:215]: CLI server started v1.1.5
2026-02-22 02:29:51,444 [INFO] [MainThread] [cli_server/cli_server.py:106]: Log pipe server started
2026-02-22 02:29:51,444 [ERROR] [MainThread] [root/main.py:75]: Another instance of the YASB is already running.
2026-02-22 02:29:51,932 [INFO] [MainThread] [root/bar_manager.py:104]: Stopping WindowsNotificationEventListener...
2026-02-22 02:29:51,932 [INFO] [MainThread] [root/bar_manager.py:104]: Stopping SystemEventListener...
2026-02-22 02:29:51,933 [INFO] [MainThread] [core.utils.widgets.taskbar.window_manager/window_manager.py:218]: TaskbarWindowManager stopped
2026-02-22 02:29:52,141 [INFO] [MainThread] [root/log.py:95]: YASB v1.8.9
2026-02-22 02:29:52,142 [INFO] [CLIPipeServer] [cli_server/cli_server.py:215]: CLI server started v1.1.5
2026-02-22 02:29:52,142 [INFO] [MainThread] [cli_server/cli_server.py:106]: Log pipe server started
2026-02-22 02:29:52,143 [INFO] [MainThread] [root/main.py:46]: Waiting for previous YASB instance to exit...
2026-02-22 02:29:52,393 [INFO] [MainThread] [root/main.py:72]: Previous instance exited, continuing startup.
2026-02-22 02:29:52,428 [DEBUG] [MainThread] [qasync._windows._EventPoller/_windows.py:215]: Starting (proactor: <_IocpProactor overlapped#=0 result#=0>)...
2026-02-22 02:29:52,431 [DEBUG] [Dummy-3] [qasync._windows._EventWorker/_windows.py:195]: Thread started
2026-02-22 02:29:53,249 [INFO] [MainThread] [root/service.py:52]: AudioOutputService starting...
2026-02-22 02:29:54,093 [INFO] [MainThread] [core.utils.widgets.taskbar.window_manager/window_manager.py:191]: TaskbarWindowManager is starting...
2026-02-22 02:29:54,098 [INFO] [MainThread] [root/bar_manager.py:88]: Starting WindowsNotificationEventListener...
2026-02-22 02:29:54,102 [INFO] [MainThread] [root/watcher.py:65]: Watching directory: c:\users\kuuro\.config\yasb
2026-02-22 02:29:54,102 [INFO] [MainThread] [root/watcher.py:104]: Created file watcher
2026-02-22 02:29:54,155 [INFO] [MainThread] [root/update_service.py:429]: Background update checker started
2026-02-22 02:29:54,373 [DEBUG] [MainThread] [systray_widget/systray.py:492]: Loading state from C:\Users\kuuro\AppData\Local\YASB\systray_state_KOCHH24T09P.json
2026-02-22 02:29:54,375 [DEBUG] [SystrayMonitor] [systray_widget/systray.py:57]: Systray thread is starting...
2026-02-22 02:29:54,400 [DEBUG] [MainThread] [systray_widget/systray.py:243]: Systray thread started
2026-02-22 02:29:54,522 [INFO] [MainThread] [root/api.py:69]: Fetching new weather data at 2026-02-22 02:29:54.522476
2026-02-22 02:29:54,602 [DEBUG] [SystrayMonitor] [systray_widget/systray_monitor.py:168]: Adding TaskbandHWND prop to hwnd 721792
2026-02-22 02:29:54,608 [DEBUG] [SystrayMonitor] [systray_widget/systray_monitor.py:246]: Finding real tray hwnd
2026-02-22 02:29:54,612 [DEBUG] [MainThread] [systray_widget/systray_monitor.py:160]: Sending TaskbarCreated message: 49351
2026-02-22 02:30:05,416 [INFO] [CLIPipeServer] [cli_server/cli_server.py:256]: CLI server received command: stop
2026-02-22 02:30:05,416 [INFO] [CLIPipeServer] [root/controller.py:37]: Exiting Application from CLI...
2026-02-22 02:30:05,531 [INFO] [CLIPipeServer] [cli_server/cli_server.py:114]: Log pipe server stopped
2026-02-22 02:30:05,532 [DEBUG] [CLIPipeServer] [cli_server/cli_server.py:209]: CLI server stopped
2026-02-22 02:30:05,665 [INFO] [MainThread] [root/bar_manager.py:104]: Stopping WindowsNotificationEventListener...
2026-02-22 02:30:05,667 [INFO] [MainThread] [core.utils.widgets.taskbar.window_manager/window_manager.py:218]: TaskbarWindowManager stopped
2026-02-22 02:30:05,669 [DEBUG] [MainThread] [systray_widget/systray.py:470]: Saving state to disk
2026-02-22 02:30:05,670 [DEBUG] [MainThread] [systray_widget/systray.py:474]: Saving state to C:\Users\kuuro\AppData\Local\YASB\systray_state_KOCHH24T09P.json
2026-02-22 02:30:05,671 [DEBUG] [MainThread] [systray_widget/utils.py:97]: Destroying window 721792
2026-02-22 02:30:05,673 [DEBUG] [MainThread] [systray_widget/utils.py:97]: Destroying window 721792
2026-02-22 02:30:07,299 [INFO] [MainThread] [root/log.py:95]: YASB v1.8.9
2026-02-22 02:30:07,299 [INFO] [CLIPipeServer] [cli_server/cli_server.py:215]: CLI server started v1.1.5
2026-02-22 02:30:07,300 [INFO] [MainThread] [cli_server/cli_server.py:106]: Log pipe server started
2026-02-22 02:30:07,339 [DEBUG] [MainThread] [qasync._windows._EventPoller/_windows.py:215]: Starting (proactor: <_IocpProactor overlapped#=0 result#=0>)...
2026-02-22 02:30:07,341 [DEBUG] [Dummy-3] [qasync._windows._EventWorker/_windows.py:195]: Thread started
2026-02-22 02:30:07,607 [INFO] [MainThread] [root/service.py:52]: AudioOutputService starting...
2026-02-22 02:30:08,465 [INFO] [MainThread] [root/bar_manager.py:88]: Starting SystemEventListener...
2026-02-22 02:30:08,465 [INFO] [MainThread] [root/bar_manager.py:88]: Starting WindowsNotificationEventListener...
2026-02-22 02:30:08,467 [INFO] [MainThread] [root/watcher.py:65]: Watching directory: c:\users\kuuro\.config\yasb
2026-02-22 02:30:08,467 [INFO] [MainThread] [root/watcher.py:104]: Created file watcher
2026-02-22 02:30:08,570 [INFO] [MainThread] [root/update_service.py:429]: Background update checker started
2026-02-22 02:30:14,659 [INFO] [CLIPipeServer] [cli_server/cli_server.py:256]: CLI server received command: stop
2026-02-22 02:30:14,659 [INFO] [CLIPipeServer] [root/controller.py:37]: Exiting Application from CLI...
2026-02-22 02:30:14,767 [INFO] [CLIPipeServer] [cli_server/cli_server.py:114]: Log pipe server stopped
2026-02-22 02:30:14,767 [DEBUG] [CLIPipeServer] [cli_server/cli_server.py:209]: CLI server stopped
2026-02-22 02:30:15,313 [DEBUG] [Thread-6] [root/watcher.py:84]: Stylesheet modified: c:\users\kuuro\.config\yasb\styles.css
2026-02-22 02:30:15,528 [DEBUG] [Thread-6] [root/watcher.py:90]: Config file modified: c:\users\kuuro\.config\yasb\config.yaml
2026-02-22 02:30:16,352 [INFO] [MainThread] [root/controller.py:15]: Reloading Application because of config change.
2026-02-22 02:30:16,455 [INFO] [MainThread] [cli_server/cli_server.py:114]: Log pipe server stopped
2026-02-22 02:30:16,456 [DEBUG] [MainThread] [cli_server/cli_server.py:209]: CLI server stopped
2026-02-22 02:30:16,469 [INFO] [MainThread] [root/bar_manager.py:79]: Successfully loaded updated config and re-initialised all bars.
2026-02-22 02:30:16,865 [INFO] [MainThread] [root/log.py:95]: YASB v1.8.9
2026-02-22 02:30:16,865 [INFO] [CLIPipeServer] [cli_server/cli_server.py:215]: CLI server started v1.1.5
2026-02-22 02:30:16,866 [INFO] [MainThread] [cli_server/cli_server.py:106]: Log pipe server started
2026-02-22 02:30:16,866 [ERROR] [MainThread] [root/main.py:75]: Another instance of the YASB is already running.
2026-02-22 02:30:16,975 [INFO] [MainThread] [root/bar_manager.py:104]: Stopping SystemEventListener...
2026-02-22 02:30:16,975 [INFO] [MainThread] [root/bar_manager.py:104]: Stopping WindowsNotificationEventListener...
2026-02-22 02:30:17,370 [INFO] [MainThread] [root/log.py:95]: YASB v1.8.9
2026-02-22 02:30:17,370 [INFO] [CLIPipeServer] [cli_server/cli_server.py:215]: CLI server started v1.1.5
2026-02-22 02:30:17,371 [INFO] [MainThread] [cli_server/cli_server.py:106]: Log pipe server started
2026-02-22 02:30:17,371 [INFO] [MainThread] [root/main.py:46]: Waiting for previous YASB instance to exit...
2026-02-22 02:30:17,621 [INFO] [MainThread] [root/main.py:72]: Previous instance exited, continuing startup.
2026-02-22 02:30:17,656 [DEBUG] [MainThread] [qasync._windows._EventPoller/_windows.py:215]: Starting (proactor: <_IocpProactor overlapped#=0 result#=0>)...
2026-02-22 02:30:17,658 [DEBUG] [Dummy-3] [qasync._windows._EventWorker/_windows.py:195]: Thread started
2026-02-22 02:30:18,435 [INFO] [MainThread] [root/service.py:52]: AudioOutputService starting...
2026-02-22 02:30:18,921 [INFO] [MainThread] [root/bar_manager.py:88]: Starting WindowsNotificationEventListener...
2026-02-22 02:30:18,923 [INFO] [MainThread] [root/bar_manager.py:88]: Starting KomorebiEventListener...
2026-02-22 02:30:18,924 [INFO] [MainThread] [root/watcher.py:65]: Watching directory: c:\users\kuuro\.config\yasb
2026-02-22 02:30:18,925 [INFO] [MainThread] [root/watcher.py:104]: Created file watcher
2026-02-22 02:30:18,928 [INFO] [Dummy-7] [root/event_listener.py:51]: Created named pipe yasb-b88bb497-0fc8-11f1-8586-505a65e3ecfc
2026-02-22 02:30:18,992 [INFO] [MainThread] [root/update_service.py:429]: Background update checker started
2026-02-22 02:30:19,624 [DEBUG] [MainThread] [systray_widget/systray.py:492]: Loading state from C:\Users\kuuro\AppData\Local\YASB\systray_state_KOCHH24T09P.json
2026-02-22 02:30:19,626 [DEBUG] [SystrayMonitor] [systray_widget/systray.py:57]: Systray thread is starting...
2026-02-22 02:30:19,651 [DEBUG] [MainThread] [systray_widget/systray.py:243]: Systray thread started
2026-02-22 02:30:19,856 [DEBUG] [SystrayMonitor] [systray_widget/systray_monitor.py:168]: Adding TaskbandHWND prop to hwnd 10554484
2026-02-22 02:30:19,861 [DEBUG] [SystrayMonitor] [systray_widget/systray_monitor.py:246]: Finding real tray hwnd
2026-02-22 02:30:19,866 [DEBUG] [MainThread] [systray_widget/systray_monitor.py:160]: Sending TaskbarCreated message: 49351
2026-02-22 02:30:19,948 [INFO] [MainThread] [root/api.py:69]: Fetching new weather data at 2026-02-22 02:30:19.948502
2026-02-22 02:30:33,633 [INFO] [CLIPipeServer] [cli_server/cli_server.py:256]: CLI server received command: stop
2026-02-22 02:30:33,633 [INFO] [CLIPipeServer] [root/controller.py:37]: Exiting Application from CLI...
2026-02-22 02:30:33,739 [INFO] [CLIPipeServer] [cli_server/cli_server.py:114]: Log pipe server stopped
2026-02-22 02:30:33,739 [DEBUG] [CLIPipeServer] [cli_server/cli_server.py:209]: CLI server stopped
2026-02-22 02:30:33,872 [INFO] [MainThread] [root/bar_manager.py:104]: Stopping WindowsNotificationEventListener...
2026-02-22 02:30:33,872 [INFO] [MainThread] [root/bar_manager.py:104]: Stopping KomorebiEventListener...
2026-02-22 02:30:33,874 [DEBUG] [MainThread] [systray_widget/systray.py:470]: Saving state to disk
2026-02-22 02:30:33,874 [DEBUG] [MainThread] [systray_widget/systray.py:474]: Saving state to C:\Users\kuuro\AppData\Local\YASB\systray_state_KOCHH24T09P.json
2026-02-22 02:30:33,875 [DEBUG] [MainThread] [systray_widget/utils.py:97]: Destroying window 10554484
2026-02-22 02:30:33,876 [DEBUG] [MainThread] [systray_widget/utils.py:97]: Destroying window 10554484
2026-02-22 02:30:35,499 [INFO] [MainThread] [root/log.py:95]: YASB v1.8.9
2026-02-22 02:30:35,500 [INFO] [CLIPipeServer] [cli_server/cli_server.py:215]: CLI server started v1.1.5
2026-02-22 02:30:35,501 [INFO] [MainThread] [cli_server/cli_server.py:106]: Log pipe server started
2026-02-22 02:30:35,536 [DEBUG] [MainThread] [qasync._windows._EventPoller/_windows.py:215]: Starting (proactor: <_IocpProactor overlapped#=0 result#=0>)...
2026-02-22 02:30:35,538 [DEBUG] [Dummy-3] [qasync._windows._EventWorker/_windows.py:195]: Thread started
2026-02-22 02:30:36,309 [INFO] [MainThread] [root/service.py:52]: AudioOutputService starting...
2026-02-22 02:30:36,468 [INFO] [MainThread] [root/bar_manager.py:88]: Starting KomorebiEventListener...
2026-02-22 02:30:36,468 [INFO] [MainThread] [root/bar_manager.py:88]: Starting WindowsNotificationEventListener...
2026-02-22 02:30:36,469 [INFO] [MainThread] [root/bar_manager.py:88]: Starting SystemEventListener...
2026-02-22 02:30:36,471 [INFO] [MainThread] [root/watcher.py:65]: Watching directory: c:\users\kuuro\.config\yasb
2026-02-22 02:30:36,471 [INFO] [MainThread] [root/watcher.py:104]: Created file watcher
2026-02-22 02:30:36,663 [INFO] [Dummy-7] [root/event_listener.py:51]: Created named pipe yasb-c300e311-0fc8-11f1-9b36-505a65e3ecfc
2026-02-22 02:30:36,728 [INFO] [MainThread] [root/update_service.py:429]: Background update checker started
2026-02-22 02:30:37,311 [DEBUG] [MainThread] [systray_widget/systray.py:492]: Loading state from C:\Users\kuuro\AppData\Local\YASB\systray_state_KOCHH24T09P.json
2026-02-22 02:30:37,314 [DEBUG] [SystrayMonitor] [systray_widget/systray.py:57]: Systray thread is starting...
2026-02-22 02:30:37,334 [DEBUG] [MainThread] [systray_widget/systray.py:243]: Systray thread started
2026-02-22 02:30:37,483 [DEBUG] [SystrayMonitor] [systray_widget/systray_monitor.py:246]: Finding real tray hwnd
2026-02-22 02:30:37,536 [DEBUG] [SystrayMonitor] [systray_widget/systray_monitor.py:168]: Adding TaskbandHWND prop to hwnd 16452148
2026-02-22 02:30:37,548 [DEBUG] [MainThread] [systray_widget/systray_monitor.py:160]: Sending TaskbarCreated message: 49351
2026-02-22 02:30:40,872 [INFO] [CLIPipeServer] [cli_server/cli_server.py:256]: CLI server received command: stop
2026-02-22 02:30:40,872 [INFO] [CLIPipeServer] [root/controller.py:37]: Exiting Application from CLI...
2026-02-22 02:30:40,976 [INFO] [CLIPipeServer] [cli_server/cli_server.py:114]: Log pipe server stopped
2026-02-22 02:30:40,977 [DEBUG] [CLIPipeServer] [cli_server/cli_server.py:209]: CLI server stopped
2026-02-22 02:30:41,106 [INFO] [MainThread] [root/bar_manager.py:104]: Stopping KomorebiEventListener...
2026-02-22 02:30:41,106 [INFO] [MainThread] [root/bar_manager.py:104]: Stopping WindowsNotificationEventListener...
2026-02-22 02:30:41,107 [INFO] [MainThread] [root/bar_manager.py:104]: Stopping SystemEventListener...
2026-02-22 02:30:41,109 [DEBUG] [MainThread] [systray_widget/systray.py:470]: Saving state to disk
2026-02-22 02:30:41,110 [DEBUG] [MainThread] [systray_widget/systray.py:474]: Saving state to C:\Users\kuuro\AppData\Local\YASB\systray_state_KOCHH24T09P.json
2026-02-22 02:30:41,113 [DEBUG] [MainThread] [systray_widget/utils.py:97]: Destroying window 16452148
2026-02-22 02:30:41,116 [DEBUG] [MainThread] [systray_widget/utils.py:97]: Destroying window 16452148
2026-02-22 02:30:42,698 [INFO] [MainThread] [root/log.py:95]: YASB v1.8.9
2026-02-22 02:30:42,698 [INFO] [CLIPipeServer] [cli_server/cli_server.py:215]: CLI server started v1.1.5
2026-02-22 02:30:42,698 [INFO] [MainThread] [cli_server/cli_server.py:106]: Log pipe server started
2026-02-22 02:30:42,733 [DEBUG] [MainThread] [qasync._windows._EventPoller/_windows.py:215]: Starting (proactor: <_IocpProactor overlapped#=0 result#=0>)...
2026-02-22 02:30:42,735 [DEBUG] [Dummy-3] [qasync._windows._EventWorker/_windows.py:195]: Thread started
2026-02-22 02:30:42,837 [DEBUG] [MainThread] [pyvda.build/build.py:53]: Starting feature detection...
2026-02-22 02:30:42,838 [DEBUG] [MainThread] [pyvda.build/build.py:57]: Feature detection complete. Windows version is over 26100
2026-02-22 02:30:43,535 [INFO] [MainThread] [root/service.py:52]: AudioOutputService starting...
2026-02-22 02:30:43,589 [INFO] [MainThread] [root/service.py:41]: AudioInputService starting...
2026-02-22 02:30:44,702 [INFO] [MainThread] [core.utils.widgets.taskbar.window_manager/window_manager.py:191]: TaskbarWindowManager is starting...
2026-02-22 02:30:44,708 [INFO] [MainThread] [root/watcher.py:65]: Watching directory: c:\users\kuuro\.config\yasb
2026-02-22 02:30:44,708 [INFO] [MainThread] [root/watcher.py:104]: Created file watcher
2026-02-22 02:30:44,758 [INFO] [MainThread] [root/update_service.py:429]: Background update checker started
2026-02-22 02:31:34,749 [INFO] [CLIPipeServer] [cli_server/cli_server.py:256]: CLI server received command: stop
2026-02-22 02:31:34,750 [INFO] [CLIPipeServer] [root/controller.py:37]: Exiting Application from CLI...
2026-02-22 02:31:34,858 [INFO] [CLIPipeServer] [cli_server/cli_server.py:114]: Log pipe server stopped
2026-02-22 02:31:34,859 [DEBUG] [CLIPipeServer] [cli_server/cli_server.py:209]: CLI server stopped
2026-02-22 02:31:34,984 [INFO] [MainThread] [core.utils.widgets.taskbar.window_manager/window_manager.py:218]: TaskbarWindowManager stopped
2026-02-22 02:31:36,602 [INFO] [MainThread] [root/log.py:95]: YASB v1.8.9
2026-02-22 02:31:36,606 [INFO] [CLIPipeServer] [cli_server/cli_server.py:215]: CLI server started v1.1.5
2026-02-22 02:31:36,612 [INFO] [MainThread] [cli_server/cli_server.py:106]: Log pipe server started
2026-02-22 02:31:36,664 [DEBUG] [MainThread] [qasync._windows._EventPoller/_windows.py:215]: Starting (proactor: <_IocpProactor overlapped#=0 result#=0>)...
2026-02-22 02:31:36,665 [DEBUG] [Dummy-3] [qasync._windows._EventWorker/_windows.py:195]: Thread started
2026-02-22 02:31:37,476 [INFO] [MainThread] [root/service.py:52]: AudioOutputService starting...
2026-02-22 02:31:38,276 [INFO] [MainThread] [core.utils.widgets.taskbar.window_manager/window_manager.py:191]: TaskbarWindowManager is starting...
2026-02-22 02:31:38,282 [INFO] [MainThread] [root/bar_manager.py:88]: Starting WindowsNotificationEventListener...
2026-02-22 02:31:38,285 [INFO] [MainThread] [root/watcher.py:65]: Watching directory: c:\users\kuuro\.config\yasb
2026-02-22 02:31:38,285 [INFO] [MainThread] [root/watcher.py:104]: Created file watcher
2026-02-22 02:31:38,343 [INFO] [MainThread] [root/update_service.py:429]: Background update checker started
2026-02-22 02:31:38,546 [DEBUG] [MainThread] [systray_widget/systray.py:492]: Loading state from C:\Users\kuuro\AppData\Local\YASB\systray_state_KOCHH24T09P.json
2026-02-22 02:31:38,548 [DEBUG] [SystrayMonitor] [systray_widget/systray.py:57]: Systray thread is starting...
2026-02-22 02:31:38,575 [DEBUG] [MainThread] [systray_widget/systray.py:243]: Systray thread started
2026-02-22 02:31:38,778 [DEBUG] [SystrayMonitor] [systray_widget/systray_monitor.py:168]: Adding TaskbandHWND prop to hwnd 18156900
2026-02-22 02:31:38,782 [DEBUG] [SystrayMonitor] [systray_widget/systray_monitor.py:246]: Finding real tray hwnd
2026-02-22 02:31:38,785 [DEBUG] [MainThread] [systray_widget/systray_monitor.py:160]: Sending TaskbarCreated message: 49351
2026-02-22 02:31:38,891 [INFO] [MainThread] [root/api.py:69]: Fetching new weather data at 2026-02-22 02:31:38.891022
2026-02-22 02:32:01,238 [DEBUG] [Thread-5] [root/watcher.py:90]: Config file modified: c:\users\kuuro\.config\yasb\config.yaml
2026-02-22 02:41:37,626 [INFO] [MainThread] [root/api.py:69]: Fetching new weather data at 2026-02-22 02:41:37.626206
2026-02-22 02:41:49,629 [DEBUG] [Thread-5] [root/watcher.py:90]: Config file modified: c:\users\kuuro\.config\yasb\config.yaml
2026-02-22 02:41:49,664 [INFO] [MainThread] [root/controller.py:15]: Reloading Application because of config change.
2026-02-22 02:41:49,769 [INFO] [MainThread] [cli_server/cli_server.py:114]: Log pipe server stopped
2026-02-22 02:41:49,769 [DEBUG] [MainThread] [cli_server/cli_server.py:209]: CLI server stopped
2026-02-22 02:41:49,775 [INFO] [MainThread] [root/bar_manager.py:79]: Successfully loaded updated config and re-initialised all bars.
2026-02-22 02:41:50,169 [INFO] [MainThread] [root/bar_manager.py:104]: Stopping WindowsNotificationEventListener...
2026-02-22 02:41:50,169 [INFO] [MainThread] [core.utils.widgets.taskbar.window_manager/window_manager.py:218]: TaskbarWindowManager stopped
2026-02-22 02:41:50,172 [DEBUG] [MainThread] [systray_widget/systray.py:470]: Saving state to disk
2026-02-22 02:41:50,173 [DEBUG] [MainThread] [systray_widget/systray.py:474]: Saving state to C:\Users\kuuro\AppData\Local\YASB\systray_state_KOCHH24T09P.json
2026-02-22 02:41:50,174 [DEBUG] [MainThread] [systray_widget/utils.py:97]: Destroying window 18156900
2026-02-22 02:41:50,174 [DEBUG] [MainThread] [systray_widget/utils.py:97]: Destroying window 18156900
2026-02-22 02:41:50,519 [INFO] [MainThread] [root/log.py:95]: YASB v1.8.9
2026-02-22 02:41:50,519 [INFO] [CLIPipeServer] [cli_server/cli_server.py:215]: CLI server started v1.1.5
2026-02-22 02:41:50,520 [INFO] [MainThread] [cli_server/cli_server.py:106]: Log pipe server started
2026-02-22 02:41:50,560 [DEBUG] [MainThread] [qasync._windows._EventPoller/_windows.py:215]: Starting (proactor: <_IocpProactor overlapped#=0 result#=0>)...
2026-02-22 02:41:50,561 [DEBUG] [Dummy-3] [qasync._windows._EventWorker/_windows.py:195]: Thread started
2026-02-22 02:41:50,601 [WARNING] [MainThread] [root/widget_builder.py:40]: No widget config could be found for widget 'windows_workspaces
2026-02-22 02:41:50,601 [WARNING] [MainThread] [root/widget_builder.py:40]: No widget config could be found for widget 'cava
2026-02-22 02:41:51,367 [INFO] [MainThread] [root/service.py:52]: AudioOutputService starting...
2026-02-22 02:41:52,064 [INFO] [MainThread] [root/bar_manager.py:88]: Starting WindowsNotificationEventListener...
2026-02-22 02:41:52,066 [ERROR] [MainThread] [root/widget_builder.py:97]: Failed to add undefined widget(s)  - The widget "cava" is undefined.
 - The widget "windows_workspaces" is undefined.
2026-02-22 02:41:52,110 [INFO] [MainThread] [root/watcher.py:65]: Watching directory: c:\users\kuuro\.config\yasb
2026-02-22 02:41:52,110 [INFO] [MainThread] [root/watcher.py:104]: Created file watcher
2026-02-22 02:41:52,172 [INFO] [MainThread] [root/update_service.py:429]: Background update checker started
2026-02-22 02:41:52,407 [DEBUG] [MainThread] [systray_widget/systray.py:492]: Loading state from C:\Users\kuuro\AppData\Local\YASB\systray_state_KOCHH24T09P.json
2026-02-22 02:41:52,409 [DEBUG] [SystrayMonitor] [systray_widget/systray.py:57]: Systray thread is starting...
2026-02-22 02:41:52,584 [DEBUG] [SystrayMonitor] [systray_widget/systray_monitor.py:246]: Finding real tray hwnd
2026-02-22 02:41:52,585 [DEBUG] [MainThread] [systray_widget/systray.py:243]: Systray thread started
2026-02-22 02:41:52,626 [INFO] [MainThread] [root/api.py:69]: Fetching new weather data at 2026-02-22 02:41:52.626407
2026-02-22 02:41:52,788 [DEBUG] [SystrayMonitor] [systray_widget/systray_monitor.py:168]: Adding TaskbandHWND prop to hwnd 7015452
2026-02-22 02:41:52,800 [DEBUG] [MainThread] [systray_widget/systray_monitor.py:160]: Sending TaskbarCreated message: 49351
2026-02-22 02:42:08,600 [DEBUG] [Thread-5] [root/watcher.py:90]: Config file modified: c:\users\kuuro\.config\yasb\config.yaml
2026-02-22 02:42:08,630 [INFO] [MainThread] [root/controller.py:15]: Reloading Application because of config change.
2026-02-22 02:42:08,733 [INFO] [MainThread] [cli_server/cli_server.py:114]: Log pipe server stopped
2026-02-22 02:42:08,733 [DEBUG] [MainThread] [cli_server/cli_server.py:209]: CLI server stopped
2026-02-22 02:42:08,740 [INFO] [MainThread] [root/bar_manager.py:79]: Successfully loaded updated config and re-initialised all bars.
2026-02-22 02:42:08,887 [INFO] [MainThread] [root/bar_manager.py:104]: Stopping WindowsNotificationEventListener...
2026-02-22 02:42:08,896 [DEBUG] [MainThread] [systray_widget/systray.py:470]: Saving state to disk
2026-02-22 02:42:08,898 [DEBUG] [MainThread] [systray_widget/systray.py:474]: Saving state to C:\Users\kuuro\AppData\Local\YASB\systray_state_KOCHH24T09P.json
2026-02-22 02:42:08,900 [DEBUG] [MainThread] [systray_widget/utils.py:97]: Destroying window 7015452
2026-02-22 02:42:08,902 [DEBUG] [MainThread] [systray_widget/utils.py:97]: Destroying window 7015452
2026-02-22 02:42:09,517 [INFO] [MainThread] [root/log.py:95]: YASB v1.8.9
2026-02-22 02:42:09,517 [INFO] [CLIPipeServer] [cli_server/cli_server.py:215]: CLI server started v1.1.5
2026-02-22 02:42:09,518 [INFO] [MainThread] [cli_server/cli_server.py:106]: Log pipe server started
2026-02-22 02:42:09,561 [DEBUG] [MainThread] [qasync._windows._EventPoller/_windows.py:215]: Starting (proactor: <_IocpProactor overlapped#=0 result#=0>)...
2026-02-22 02:42:09,562 [DEBUG] [Dummy-3] [qasync._windows._EventWorker/_windows.py:195]: Thread started
2026-02-22 02:42:09,653 [DEBUG] [MainThread] [pyvda.build/build.py:53]: Starting feature detection...
2026-02-22 02:42:09,653 [DEBUG] [MainThread] [pyvda.build/build.py:57]: Feature detection complete. Windows version is over 26100
2026-02-22 02:42:10,947 [INFO] [MainThread] [root/service.py:52]: AudioOutputService starting...
2026-02-22 02:42:11,758 [INFO] [MainThread] [root/bar_manager.py:88]: Starting WindowsNotificationEventListener...
2026-02-22 02:42:11,763 [INFO] [MainThread] [root/watcher.py:65]: Watching directory: c:\users\kuuro\.config\yasb
2026-02-22 02:42:11,763 [INFO] [MainThread] [root/watcher.py:104]: Created file watcher
2026-02-22 02:42:11,839 [INFO] [MainThread] [root/update_service.py:429]: Background update checker started
2026-02-22 02:42:12,211 [DEBUG] [MainThread] [systray_widget/systray.py:492]: Loading state from C:\Users\kuuro\AppData\Local\YASB\systray_state_KOCHH24T09P.json
2026-02-22 02:42:12,215 [DEBUG] [SystrayMonitor] [systray_widget/systray.py:57]: Systray thread is starting...
2026-02-22 02:42:12,273 [DEBUG] [MainThread] [systray_widget/systray.py:243]: Systray thread started
2026-02-22 02:42:12,409 [INFO] [MainThread] [root/api.py:69]: Fetching new weather data at 2026-02-22 02:42:12.409409
2026-02-22 02:42:12,476 [DEBUG] [SystrayMonitor] [systray_widget/systray_monitor.py:168]: Adding TaskbandHWND prop to hwnd 265978
2026-02-22 02:42:12,482 [DEBUG] [SystrayMonitor] [systray_widget/systray_monitor.py:246]: Finding real tray hwnd
2026-02-22 02:42:12,489 [DEBUG] [MainThread] [systray_widget/systray_monitor.py:160]: Sending TaskbarCreated message: 49351
2026-02-22 02:42:19,676 [DEBUG] [Thread-6] [root/watcher.py:84]: Stylesheet modified: c:\users\kuuro\.config\yasb\styles.css
2026-02-22 02:43:12,472 [DEBUG] [Thread-6] [root/watcher.py:84]: Stylesheet modified: c:\users\kuuro\.config\yasb\styles.css
2026-02-22 02:44:05,938 [DEBUG] [Thread-6] [root/watcher.py:90]: Config file modified: c:\users\kuuro\.config\yasb\config.yaml
2026-02-22 02:44:05,980 [INFO] [MainThread] [root/controller.py:15]: Reloading Application because of config change.
2026-02-22 02:44:06,086 [INFO] [MainThread] [cli_server/cli_server.py:114]: Log pipe server stopped
2026-02-22 02:44:06,087 [DEBUG] [MainThread] [cli_server/cli_server.py:209]: CLI server stopped
2026-02-22 02:44:06,093 [INFO] [MainThread] [root/bar_manager.py:79]: Successfully loaded updated config and re-initialised all bars.
2026-02-22 02:44:06,284 [INFO] [MainThread] [root/bar_manager.py:104]: Stopping WindowsNotificationEventListener...
2026-02-22 02:44:06,312 [DEBUG] [MainThread] [systray_widget/systray.py:470]: Saving state to disk
2026-02-22 02:44:06,313 [DEBUG] [MainThread] [systray_widget/systray.py:474]: Saving state to C:\Users\kuuro\AppData\Local\YASB\systray_state_KOCHH24T09P.json
2026-02-22 02:44:06,314 [DEBUG] [MainThread] [systray_widget/utils.py:97]: Destroying window 265978
2026-02-22 02:44:06,317 [DEBUG] [MainThread] [systray_widget/utils.py:97]: Destroying window 265978
2026-02-22 02:44:06,776 [INFO] [MainThread] [root/log.py:95]: YASB v1.8.9
2026-02-22 02:44:06,777 [INFO] [CLIPipeServer] [cli_server/cli_server.py:215]: CLI server started v1.1.5
2026-02-22 02:44:06,777 [INFO] [MainThread] [cli_server/cli_server.py:106]: Log pipe server started
2026-02-22 02:44:06,777 [INFO] [MainThread] [root/main.py:46]: Waiting for previous YASB instance to exit...
2026-02-22 02:44:08,029 [INFO] [MainThread] [root/main.py:72]: Previous instance exited, continuing startup.
2026-02-22 02:44:08,068 [DEBUG] [MainThread] [qasync._windows._EventPoller/_windows.py:215]: Starting (proactor: <_IocpProactor overlapped#=0 result#=0>)...
2026-02-22 02:44:08,069 [DEBUG] [Dummy-3] [qasync._windows._EventWorker/_windows.py:195]: Thread started
2026-02-22 02:44:08,153 [DEBUG] [MainThread] [pyvda.build/build.py:53]: Starting feature detection...
2026-02-22 02:44:08,154 [DEBUG] [MainThread] [pyvda.build/build.py:57]: Feature detection complete. Windows version is over 26100
2026-02-22 02:44:09,450 [INFO] [MainThread] [root/service.py:52]: AudioOutputService starting...
2026-02-22 02:44:10,241 [INFO] [MainThread] [root/bar_manager.py:88]: Starting WindowsNotificationEventListener...
2026-02-22 02:44:10,246 [INFO] [MainThread] [root/watcher.py:65]: Watching directory: c:\users\kuuro\.config\yasb
2026-02-22 02:44:10,247 [INFO] [MainThread] [root/watcher.py:104]: Created file watcher
2026-02-22 02:44:10,336 [INFO] [MainThread] [root/update_service.py:429]: Background update checker started
2026-02-22 02:44:10,667 [DEBUG] [MainThread] [systray_widget/systray.py:492]: Loading state from C:\Users\kuuro\AppData\Local\YASB\systray_state_KOCHH24T09P.json
2026-02-22 02:44:10,670 [DEBUG] [SystrayMonitor] [systray_widget/systray.py:57]: Systray thread is starting...
2026-02-22 02:44:10,712 [DEBUG] [MainThread] [systray_widget/systray.py:243]: Systray thread started
2026-02-22 02:44:10,908 [INFO] [MainThread] [root/api.py:69]: Fetching new weather data at 2026-02-22 02:44:10.908225
2026-02-22 02:44:10,922 [DEBUG] [SystrayMonitor] [systray_widget/systray_monitor.py:168]: Adding TaskbandHWND prop to hwnd 4262930
2026-02-22 02:44:10,928 [DEBUG] [SystrayMonitor] [systray_widget/systray_monitor.py:246]: Finding real tray hwnd
2026-02-22 02:44:10,933 [DEBUG] [MainThread] [systray_widget/systray_monitor.py:160]: Sending TaskbarCreated message: 49351
2026-02-22 02:44:51,047 [DEBUG] [Thread-6] [root/watcher.py:90]: Config file modified: c:\users\kuuro\.config\yasb\config.yaml
2026-02-22 02:44:51,075 [INFO] [MainThread] [root/controller.py:15]: Reloading Application because of config change.
2026-02-22 02:44:51,181 [INFO] [MainThread] [cli_server/cli_server.py:114]: Log pipe server stopped
2026-02-22 02:44:51,181 [DEBUG] [MainThread] [cli_server/cli_server.py:209]: CLI server stopped
2026-02-22 02:44:51,186 [INFO] [MainThread] [root/bar_manager.py:79]: Successfully loaded updated config and re-initialised all bars.
2026-02-22 02:44:51,348 [INFO] [MainThread] [root/bar_manager.py:104]: Stopping WindowsNotificationEventListener...
2026-02-22 02:44:51,369 [DEBUG] [MainThread] [systray_widget/systray.py:470]: Saving state to disk
2026-02-22 02:44:51,369 [DEBUG] [MainThread] [systray_widget/systray.py:474]: Saving state to C:\Users\kuuro\AppData\Local\YASB\systray_state_KOCHH24T09P.json
2026-02-22 02:44:51,371 [DEBUG] [MainThread] [systray_widget/utils.py:97]: Destroying window 4262930
2026-02-22 02:44:51,372 [DEBUG] [MainThread] [systray_widget/utils.py:97]: Destroying window 4262930
2026-02-22 02:44:51,853 [INFO] [MainThread] [root/log.py:95]: YASB v1.8.9
2026-02-22 02:44:51,854 [INFO] [CLIPipeServer] [cli_server/cli_server.py:215]: CLI server started v1.1.5
2026-02-22 02:44:51,854 [INFO] [MainThread] [cli_server/cli_server.py:106]: Log pipe server started
2026-02-22 02:44:51,855 [INFO] [MainThread] [root/main.py:46]: Waiting for previous YASB instance to exit...
2026-02-22 02:44:53,106 [INFO] [MainThread] [root/main.py:72]: Previous instance exited, continuing startup.
2026-02-22 02:44:53,143 [DEBUG] [MainThread] [qasync._windows._EventPoller/_windows.py:215]: Starting (proactor: <_IocpProactor overlapped#=0 result#=0>)...
2026-02-22 02:44:53,144 [DEBUG] [Dummy-3] [qasync._windows._EventWorker/_windows.py:195]: Thread started
2026-02-22 02:44:54,154 [INFO] [MainThread] [root/bar_manager.py:88]: Starting WindowsNotificationEventListener...
2026-02-22 02:44:54,158 [INFO] [MainThread] [root/watcher.py:65]: Watching directory: c:\users\kuuro\.config\yasb
2026-02-22 02:44:54,158 [INFO] [MainThread] [root/watcher.py:104]: Created file watcher
2026-02-22 02:44:54,230 [INFO] [MainThread] [root/update_service.py:429]: Background update checker started
2026-02-22 02:45:32,938 [DEBUG] [Thread-4] [root/watcher.py:90]: Config file modified: c:\users\kuuro\.config\yasb\config.yaml
2026-02-22 02:45:32,972 [INFO] [MainThread] [root/controller.py:15]: Reloading Application because of config change.
2026-02-22 02:45:33,073 [INFO] [MainThread] [cli_server/cli_server.py:114]: Log pipe server stopped
2026-02-22 02:45:33,074 [DEBUG] [MainThread] [cli_server/cli_server.py:209]: CLI server stopped
2026-02-22 02:45:33,080 [INFO] [MainThread] [root/bar_manager.py:79]: Successfully loaded updated config and re-initialised all bars.
2026-02-22 02:45:33,209 [INFO] [MainThread] [root/bar_manager.py:104]: Stopping WindowsNotificationEventListener...
2026-02-22 02:45:33,795 [INFO] [MainThread] [root/log.py:95]: YASB v1.8.9
2026-02-22 02:45:33,796 [INFO] [CLIPipeServer] [cli_server/cli_server.py:215]: CLI server started v1.1.5
2026-02-22 02:45:33,796 [INFO] [MainThread] [cli_server/cli_server.py:106]: Log pipe server started
2026-02-22 02:45:33,797 [INFO] [MainThread] [root/main.py:46]: Waiting for previous YASB instance to exit...
2026-02-22 02:45:34,798 [INFO] [MainThread] [root/main.py:72]: Previous instance exited, continuing startup.
2026-02-22 02:45:34,838 [DEBUG] [MainThread] [qasync._windows._EventPoller/_windows.py:215]: Starting (proactor: <_IocpProactor overlapped#=0 result#=0>)...
2026-02-22 02:45:34,839 [DEBUG] [Dummy-3] [qasync._windows._EventWorker/_windows.py:195]: Thread started
2026-02-22 02:45:34,922 [DEBUG] [MainThread] [pyvda.build/build.py:53]: Starting feature detection...
2026-02-22 02:45:34,923 [DEBUG] [MainThread] [pyvda.build/build.py:57]: Feature detection complete. Windows version is over 26100
2026-02-22 02:45:36,543 [INFO] [MainThread] [root/bar_manager.py:88]: Starting WindowsNotificationEventListener...
2026-02-22 02:45:36,548 [INFO] [MainThread] [root/watcher.py:65]: Watching directory: c:\users\kuuro\.config\yasb
2026-02-22 02:45:36,548 [INFO] [MainThread] [root/watcher.py:104]: Created file watcher
2026-02-22 02:45:36,628 [INFO] [MainThread] [root/update_service.py:429]: Background update checker started
2026-02-22 02:46:47,992 [DEBUG] [Thread-5] [root/watcher.py:84]: Stylesheet modified: c:\users\kuuro\.config\yasb\styles.css
2026-02-22 02:47:45,449 [DEBUG] [Thread-5] [root/watcher.py:90]: Config file modified: c:\users\kuuro\.config\yasb\config.yaml
2026-02-22 02:47:45,490 [INFO] [MainThread] [root/controller.py:15]: Reloading Application because of config change.
2026-02-22 02:47:45,601 [INFO] [MainThread] [cli_server/cli_server.py:114]: Log pipe server stopped
2026-02-22 02:47:45,601 [DEBUG] [MainThread] [cli_server/cli_server.py:209]: CLI server stopped
2026-02-22 02:47:45,607 [INFO] [MainThread] [root/bar_manager.py:79]: Successfully loaded updated config and re-initialised all bars.
2026-02-22 02:47:45,746 [INFO] [MainThread] [root/bar_manager.py:104]: Stopping WindowsNotificationEventListener...
2026-02-22 02:47:46,386 [INFO] [MainThread] [root/log.py:95]: YASB v1.8.9
2026-02-22 02:47:46,386 [INFO] [CLIPipeServer] [cli_server/cli_server.py:215]: CLI server started v1.1.5
2026-02-22 02:47:46,387 [INFO] [MainThread] [cli_server/cli_server.py:106]: Log pipe server started
2026-02-22 02:47:46,431 [DEBUG] [MainThread] [qasync._windows._EventPoller/_windows.py:215]: Starting (proactor: <_IocpProactor overlapped#=0 result#=0>)...
2026-02-22 02:47:46,432 [DEBUG] [Dummy-3] [qasync._windows._EventWorker/_windows.py:195]: Thread started
2026-02-22 02:47:46,624 [DEBUG] [MainThread] [pyvda.build/build.py:53]: Starting feature detection...
2026-02-22 02:47:46,625 [DEBUG] [MainThread] [pyvda.build/build.py:57]: Feature detection complete. Windows version is over 26100
2026-02-22 02:47:48,126 [INFO] [MainThread] [root/bar_manager.py:88]: Starting WindowsNotificationEventListener...
2026-02-22 02:47:48,128 [INFO] [MainThread] [root/watcher.py:65]: Watching directory: c:\users\kuuro\.config\yasb
2026-02-22 02:47:48,130 [INFO] [MainThread] [root/watcher.py:104]: Created file watcher
2026-02-22 02:47:48,190 [INFO] [MainThread] [root/update_service.py:429]: Background update checker started
2026-02-22 02:47:51,728 [DEBUG] [Thread-5] [root/watcher.py:90]: Config file modified: c:\users\kuuro\.config\yasb\config.yaml
2026-02-22 02:47:51,765 [INFO] [MainThread] [root/controller.py:15]: Reloading Application because of config change.
2026-02-22 02:47:51,874 [INFO] [MainThread] [cli_server/cli_server.py:114]: Log pipe server stopped
2026-02-22 02:47:51,874 [DEBUG] [MainThread] [cli_server/cli_server.py:209]: CLI server stopped
2026-02-22 02:47:51,881 [INFO] [MainThread] [root/bar_manager.py:79]: Successfully loaded updated config and re-initialised all bars.
2026-02-22 02:47:52,019 [INFO] [MainThread] [root/bar_manager.py:104]: Stopping WindowsNotificationEventListener...
2026-02-22 02:47:52,580 [INFO] [MainThread] [root/log.py:95]: YASB v1.8.9
2026-02-22 02:47:52,580 [INFO] [CLIPipeServer] [cli_server/cli_server.py:215]: CLI server started v1.1.5
2026-02-22 02:47:52,581 [INFO] [MainThread] [cli_server/cli_server.py:106]: Log pipe server started
2026-02-22 02:47:52,624 [DEBUG] [MainThread] [qasync._windows._EventPoller/_windows.py:215]: Starting (proactor: <_IocpProactor overlapped#=0 result#=0>)...
2026-02-22 02:47:52,625 [DEBUG] [Dummy-3] [qasync._windows._EventWorker/_windows.py:195]: Thread started
2026-02-22 02:47:52,836 [DEBUG] [MainThread] [pyvda.build/build.py:53]: Starting feature detection...
2026-02-22 02:47:52,837 [DEBUG] [MainThread] [pyvda.build/build.py:57]: Feature detection complete. Windows version is over 26100
2026-02-22 02:47:54,342 [INFO] [MainThread] [root/bar_manager.py:88]: Starting WindowsNotificationEventListener...
2026-02-22 02:47:54,348 [INFO] [MainThread] [root/watcher.py:65]: Watching directory: c:\users\kuuro\.config\yasb
2026-02-22 02:47:54,348 [INFO] [MainThread] [root/watcher.py:104]: Created file watcher
2026-02-22 02:47:54,419 [INFO] [MainThread] [root/update_service.py:429]: Background update checker started
2026-02-22 02:48:53,694 [DEBUG] [Thread-5] [root/watcher.py:90]: Config file modified: c:\users\kuuro\.config\yasb\config.yaml
2026-02-22 02:48:53,735 [INFO] [MainThread] [root/controller.py:15]: Reloading Application because of config change.
2026-02-22 02:48:53,838 [INFO] [MainThread] [cli_server/cli_server.py:114]: Log pipe server stopped
2026-02-22 02:48:53,839 [DEBUG] [MainThread] [cli_server/cli_server.py:209]: CLI server stopped
2026-02-22 02:48:53,846 [INFO] [MainThread] [root/bar_manager.py:79]: Successfully loaded updated config and re-initialised all bars.
2026-02-22 02:48:53,982 [INFO] [MainThread] [root/bar_manager.py:104]: Stopping WindowsNotificationEventListener...
2026-02-22 02:48:54,589 [INFO] [MainThread] [root/log.py:95]: YASB v1.8.9
2026-02-22 02:48:54,590 [INFO] [CLIPipeServer] [cli_server/cli_server.py:215]: CLI server started v1.1.5
2026-02-22 02:48:54,590 [INFO] [MainThread] [cli_server/cli_server.py:106]: Log pipe server started
2026-02-22 02:48:54,636 [DEBUG] [MainThread] [qasync._windows._EventPoller/_windows.py:215]: Starting (proactor: <_IocpProactor overlapped#=0 result#=0>)...
2026-02-22 02:48:54,637 [DEBUG] [Dummy-3] [qasync._windows._EventWorker/_windows.py:195]: Thread started
2026-02-22 02:48:54,722 [DEBUG] [MainThread] [pyvda.build/build.py:53]: Starting feature detection...
2026-02-22 02:48:54,723 [DEBUG] [MainThread] [pyvda.build/build.py:57]: Feature detection complete. Windows version is over 26100
2026-02-22 02:48:56,360 [INFO] [MainThread] [root/bar_manager.py:88]: Starting WindowsNotificationEventListener...
2026-02-22 02:48:56,364 [INFO] [MainThread] [root/watcher.py:65]: Watching directory: c:\users\kuuro\.config\yasb
2026-02-22 02:48:56,364 [INFO] [MainThread] [root/watcher.py:104]: Created file watcher
2026-02-22 02:48:56,451 [INFO] [MainThread] [root/update_service.py:429]: Background update checker started
2026-02-22 02:50:08,308 [DEBUG] [Thread-5] [root/watcher.py:90]: Config file modified: c:\users\kuuro\.config\yasb\config.yaml
2026-02-22 02:50:08,353 [INFO] [MainThread] [root/controller.py:15]: Reloading Application because of config change.
2026-02-22 02:50:08,458 [INFO] [MainThread] [cli_server/cli_server.py:114]: Log pipe server stopped
2026-02-22 02:50:08,458 [DEBUG] [MainThread] [cli_server/cli_server.py:209]: CLI server stopped
2026-02-22 02:50:08,465 [INFO] [MainThread] [root/bar_manager.py:79]: Successfully loaded updated config and re-initialised all bars.
2026-02-22 02:50:08,592 [INFO] [MainThread] [root/bar_manager.py:104]: Stopping WindowsNotificationEventListener...
2026-02-22 02:50:09,151 [INFO] [MainThread] [root/log.py:95]: YASB v1.8.9
2026-02-22 02:50:09,152 [INFO] [CLIPipeServer] [cli_server/cli_server.py:215]: CLI server started v1.1.5
2026-02-22 02:50:09,152 [INFO] [MainThread] [cli_server/cli_server.py:106]: Log pipe server started
2026-02-22 02:50:09,208 [DEBUG] [MainThread] [qasync._windows._EventPoller/_windows.py:215]: Starting (proactor: <_IocpProactor overlapped#=0 result#=0>)...
2026-02-22 02:50:09,209 [DEBUG] [Dummy-3] [qasync._windows._EventWorker/_windows.py:195]: Thread started
2026-02-22 02:50:09,471 [DEBUG] [MainThread] [pyvda.build/build.py:53]: Starting feature detection...
2026-02-22 02:50:09,472 [DEBUG] [MainThread] [pyvda.build/build.py:57]: Feature detection complete. Windows version is over 26100
2026-02-22 02:50:11,011 [INFO] [MainThread] [root/bar_manager.py:88]: Starting WindowsNotificationEventListener...
2026-02-22 02:50:11,014 [INFO] [MainThread] [root/watcher.py:65]: Watching directory: c:\users\kuuro\.config\yasb
2026-02-22 02:50:11,015 [INFO] [MainThread] [root/watcher.py:104]: Created file watcher
2026-02-22 02:50:11,092 [INFO] [MainThread] [root/update_service.py:429]: Background update checker started
2026-02-22 02:51:25,267 [DEBUG] [Thread-5] [root/watcher.py:90]: Config file modified: c:\users\kuuro\.config\yasb\config.yaml
2026-02-22 02:51:25,309 [INFO] [MainThread] [root/controller.py:15]: Reloading Application because of config change.
2026-02-22 02:51:25,410 [INFO] [MainThread] [cli_server/cli_server.py:114]: Log pipe server stopped
2026-02-22 02:51:25,410 [DEBUG] [MainThread] [cli_server/cli_server.py:209]: CLI server stopped
2026-02-22 02:51:25,417 [INFO] [MainThread] [root/bar_manager.py:79]: Successfully loaded updated config and re-initialised all bars.
2026-02-22 02:51:25,577 [INFO] [MainThread] [root/bar_manager.py:104]: Stopping WindowsNotificationEventListener...
2026-02-22 02:51:26,137 [INFO] [MainThread] [root/log.py:95]: YASB v1.8.9
2026-02-22 02:51:26,137 [INFO] [CLIPipeServer] [cli_server/cli_server.py:215]: CLI server started v1.1.5
2026-02-22 02:51:26,138 [INFO] [MainThread] [cli_server/cli_server.py:106]: Log pipe server started
2026-02-22 02:51:26,187 [DEBUG] [MainThread] [qasync._windows._EventPoller/_windows.py:215]: Starting (proactor: <_IocpProactor overlapped#=0 result#=0>)...
2026-02-22 02:51:26,189 [DEBUG] [Dummy-3] [qasync._windows._EventWorker/_windows.py:195]: Thread started
2026-02-22 02:51:26,413 [DEBUG] [MainThread] [pyvda.build/build.py:53]: Starting feature detection...
2026-02-22 02:51:26,413 [DEBUG] [MainThread] [pyvda.build/build.py:57]: Feature detection complete. Windows version is over 26100
2026-02-22 02:51:27,926 [INFO] [MainThread] [root/bar_manager.py:88]: Starting WindowsNotificationEventListener...
2026-02-22 02:51:27,929 [INFO] [MainThread] [root/watcher.py:65]: Watching directory: c:\users\kuuro\.config\yasb
2026-02-22 02:51:27,929 [INFO] [MainThread] [root/watcher.py:104]: Created file watcher
2026-02-22 02:51:28,001 [INFO] [MainThread] [root/update_service.py:429]: Background update checker started
2026-02-22 02:52:14,425 [ERROR] [MainThread] [MediaWidget/media.py:1035]: Error creating corner mask, return default thumb: y1 must be greater than or equal to y0
2026-02-22 02:53:22,609 [DEBUG] [Thread-5] [root/watcher.py:90]: Config file modified: c:\users\kuuro\.config\yasb\config.yaml
2026-02-22 02:53:22,645 [INFO] [MainThread] [root/controller.py:15]: Reloading Application because of config change.
2026-02-22 02:53:22,756 [INFO] [MainThread] [cli_server/cli_server.py:114]: Log pipe server stopped
2026-02-22 02:53:22,756 [DEBUG] [MainThread] [cli_server/cli_server.py:209]: CLI server stopped
2026-02-22 02:53:22,763 [INFO] [MainThread] [root/bar_manager.py:79]: Successfully loaded updated config and re-initialised all bars.
2026-02-22 02:53:22,894 [INFO] [MainThread] [root/bar_manager.py:104]: Stopping WindowsNotificationEventListener...
2026-02-22 02:53:23,420 [INFO] [MainThread] [root/log.py:95]: YASB v1.8.9
2026-02-22 02:53:23,420 [INFO] [CLIPipeServer] [cli_server/cli_server.py:215]: CLI server started v1.1.5
2026-02-22 02:53:23,421 [INFO] [MainThread] [cli_server/cli_server.py:106]: Log pipe server started
2026-02-22 02:53:23,463 [DEBUG] [MainThread] [qasync._windows._EventPoller/_windows.py:215]: Starting (proactor: <_IocpProactor overlapped#=0 result#=0>)...
2026-02-22 02:53:23,465 [DEBUG] [Dummy-3] [qasync._windows._EventWorker/_windows.py:195]: Thread started
2026-02-22 02:53:23,671 [DEBUG] [MainThread] [pyvda.build/build.py:53]: Starting feature detection...
2026-02-22 02:53:23,671 [DEBUG] [MainThread] [pyvda.build/build.py:57]: Feature detection complete. Windows version is over 26100
2026-02-22 02:53:24,558 [WARNING] [MainThread] [root/widget_builder.py:40]: No widget config could be found for widget 'github
2026-02-22 02:53:24,964 [ERROR] [MainThread] [root/widget_builder.py:97]: Failed to add undefined widget(s)  - The widget "github" is undefined.
2026-02-22 02:53:24,992 [INFO] [MainThread] [root/watcher.py:65]: Watching directory: c:\users\kuuro\.config\yasb
2026-02-22 02:53:24,992 [INFO] [MainThread] [root/watcher.py:104]: Created file watcher
2026-02-22 02:53:25,039 [INFO] [MainThread] [root/update_service.py:429]: Background update checker started
2026-02-22 02:53:32,021 [DEBUG] [Thread-5] [root/watcher.py:90]: Config file modified: c:\users\kuuro\.config\yasb\config.yaml
2026-02-22 02:53:32,049 [INFO] [MainThread] [root/controller.py:15]: Reloading Application because of config change.
2026-02-22 02:53:32,151 [INFO] [MainThread] [cli_server/cli_server.py:114]: Log pipe server stopped
2026-02-22 02:53:32,151 [DEBUG] [MainThread] [cli_server/cli_server.py:209]: CLI server stopped
2026-02-22 02:53:32,170 [INFO] [MainThread] [root/bar_manager.py:79]: Successfully loaded updated config and re-initialised all bars.
2026-02-22 02:53:32,873 [INFO] [MainThread] [root/log.py:95]: YASB v1.8.9
2026-02-22 02:53:32,874 [INFO] [CLIPipeServer] [cli_server/cli_server.py:215]: CLI server started v1.1.5
2026-02-22 02:53:32,875 [INFO] [MainThread] [cli_server/cli_server.py:106]: Log pipe server started
2026-02-22 02:53:32,924 [DEBUG] [MainThread] [qasync._windows._EventPoller/_windows.py:215]: Starting (proactor: <_IocpProactor overlapped#=0 result#=0>)...
2026-02-22 02:53:32,926 [DEBUG] [Dummy-3] [qasync._windows._EventWorker/_windows.py:195]: Thread started
2026-02-22 02:53:33,126 [DEBUG] [MainThread] [pyvda.build/build.py:53]: Starting feature detection...
2026-02-22 02:53:33,126 [DEBUG] [MainThread] [pyvda.build/build.py:57]: Feature detection complete. Windows version is over 26100
2026-02-22 02:53:34,024 [INFO] [MainThread] [root/api.py:60]: GitHubDataManager started...
2026-02-22 02:53:34,518 [INFO] [MainThread] [root/watcher.py:65]: Watching directory: c:\users\kuuro\.config\yasb
2026-02-22 02:53:34,518 [INFO] [MainThread] [root/watcher.py:104]: Created file watcher
2026-02-22 02:53:34,573 [INFO] [MainThread] [root/update_service.py:429]: Background update checker started
2026-02-22 02:58:52,710 [ERROR] [MainThread] [MediaWidget/media.py:1035]: Error creating corner mask, return default thumb: y1 must be greater than or equal to y0
2026-02-22 02:59:08,397 [ERROR] [MainThread] [MediaWidget/media.py:1035]: Error creating corner mask, return default thumb: y1 must be greater than or equal to y0
2026-02-22 02:59:41,733 [ERROR] [MainThread] [MediaWidget/media.py:1035]: Error creating corner mask, return default thumb: y1 must be greater than or equal to y0
2026-02-22 02:59:41,744 [ERROR] [MainThread] [MediaWidget/media.py:1035]: Error creating corner mask, return default thumb: y1 must be greater than or equal to y0
2026-02-22 02:59:44,401 [ERROR] [MainThread] [MediaWidget/media.py:1035]: Error creating corner mask, return default thumb: y1 must be greater than or equal to y0
2026-02-22 02:59:44,417 [ERROR] [MainThread] [MediaWidget/media.py:1035]: Error creating corner mask, return default thumb: y1 must be greater than or equal to y0
2026-02-22 03:03:31,892 [ERROR] [MainThread] [MediaWidget/media.py:1035]: Error creating corner mask, return default thumb: y1 must be greater than or equal to y0
2026-02-22 03:03:31,899 [ERROR] [MainThread] [MediaWidget/media.py:1035]: Error creating corner mask, return default thumb: y1 must be greater than or equal to y0
2026-02-22 03:06:51,142 [DEBUG] [Thread-5] [root/watcher.py:90]: Config file modified: c:\users\kuuro\.config\yasb\config.yaml
2026-02-22 03:06:51,182 [INFO] [MainThread] [root/controller.py:15]: Reloading Application because of config change.
2026-02-22 03:06:51,294 [INFO] [MainThread] [cli_server/cli_server.py:114]: Log pipe server stopped
2026-02-22 03:06:51,294 [DEBUG] [MainThread] [cli_server/cli_server.py:209]: CLI server stopped
2026-02-22 03:06:51,301 [INFO] [MainThread] [root/bar_manager.py:79]: Successfully loaded updated config and re-initialised all bars.
2026-02-22 03:06:52,064 [INFO] [MainThread] [root/log.py:95]: YASB v1.8.9
2026-02-22 03:06:52,065 [INFO] [CLIPipeServer] [cli_server/cli_server.py:215]: CLI server started v1.1.5
2026-02-22 03:06:52,065 [INFO] [MainThread] [cli_server/cli_server.py:106]: Log pipe server started
2026-02-22 03:06:52,152 [DEBUG] [MainThread] [qasync._windows._EventPoller/_windows.py:215]: Starting (proactor: <_IocpProactor overlapped#=0 result#=0>)...
2026-02-22 03:06:52,156 [DEBUG] [Dummy-3] [qasync._windows._EventWorker/_windows.py:195]: Thread started
2026-02-22 03:06:52,394 [DEBUG] [MainThread] [pyvda.build/build.py:53]: Starting feature detection...
2026-02-22 03:06:52,394 [DEBUG] [MainThread] [pyvda.build/build.py:57]: Feature detection complete. Windows version is over 26100
2026-02-22 03:06:53,534 [WARNING] [MainThread] [root/widget_builder.py:40]: No widget config could be found for widget 'last_commit
2026-02-22 03:06:54,113 [ERROR] [MainThread] [root/widget_builder.py:97]: Failed to add undefined widget(s)  - The widget "last_commit" is undefined.
2026-02-22 03:06:54,152 [INFO] [MainThread] [root/watcher.py:65]: Watching directory: c:\users\kuuro\.config\yasb
2026-02-22 03:06:54,152 [INFO] [MainThread] [root/watcher.py:104]: Created file watcher
2026-02-22 03:06:54,247 [INFO] [MainThread] [root/update_service.py:429]: Background update checker started
2026-02-22 03:06:59,400 [DEBUG] [Thread-5] [root/watcher.py:90]: Config file modified: c:\users\kuuro\.config\yasb\config.yaml
2026-02-22 03:06:59,432 [INFO] [MainThread] [root/controller.py:15]: Reloading Application because of config change.
2026-02-22 03:06:59,535 [INFO] [MainThread] [cli_server/cli_server.py:114]: Log pipe server stopped
2026-02-22 03:06:59,535 [DEBUG] [MainThread] [cli_server/cli_server.py:209]: CLI server stopped
2026-02-22 03:06:59,542 [INFO] [MainThread] [root/bar_manager.py:79]: Successfully loaded updated config and re-initialised all bars.
2026-02-22 03:07:00,258 [INFO] [MainThread] [root/log.py:95]: YASB v1.8.9
2026-02-22 03:07:00,258 [INFO] [CLIPipeServer] [cli_server/cli_server.py:215]: CLI server started v1.1.5
2026-02-22 03:07:00,258 [INFO] [MainThread] [cli_server/cli_server.py:106]: Log pipe server started
2026-02-22 03:07:00,310 [DEBUG] [MainThread] [qasync._windows._EventPoller/_windows.py:215]: Starting (proactor: <_IocpProactor overlapped#=0 result#=0>)...
2026-02-22 03:07:00,311 [DEBUG] [Dummy-3] [qasync._windows._EventWorker/_windows.py:195]: Thread started
2026-02-22 03:07:00,557 [DEBUG] [MainThread] [pyvda.build/build.py:53]: Starting feature detection...
2026-02-22 03:07:00,557 [DEBUG] [MainThread] [pyvda.build/build.py:57]: Feature detection complete. Windows version is over 26100
2026-02-22 03:07:01,972 [ERROR] [MainThread] [root/widget_builder.py:111]: Failed to validate widget(s) due to invalid options  - last_commit
      class_name:
      - Field required
      cmd:
      - Extra inputs are not permitted
      update_interval:
      - Extra inputs are not permitted
      
2026-02-22 03:07:02,004 [INFO] [MainThread] [root/watcher.py:65]: Watching directory: c:\users\kuuro\.config\yasb
2026-02-22 03:07:02,004 [INFO] [MainThread] [root/watcher.py:104]: Created file watcher
2026-02-22 03:07:02,067 [INFO] [MainThread] [root/update_service.py:429]: Background update checker started
2026-02-22 03:07:07,883 [DEBUG] [Thread-5] [root/watcher.py:84]: Stylesheet modified: c:\users\kuuro\.config\yasb\styles.css
2026-02-22 03:07:30,964 [ERROR] [MainThread] [MediaWidget/media.py:1035]: Error creating corner mask, return default thumb: y1 must be greater than or equal to y0
2026-02-22 03:07:30,969 [ERROR] [MainThread] [MediaWidget/media.py:1035]: Error creating corner mask, return default thumb: y1 must be greater than or equal to y0
2026-02-22 03:07:47,614 [DEBUG] [Thread-5] [root/watcher.py:90]: Config file modified: c:\users\kuuro\.config\yasb\config.yaml
2026-02-22 03:07:47,653 [INFO] [MainThread] [root/controller.py:15]: Reloading Application because of config change.
2026-02-22 03:07:47,760 [INFO] [MainThread] [cli_server/cli_server.py:114]: Log pipe server stopped
2026-02-22 03:07:47,760 [DEBUG] [MainThread] [cli_server/cli_server.py:209]: CLI server stopped
2026-02-22 03:07:47,769 [INFO] [MainThread] [root/bar_manager.py:79]: Successfully loaded updated config and re-initialised all bars.
2026-02-22 03:07:48,542 [INFO] [MainThread] [root/log.py:95]: YASB v1.8.9
2026-02-22 03:07:48,543 [INFO] [CLIPipeServer] [cli_server/cli_server.py:215]: CLI server started v1.1.5
2026-02-22 03:07:48,543 [INFO] [MainThread] [cli_server/cli_server.py:106]: Log pipe server started
2026-02-22 03:07:48,597 [DEBUG] [MainThread] [qasync._windows._EventPoller/_windows.py:215]: Starting (proactor: <_IocpProactor overlapped#=0 result#=0>)...
2026-02-22 03:07:48,598 [DEBUG] [Dummy-3] [qasync._windows._EventWorker/_windows.py:195]: Thread started
2026-02-22 03:07:48,807 [DEBUG] [MainThread] [pyvda.build/build.py:53]: Starting feature detection...
2026-02-22 03:07:48,808 [DEBUG] [MainThread] [pyvda.build/build.py:57]: Feature detection complete. Windows version is over 26100
2026-02-22 03:07:50,243 [INFO] [MainThread] [root/watcher.py:65]: Watching directory: c:\users\kuuro\.config\yasb
2026-02-22 03:07:50,243 [INFO] [MainThread] [root/watcher.py:104]: Created file watcher
2026-02-22 03:07:50,322 [INFO] [MainThread] [root/update_service.py:429]: Background update checker started
2026-02-22 03:10:32,170 [DEBUG] [Thread-6] [root/watcher.py:84]: Stylesheet modified: c:\users\kuuro\.config\yasb\styles.css
2026-02-22 03:10:35,907 [ERROR] [MainThread] [MediaWidget/media.py:1035]: Error creating corner mask, return default thumb: y1 must be greater than or equal to y0
2026-02-22 03:10:35,917 [ERROR] [MainThread] [MediaWidget/media.py:1035]: Error creating corner mask, return default thumb: y1 must be greater than or equal to y0
2026-02-22 03:11:07,918 [INFO] [MainThread] [root/log.py:95]: YASB v1.8.9
2026-02-22 03:11:07,918 [INFO] [CLIPipeServer] [cli_server/cli_server.py:215]: CLI server started v1.1.5
2026-02-22 03:11:07,919 [INFO] [MainThread] [cli_server/cli_server.py:106]: Log pipe server started
2026-02-22 03:11:07,964 [DEBUG] [MainThread] [qasync._windows._EventPoller/_windows.py:215]: Starting (proactor: <_IocpProactor overlapped#=0 result#=0>)...
2026-02-22 03:11:07,967 [DEBUG] [Dummy-3] [qasync._windows._EventWorker/_windows.py:195]: Thread started
2026-02-22 03:11:08,148 [DEBUG] [MainThread] [pyvda.build/build.py:53]: Starting feature detection...
2026-02-22 03:11:08,149 [DEBUG] [MainThread] [pyvda.build/build.py:57]: Feature detection complete. Windows version is over 26100
2026-02-22 03:11:09,557 [INFO] [MainThread] [root/watcher.py:65]: Watching directory: c:\users\kuuro\.config\yasb
2026-02-22 03:11:09,557 [INFO] [MainThread] [root/watcher.py:104]: Created file watcher
2026-02-22 03:11:09,640 [INFO] [MainThread] [root/update_service.py:429]: Background update checker started
2026-02-22 03:11:55,786 [DEBUG] [Thread-6] [root/watcher.py:84]: Stylesheet modified: c:\users\kuuro\.config\yasb\styles.css
2026-02-22 03:12:05,787 [INFO] [MainThread] [root/log.py:95]: YASB v1.8.9
2026-02-22 03:12:05,787 [INFO] [CLIPipeServer] [cli_server/cli_server.py:215]: CLI server started v1.1.5
2026-02-22 03:12:05,787 [INFO] [MainThread] [cli_server/cli_server.py:106]: Log pipe server started
2026-02-22 03:12:05,832 [DEBUG] [MainThread] [qasync._windows._EventPoller/_windows.py:215]: Starting (proactor: <_IocpProactor overlapped#=0 result#=0>)...
2026-02-22 03:12:05,833 [DEBUG] [Dummy-3] [qasync._windows._EventWorker/_windows.py:195]: Thread started
2026-02-22 03:12:06,012 [DEBUG] [MainThread] [pyvda.build/build.py:53]: Starting feature detection...
2026-02-22 03:12:06,013 [DEBUG] [MainThread] [pyvda.build/build.py:57]: Feature detection complete. Windows version is over 26100
2026-02-22 03:12:07,432 [INFO] [MainThread] [root/watcher.py:65]: Watching directory: c:\users\kuuro\.config\yasb
2026-02-22 03:12:07,432 [INFO] [MainThread] [root/watcher.py:104]: Created file watcher
2026-02-22 03:12:07,499 [INFO] [MainThread] [root/update_service.py:429]: Background update checker started
2026-02-22 03:14:11,867 [ERROR] [MainThread] [MediaWidget/media.py:1035]: Error creating corner mask, return default thumb: y1 must be greater than or equal to y0
2026-02-22 03:14:11,874 [ERROR] [MainThread] [MediaWidget/media.py:1035]: Error creating corner mask, return default thumb: y1 must be greater than or equal to y0
2026-02-22 03:14:26,486 [ERROR] [MainThread] [MediaWidget/media.py:1035]: Error creating corner mask, return default thumb: y1 must be greater than or equal to y0
2026-02-22 03:14:26,492 [ERROR] [MainThread] [MediaWidget/media.py:1035]: Error creating corner mask, return default thumb: y1 must be greater than or equal to y0
2026-02-22 03:14:28,861 [DEBUG] [Thread-6] [root/watcher.py:90]: Config file modified: c:\users\kuuro\.config\yasb\config.yaml
2026-02-22 03:14:28,901 [INFO] [MainThread] [root/controller.py:15]: Reloading Application because of config change.
2026-02-22 03:14:29,005 [INFO] [MainThread] [cli_server/cli_server.py:114]: Log pipe server stopped
2026-02-22 03:14:29,006 [DEBUG] [MainThread] [cli_server/cli_server.py:209]: CLI server stopped
2026-02-22 03:14:29,012 [INFO] [MainThread] [root/bar_manager.py:79]: Successfully loaded updated config and re-initialised all bars.
2026-02-22 03:14:29,942 [INFO] [MainThread] [root/log.py:95]: YASB v1.8.9
2026-02-22 03:14:29,943 [INFO] [CLIPipeServer] [cli_server/cli_server.py:215]: CLI server started v1.1.5
2026-02-22 03:14:29,943 [INFO] [MainThread] [cli_server/cli_server.py:106]: Log pipe server started
2026-02-22 03:14:30,090 [DEBUG] [MainThread] [qasync._windows._EventPoller/_windows.py:215]: Starting (proactor: <_IocpProactor overlapped#=0 result#=0>)...
2026-02-22 03:14:30,091 [DEBUG] [Dummy-3] [qasync._windows._EventWorker/_windows.py:195]: Thread started
2026-02-22 03:14:30,305 [DEBUG] [MainThread] [pyvda.build/build.py:53]: Starting feature detection...
2026-02-22 03:14:30,306 [DEBUG] [MainThread] [pyvda.build/build.py:57]: Feature detection complete. Windows version is over 26100
2026-02-22 03:14:32,030 [INFO] [MainThread] [root/watcher.py:65]: Watching directory: c:\users\kuuro\.config\yasb
2026-02-22 03:14:32,030 [INFO] [MainThread] [root/watcher.py:104]: Created file watcher
2026-02-22 03:14:32,724 [INFO] [MainThread] [root/update_service.py:429]: Background update checker started
2026-02-22 03:14:36,602 [DEBUG] [Thread-6] [root/watcher.py:84]: Stylesheet modified: c:\users\kuuro\.config\yasb\styles.css
2026-02-22 03:14:43,546 [INFO] [MainThread] [root/log.py:95]: YASB v1.8.9
2026-02-22 03:14:43,547 [INFO] [CLIPipeServer] [cli_server/cli_server.py:215]: CLI server started v1.1.5
2026-02-22 03:14:43,548 [INFO] [MainThread] [cli_server/cli_server.py:106]: Log pipe server started
2026-02-22 03:14:43,609 [DEBUG] [MainThread] [qasync._windows._EventPoller/_windows.py:215]: Starting (proactor: <_IocpProactor overlapped#=0 result#=0>)...
2026-02-22 03:14:43,611 [DEBUG] [Dummy-3] [qasync._windows._EventWorker/_windows.py:195]: Thread started
2026-02-22 03:14:43,812 [DEBUG] [MainThread] [pyvda.build/build.py:53]: Starting feature detection...
2026-02-22 03:14:43,812 [DEBUG] [MainThread] [pyvda.build/build.py:57]: Feature detection complete. Windows version is over 26100
2026-02-22 03:14:45,541 [INFO] [MainThread] [root/watcher.py:65]: Watching directory: c:\users\kuuro\.config\yasb
2026-02-22 03:14:45,541 [INFO] [MainThread] [root/watcher.py:104]: Created file watcher
2026-02-22 03:14:45,671 [INFO] [MainThread] [root/update_service.py:429]: Background update checker started
2026-02-22 03:16:54,094 [DEBUG] [Thread-6] [root/watcher.py:90]: Config file modified: c:\users\kuuro\.config\yasb\config.yaml
2026-02-22 03:16:54,132 [INFO] [MainThread] [root/controller.py:15]: Reloading Application because of config change.
2026-02-22 03:16:54,239 [INFO] [MainThread] [cli_server/cli_server.py:114]: Log pipe server stopped
2026-02-22 03:16:54,239 [DEBUG] [MainThread] [cli_server/cli_server.py:209]: CLI server stopped
2026-02-22 03:16:54,246 [INFO] [MainThread] [root/bar_manager.py:79]: Successfully loaded updated config and re-initialised all bars.
2026-02-22 03:16:54,961 [INFO] [MainThread] [root/log.py:95]: YASB v1.8.9
2026-02-22 03:16:54,961 [INFO] [CLIPipeServer] [cli_server/cli_server.py:215]: CLI server started v1.1.5
2026-02-22 03:16:54,961 [INFO] [MainThread] [cli_server/cli_server.py:106]: Log pipe server started
2026-02-22 03:16:55,013 [DEBUG] [MainThread] [qasync._windows._EventPoller/_windows.py:215]: Starting (proactor: <_IocpProactor overlapped#=0 result#=0>)...
2026-02-22 03:16:55,014 [DEBUG] [Dummy-3] [qasync._windows._EventWorker/_windows.py:195]: Thread started
2026-02-22 03:16:55,201 [DEBUG] [MainThread] [pyvda.build/build.py:53]: Starting feature detection...
2026-02-22 03:16:55,201 [DEBUG] [MainThread] [pyvda.build/build.py:57]: Feature detection complete. Windows version is over 26100
2026-02-22 03:16:56,696 [INFO] [MainThread] [root/watcher.py:65]: Watching directory: c:\users\kuuro\.config\yasb
2026-02-22 03:16:56,696 [INFO] [MainThread] [root/watcher.py:104]: Created file watcher
2026-02-22 03:16:56,768 [INFO] [MainThread] [root/update_service.py:429]: Background update checker started
2026-02-22 03:17:15,173 [DEBUG] [Thread-6] [root/watcher.py:90]: Config file modified: c:\users\kuuro\.config\yasb\config.yaml
2026-02-22 03:17:15,210 [INFO] [MainThread] [root/controller.py:15]: Reloading Application because of config change.
2026-02-22 03:17:15,315 [INFO] [MainThread] [cli_server/cli_server.py:114]: Log pipe server stopped
2026-02-22 03:17:15,315 [DEBUG] [MainThread] [cli_server/cli_server.py:209]: CLI server stopped
2026-02-22 03:17:15,321 [INFO] [MainThread] [root/bar_manager.py:79]: Successfully loaded updated config and re-initialised all bars.
2026-02-22 03:17:15,989 [INFO] [MainThread] [root/log.py:95]: YASB v1.8.9
2026-02-22 03:17:15,990 [INFO] [CLIPipeServer] [cli_server/cli_server.py:215]: CLI server started v1.1.5
2026-02-22 03:17:15,991 [INFO] [MainThread] [cli_server/cli_server.py:106]: Log pipe server started
2026-02-22 03:17:16,087 [DEBUG] [MainThread] [qasync._windows._EventPoller/_windows.py:215]: Starting (proactor: <_IocpProactor overlapped#=0 result#=0>)...
2026-02-22 03:17:16,090 [DEBUG] [Dummy-3] [qasync._windows._EventWorker/_windows.py:195]: Thread started
2026-02-22 03:17:16,314 [DEBUG] [MainThread] [pyvda.build/build.py:53]: Starting feature detection...
2026-02-22 03:17:16,315 [DEBUG] [MainThread] [pyvda.build/build.py:57]: Feature detection complete. Windows version is over 26100
2026-02-22 03:17:17,838 [INFO] [MainThread] [root/watcher.py:65]: Watching directory: c:\users\kuuro\.config\yasb
2026-02-22 03:17:17,838 [INFO] [MainThread] [root/watcher.py:104]: Created file watcher
2026-02-22 03:17:17,954 [INFO] [MainThread] [root/update_service.py:429]: Background update checker started
2026-02-22 03:17:27,560 [INFO] [MainThread] [root/controller.py:15]: Reloading Application from tray...
2026-02-22 03:17:27,672 [INFO] [MainThread] [cli_server/cli_server.py:114]: Log pipe server stopped
2026-02-22 03:17:27,672 [DEBUG] [MainThread] [cli_server/cli_server.py:209]: CLI server stopped
2026-02-22 03:17:28,386 [INFO] [MainThread] [root/log.py:95]: YASB v1.8.9
2026-02-22 03:17:28,387 [INFO] [CLIPipeServer] [cli_server/cli_server.py:215]: CLI server started v1.1.5
2026-02-22 03:17:28,387 [INFO] [MainThread] [cli_server/cli_server.py:106]: Log pipe server started
2026-02-22 03:17:28,440 [DEBUG] [MainThread] [qasync._windows._EventPoller/_windows.py:215]: Starting (proactor: <_IocpProactor overlapped#=0 result#=0>)...
2026-02-22 03:17:28,441 [DEBUG] [Dummy-3] [qasync._windows._EventWorker/_windows.py:195]: Thread started
2026-02-22 03:17:28,641 [DEBUG] [MainThread] [pyvda.build/build.py:53]: Starting feature detection...
2026-02-22 03:17:28,642 [DEBUG] [MainThread] [pyvda.build/build.py:57]: Feature detection complete. Windows version is over 26100
2026-02-22 03:17:30,271 [INFO] [MainThread] [root/watcher.py:65]: Watching directory: c:\users\kuuro\.config\yasb
2026-02-22 03:17:30,272 [INFO] [MainThread] [root/watcher.py:104]: Created file watcher
2026-02-22 03:17:30,351 [INFO] [MainThread] [root/update_service.py:429]: Background update checker started
2026-02-22 03:17:39,440 [ERROR] [MainThread] [MediaWidget/media.py:1035]: Error creating corner mask, return default thumb: y1 must be greater than or equal to y0
2026-02-22 03:17:39,447 [ERROR] [MainThread] [MediaWidget/media.py:1035]: Error creating corner mask, return default thumb: y1 must be greater than or equal to y0
2026-02-22 03:19:22,170 [INFO] [MainThread] [root/controller.py:15]: Reloading Application from tray...
2026-02-22 03:19:22,284 [INFO] [MainThread] [cli_server/cli_server.py:114]: Log pipe server stopped
2026-02-22 03:19:22,284 [DEBUG] [MainThread] [cli_server/cli_server.py:209]: CLI server stopped
2026-02-22 03:19:23,077 [INFO] [MainThread] [root/log.py:95]: YASB v1.8.9
2026-02-22 03:19:23,078 [INFO] [CLIPipeServer] [cli_server/cli_server.py:215]: CLI server started v1.1.5
2026-02-22 03:19:23,079 [INFO] [MainThread] [cli_server/cli_server.py:106]: Log pipe server started
2026-02-22 03:19:23,136 [DEBUG] [MainThread] [qasync._windows._EventPoller/_windows.py:215]: Starting (proactor: <_IocpProactor overlapped#=0 result#=0>)...
2026-02-22 03:19:23,137 [DEBUG] [Dummy-3] [qasync._windows._EventWorker/_windows.py:195]: Thread started
2026-02-22 03:19:23,325 [DEBUG] [MainThread] [pyvda.build/build.py:53]: Starting feature detection...
2026-02-22 03:19:23,325 [DEBUG] [MainThread] [pyvda.build/build.py:57]: Feature detection complete. Windows version is over 26100
2026-02-22 03:19:24,731 [INFO] [MainThread] [root/watcher.py:65]: Watching directory: c:\users\kuuro\.config\yasb
2026-02-22 03:19:24,732 [INFO] [MainThread] [root/watcher.py:104]: Created file watcher
2026-02-22 03:19:24,811 [INFO] [MainThread] [root/update_service.py:429]: Background update checker started
2026-02-22 03:22:23,879 [ERROR] [MainThread] [MediaWidget/media.py:1035]: Error creating corner mask, return default thumb: y1 must be greater than or equal to y0
2026-02-22 03:22:23,885 [ERROR] [MainThread] [MediaWidget/media.py:1035]: Error creating corner mask, return default thumb: y1 must be greater than or equal to y0
2026-02-22 03:22:49,459 [DEBUG] [MainThread] [qasync._windows._EventPoller/_windows.py:220]: Stopping worker thread...
2026-02-22 03:22:49,462 [DEBUG] [Dummy-3] [qasync._windows._EventWorker/_windows.py:204]: Exiting thread
2026-02-22 13:02:33,724 [INFO] [MainThread] [root/log.py:95]: YASB v1.8.9
2026-02-22 13:02:33,725 [INFO] [CLIPipeServer] [cli_server/cli_server.py:215]: CLI server started v1.1.5
2026-02-22 13:02:33,725 [INFO] [MainThread] [cli_server/cli_server.py:106]: Log pipe server started
2026-02-22 13:02:33,777 [DEBUG] [MainThread] [qasync._windows._EventPoller/_windows.py:215]: Starting (proactor: <_IocpProactor overlapped#=0 result#=0>)...
2026-02-22 13:02:33,778 [DEBUG] [Dummy-3] [qasync._windows._EventWorker/_windows.py:195]: Thread started
2026-02-22 13:02:34,039 [DEBUG] [MainThread] [pyvda.build/build.py:53]: Starting feature detection...
2026-02-22 13:02:34,039 [DEBUG] [MainThread] [pyvda.build/build.py:57]: Feature detection complete. Windows version is over 26100
2026-02-22 13:02:35,687 [INFO] [MainThread] [root/watcher.py:65]: Watching directory: c:\users\kuuro\.config\yasb
2026-02-22 13:02:35,687 [INFO] [MainThread] [root/watcher.py:104]: Created file watcher
2026-02-22 13:02:35,759 [INFO] [MainThread] [root/update_service.py:429]: Background update checker started
2026-02-22 13:06:08,740 [ERROR] [MainThread] [MediaWidget/media.py:1035]: Error creating corner mask, return default thumb: y1 must be greater than or equal to y0
2026-02-22 13:06:08,756 [ERROR] [MainThread] [MediaWidget/media.py:1035]: Error creating corner mask, return default thumb: y1 must be greater than or equal to y0
2026-02-22 13:08:14,228 [ERROR] [MainThread] [MediaWidget/media.py:1035]: Error creating corner mask, return default thumb: y1 must be greater than or equal to y0
2026-02-22 13:08:14,236 [ERROR] [MainThread] [MediaWidget/media.py:1035]: Error creating corner mask, return default thumb: y1 must be greater than or equal to y0
2026-02-22 13:08:16,182 [ERROR] [MainThread] [MediaWidget/media.py:1035]: Error creating corner mask, return default thumb: y1 must be greater than or equal to y0
2026-02-22 13:08:16,190 [ERROR] [MainThread] [MediaWidget/media.py:1035]: Error creating corner mask, return default thumb: y1 must be greater than or equal to y0
2026-02-22 13:13:03,842 [ERROR] [MainThread] [MediaWidget/media.py:1035]: Error creating corner mask, return default thumb: y1 must be greater than or equal to y0
2026-02-22 13:13:03,850 [ERROR] [MainThread] [MediaWidget/media.py:1035]: Error creating corner mask, return default thumb: y1 must be greater than or equal to y0
2026-02-22 13:16:50,210 [ERROR] [MainThread] [MediaWidget/media.py:1035]: Error creating corner mask, return default thumb: y1 must be greater than or equal to y0
2026-02-22 13:16:50,219 [ERROR] [MainThread] [MediaWidget/media.py:1035]: Error creating corner mask, return default thumb: y1 must be greater than or equal to y0
2026-02-22 13:20:09,821 [ERROR] [MainThread] [MediaWidget/media.py:1035]: Error creating corner mask, return default thumb: y1 must be greater than or equal to y0
2026-02-22 13:20:09,828 [ERROR] [MainThread] [MediaWidget/media.py:1035]: Error creating corner mask, return default thumb: y1 must be greater than or equal to y0
2026-02-22 13:23:54,066 [ERROR] [MainThread] [MediaWidget/media.py:1035]: Error creating corner mask, return default thumb: y1 must be greater than or equal to y0
2026-02-22 13:23:54,072 [ERROR] [MainThread] [MediaWidget/media.py:1035]: Error creating corner mask, return default thumb: y1 must be greater than or equal to y0
2026-02-22 13:27:04,680 [ERROR] [MainThread] [MediaWidget/media.py:1035]: Error creating corner mask, return default thumb: y1 must be greater than or equal to y0
2026-02-22 13:27:04,687 [ERROR] [MainThread] [MediaWidget/media.py:1035]: Error creating corner mask, return default thumb: y1 must be greater than or equal to y0
2026-02-22 13:33:27,260 [ERROR] [MainThread] [MediaWidget/media.py:1035]: Error creating corner mask, return default thumb: y1 must be greater than or equal to y0
2026-02-22 13:33:27,267 [ERROR] [MainThread] [MediaWidget/media.py:1035]: Error creating corner mask, return default thumb: y1 must be greater than or equal to y0
2026-02-22 13:37:28,455 [ERROR] [MainThread] [MediaWidget/media.py:1035]: Error creating corner mask, return default thumb: y1 must be greater than or equal to y0
2026-02-22 13:37:28,461 [ERROR] [MainThread] [MediaWidget/media.py:1035]: Error creating corner mask, return default thumb: y1 must be greater than or equal to y0
2026-02-22 13:41:00,800 [ERROR] [MainThread] [MediaWidget/media.py:1035]: Error creating corner mask, return default thumb: y1 must be greater than or equal to y0
2026-02-22 13:41:00,806 [ERROR] [MainThread] [MediaWidget/media.py:1035]: Error creating corner mask, return default thumb: y1 must be greater than or equal to y0
2026-02-22 13:43:47,584 [ERROR] [MainThread] [MediaWidget/media.py:1035]: Error creating corner mask, return default thumb: y1 must be greater than or equal to y0
2026-02-22 13:43:47,591 [ERROR] [MainThread] [MediaWidget/media.py:1035]: Error creating corner mask, return default thumb: y1 must be greater than or equal to y0
2026-02-22 13:43:50,071 [ERROR] [MainThread] [MediaWidget/media.py:1035]: Error creating corner mask, return default thumb: y1 must be greater than or equal to y0
2026-02-22 13:43:50,079 [ERROR] [MainThread] [MediaWidget/media.py:1035]: Error creating corner mask, return default thumb: y1 must be greater than or equal to y0
2026-02-22 13:43:55,267 [ERROR] [MainThread] [MediaWidget/media.py:1035]: Error creating corner mask, return default thumb: y1 must be greater than or equal to y0
2026-02-22 13:43:55,274 [ERROR] [MainThread] [MediaWidget/media.py:1035]: Error creating corner mask, return default thumb: y1 must be greater than or equal to y0
2026-02-22 13:44:02,473 [ERROR] [MainThread] [MediaWidget/media.py:1035]: Error creating corner mask, return default thumb: y1 must be greater than or equal to y0
2026-02-22 13:44:02,479 [ERROR] [MainThread] [MediaWidget/media.py:1035]: Error creating corner mask, return default thumb: y1 must be greater than or equal to y0
2026-02-22 13:46:49,903 [ERROR] [MainThread] [MediaWidget/media.py:1035]: Error creating corner mask, return default thumb: y1 must be greater than or equal to y0
2026-02-22 13:46:49,909 [ERROR] [MainThread] [MediaWidget/media.py:1035]: Error creating corner mask, return default thumb: y1 must be greater than or equal to y0
2026-02-22 13:55:15,601 [ERROR] [MainThread] [MediaWidget/media.py:1035]: Error creating corner mask, return default thumb: y1 must be greater than or equal to y0
2026-02-22 13:55:15,606 [ERROR] [MainThread] [MediaWidget/media.py:1035]: Error creating corner mask, return default thumb: y1 must be greater than or equal to y0
2026-02-22 13:57:28,654 [ERROR] [MainThread] [MediaWidget/media.py:1035]: Error creating corner mask, return default thumb: y1 must be greater than or equal to y0
2026-02-22 13:57:28,666 [ERROR] [MainThread] [MediaWidget/media.py:1035]: Error creating corner mask, return default thumb: y1 must be greater than or equal to y0
2026-02-22 14:01:01,704 [ERROR] [MainThread] [MediaWidget/media.py:1035]: Error creating corner mask, return default thumb: y1 must be greater than or equal to y0
2026-02-22 14:01:01,710 [ERROR] [MainThread] [MediaWidget/media.py:1035]: Error creating corner mask, return default thumb: y1 must be greater than or equal to y0
2026-02-22 14:04:41,991 [ERROR] [MainThread] [MediaWidget/media.py:1035]: Error creating corner mask, return default thumb: y1 must be greater than or equal to y0
2026-02-22 14:04:41,998 [ERROR] [MainThread] [MediaWidget/media.py:1035]: Error creating corner mask, return default thumb: y1 must be greater than or equal to y0
2026-02-22 14:04:42,004 [ERROR] [MainThread] [MediaWidget/media.py:1035]: Error creating corner mask, return default thumb: y1 must be greater than or equal to y0
2026-02-22 14:05:48,106 [ERROR] [MainThread] [MediaWidget/media.py:1035]: Error creating corner mask, return default thumb: y1 must be greater than or equal to y0
2026-02-22 14:06:01,168 [ERROR] [MainThread] [MediaWidget/media.py:1035]: Error creating corner mask, return default thumb: y1 must be greater than or equal to y0
2026-02-22 14:06:01,174 [ERROR] [MainThread] [MediaWidget/media.py:1035]: Error creating corner mask, return default thumb: y1 must be greater than or equal to y0
2026-02-22 14:10:35,225 [ERROR] [MainThread] [MediaWidget/media.py:1035]: Error creating corner mask, return default thumb: y1 must be greater than or equal to y0
2026-02-22 14:10:35,234 [ERROR] [MainThread] [MediaWidget/media.py:1035]: Error creating corner mask, return default thumb: y1 must be greater than or equal to y0
2026-02-22 14:12:27,595 [ERROR] [MainThread] [MediaWidget/media.py:1035]: Error creating corner mask, return default thumb: y1 must be greater than or equal to y0
2026-02-22 14:12:27,598 [ERROR] [MainThread] [MediaWidget/media.py:1035]: Error creating corner mask, return default thumb: y1 must be greater than or equal to y0
2026-02-22 14:12:41,849 [ERROR] [MainThread] [MediaWidget/media.py:1035]: Error creating corner mask, return default thumb: y1 must be greater than or equal to y0
2026-02-22 14:12:41,851 [ERROR] [MainThread] [MediaWidget/media.py:1035]: Error creating corner mask, return default thumb: y1 must be greater than or equal to y0
2026-02-22 14:12:46,252 [ERROR] [MainThread] [MediaWidget/media.py:1035]: Error creating corner mask, return default thumb: y1 must be greater than or equal to y0
2026-02-22 14:12:46,255 [ERROR] [MainThread] [MediaWidget/media.py:1035]: Error creating corner mask, return default thumb: y1 must be greater than or equal to y0
2026-02-22 14:13:01,013 [ERROR] [MainThread] [MediaWidget/media.py:1035]: Error creating corner mask, return default thumb: y1 must be greater than or equal to y0
2026-02-22 14:13:01,015 [ERROR] [MainThread] [MediaWidget/media.py:1035]: Error creating corner mask, return default thumb: y1 must be greater than or equal to y0
2026-02-22 14:13:15,415 [ERROR] [MainThread] [MediaWidget/media.py:1035]: Error creating corner mask, return default thumb: y1 must be greater than or equal to y0
2026-02-22 14:13:15,419 [ERROR] [MainThread] [MediaWidget/media.py:1035]: Error creating corner mask, return default thumb: y1 must be greater than or equal to y0
2026-02-22 14:13:27,703 [ERROR] [MainThread] [MediaWidget/media.py:1035]: Error creating corner mask, return default thumb: y1 must be greater than or equal to y0
2026-02-22 14:13:27,705 [ERROR] [MainThread] [MediaWidget/media.py:1035]: Error creating corner mask, return default thumb: y1 must be greater than or equal to y0
2026-02-22 14:13:34,757 [ERROR] [MainThread] [MediaWidget/media.py:1035]: Error creating corner mask, return default thumb: y1 must be greater than or equal to y0
2026-02-22 14:13:34,759 [ERROR] [MainThread] [MediaWidget/media.py:1035]: Error creating corner mask, return default thumb: y1 must be greater than or equal to y0
2026-02-22 14:14:30,520 [ERROR] [MainThread] [MediaWidget/media.py:1035]: Error creating corner mask, return default thumb: y1 must be greater than or equal to y0
2026-02-22 14:14:30,523 [ERROR] [MainThread] [MediaWidget/media.py:1035]: Error creating corner mask, return default thumb: y1 must be greater than or equal to y0
2026-02-22 14:15:05,461 [ERROR] [MainThread] [MediaWidget/media.py:1035]: Error creating corner mask, return default thumb: y1 must be greater than or equal to y0
2026-02-22 14:15:05,470 [ERROR] [MainThread] [MediaWidget/media.py:1035]: Error creating corner mask, return default thumb: y1 must be greater than or equal to y0
2026-02-22 14:15:07,013 [ERROR] [MainThread] [MediaWidget/media.py:1035]: Error creating corner mask, return default thumb: y1 must be greater than or equal to y0
2026-02-22 14:15:07,016 [ERROR] [MainThread] [MediaWidget/media.py:1035]: Error creating corner mask, return default thumb: y1 must be greater than or equal to y0
2026-02-22 14:18:35,329 [ERROR] [MainThread] [MediaWidget/media.py:1035]: Error creating corner mask, return default thumb: y1 must be greater than or equal to y0
2026-02-22 14:18:35,335 [ERROR] [MainThread] [MediaWidget/media.py:1035]: Error creating corner mask, return default thumb: y1 must be greater than or equal to y0
2026-02-22 14:18:36,308 [ERROR] [MainThread] [MediaWidget/media.py:1035]: Error creating corner mask, return default thumb: y1 must be greater than or equal to y0
2026-02-22 14:18:36,310 [ERROR] [MainThread] [MediaWidget/media.py:1035]: Error creating corner mask, return default thumb: y1 must be greater than or equal to y0
2026-02-22 14:18:39,895 [ERROR] [MainThread] [MediaWidget/media.py:1035]: Error creating corner mask, return default thumb: y1 must be greater than or equal to y0
2026-02-22 14:18:39,897 [ERROR] [MainThread] [MediaWidget/media.py:1035]: Error creating corner mask, return default thumb: y1 must be greater than or equal to y0
2026-02-22 14:18:52,039 [ERROR] [MainThread] [MediaWidget/media.py:1035]: Error creating corner mask, return default thumb: y1 must be greater than or equal to y0
2026-02-22 14:18:52,041 [ERROR] [MainThread] [MediaWidget/media.py:1035]: Error creating corner mask, return default thumb: y1 must be greater than or equal to y0
2026-02-22 14:19:05,568 [ERROR] [MainThread] [MediaWidget/media.py:1035]: Error creating corner mask, return default thumb: y1 must be greater than or equal to y0
2026-02-22 14:19:05,570 [ERROR] [MainThread] [MediaWidget/media.py:1035]: Error creating corner mask, return default thumb: y1 must be greater than or equal to y0
2026-02-22 14:19:16,086 [ERROR] [MainThread] [MediaWidget/media.py:1035]: Error creating corner mask, return default thumb: y1 must be greater than or equal to y0
2026-02-22 14:19:16,089 [ERROR] [MainThread] [MediaWidget/media.py:1035]: Error creating corner mask, return default thumb: y1 must be greater than or equal to y0
2026-02-22 14:24:29,347 [ERROR] [MainThread] [MediaWidget/media.py:1035]: Error creating corner mask, return default thumb: y1 must be greater than or equal to y0
2026-02-22 14:24:29,356 [ERROR] [MainThread] [MediaWidget/media.py:1035]: Error creating corner mask, return default thumb: y1 must be greater than or equal to y0
2026-02-22 14:28:14,898 [ERROR] [MainThread] [MediaWidget/media.py:1035]: Error creating corner mask, return default thumb: y1 must be greater than or equal to y0
2026-02-22 14:28:14,900 [ERROR] [MainThread] [MediaWidget/media.py:1035]: Error creating corner mask, return default thumb: y1 must be greater than or equal to y0
2026-02-22 14:28:23,894 [ERROR] [MainThread] [MediaWidget/media.py:1035]: Error creating corner mask, return default thumb: y1 must be greater than or equal to y0
2026-02-22 14:28:23,901 [ERROR] [MainThread] [MediaWidget/media.py:1035]: Error creating corner mask, return default thumb: y1 must be greater than or equal to y0
2026-02-22 14:33:07,740 [ERROR] [MainThread] [MediaWidget/media.py:1035]: Error creating corner mask, return default thumb: y1 must be greater than or equal to y0
2026-02-22 14:33:13,536 [ERROR] [MainThread] [MediaWidget/media.py:1035]: Error creating corner mask, return default thumb: y1 must be greater than or equal to y0
2026-02-22 14:33:13,543 [ERROR] [MainThread] [MediaWidget/media.py:1035]: Error creating corner mask, return default thumb: y1 must be greater than or equal to y0
2026-02-22 14:36:14,084 [ERROR] [MainThread] [MediaWidget/media.py:1035]: Error creating corner mask, return default thumb: y1 must be greater than or equal to y0
2026-02-22 14:36:14,090 [ERROR] [MainThread] [MediaWidget/media.py:1035]: Error creating corner mask, return default thumb: y1 must be greater than or equal to y0
2026-02-22 14:37:46,823 [ERROR] [MainThread] [MediaWidget/media.py:1035]: Error creating corner mask, return default thumb: y1 must be greater than or equal to y0
2026-02-22 14:37:46,830 [ERROR] [MainThread] [MediaWidget/media.py:1035]: Error creating corner mask, return default thumb: y1 must be greater than or equal to y0
2026-02-22 14:37:46,836 [ERROR] [MainThread] [MediaWidget/media.py:1035]: Error creating corner mask, return default thumb: y1 must be greater than or equal to y0
2026-02-22 14:37:50,117 [ERROR] [MainThread] [MediaWidget/media.py:1035]: Error creating corner mask, return default thumb: y1 must be greater than or equal to y0
2026-02-22 14:37:50,125 [ERROR] [MainThread] [MediaWidget/media.py:1035]: Error creating corner mask, return default thumb: y1 must be greater than or equal to y0
2026-02-22 14:38:42,944 [ERROR] [MainThread] [MediaWidget/media.py:1035]: Error creating corner mask, return default thumb: y1 must be greater than or equal to y0
2026-02-22 14:38:42,957 [ERROR] [MainThread] [MediaWidget/media.py:1035]: Error creating corner mask, return default thumb: y1 must be greater than or equal to y0
2026-02-22 14:38:42,973 [ERROR] [MainThread] [MediaWidget/media.py:1035]: Error creating corner mask, return default thumb: y1 must be greater than or equal to y0
2026-02-22 14:38:42,981 [ERROR] [MainThread] [MediaWidget/media.py:1035]: Error creating corner mask, return default thumb: y1 must be greater than or equal to y0
2026-02-22 14:38:42,985 [ERROR] [MainThread] [MediaWidget/media.py:1035]: Error creating corner mask, return default thumb: y1 must be greater than or equal to y0
2026-02-22 14:38:58,845 [ERROR] [MainThread] [MediaWidget/media.py:1035]: Error creating corner mask, return default thumb: y1 must be greater than or equal to y0
2026-02-22 14:38:58,859 [ERROR] [MainThread] [MediaWidget/media.py:1035]: Error creating corner mask, return default thumb: y1 must be greater than or equal to y0
2026-02-22 14:38:58,866 [ERROR] [MainThread] [MediaWidget/media.py:1035]: Error creating corner mask, return default thumb: y1 must be greater than or equal to y0
2026-02-22 14:40:18,447 [ERROR] [MainThread] [MediaWidget/media.py:1035]: Error creating corner mask, return default thumb: y1 must be greater than or equal to y0
2026-02-22 14:40:18,456 [ERROR] [MainThread] [MediaWidget/media.py:1035]: Error creating corner mask, return default thumb: y1 must be greater than or equal to y0
2026-02-22 14:40:18,482 [ERROR] [MainThread] [MediaWidget/media.py:1035]: Error creating corner mask, return default thumb: y1 must be greater than or equal to y0
2026-02-22 14:40:18,487 [ERROR] [MainThread] [MediaWidget/media.py:1035]: Error creating corner mask, return default thumb: y1 must be greater than or equal to y0
2026-02-22 14:40:18,498 [ERROR] [MainThread] [MediaWidget/media.py:1035]: Error creating corner mask, return default thumb: y1 must be greater than or equal to y0
2026-02-22 14:40:23,033 [ERROR] [MainThread] [MediaWidget/media.py:1035]: Error creating corner mask, return default thumb: y1 must be greater than or equal to y0
2026-02-22 14:41:18,662 [ERROR] [MainThread] [MediaWidget/media.py:1035]: Error creating corner mask, return default thumb: y1 must be greater than or equal to y0
2026-02-22 14:41:18,667 [ERROR] [MainThread] [MediaWidget/media.py:1035]: Error creating corner mask, return default thumb: y1 must be greater than or equal to y0
2026-02-22 14:42:03,833 [ERROR] [MainThread] [MediaWidget/media.py:1035]: Error creating corner mask, return default thumb: y1 must be greater than or equal to y0
2026-02-22 14:43:59,706 [ERROR] [MainThread] [MediaWidget/media.py:1035]: Error creating corner mask, return default thumb: y1 must be greater than or equal to y0
2026-02-22 14:43:59,711 [ERROR] [MainThread] [MediaWidget/media.py:1035]: Error creating corner mask, return default thumb: y1 must be greater than or equal to y0
2026-02-22 14:46:59,799 [ERROR] [MainThread] [MediaWidget/media.py:1035]: Error creating corner mask, return default thumb: y1 must be greater than or equal to y0
2026-02-22 14:46:59,805 [ERROR] [MainThread] [MediaWidget/media.py:1035]: Error creating corner mask, return default thumb: y1 must be greater than or equal to y0
2026-02-22 14:49:37,386 [DEBUG] [Thread-6] [root/watcher.py:90]: Config file modified: c:\users\kuuro\.config\yasb\config.yaml
2026-02-22 14:51:18,193 [ERROR] [MainThread] [MediaWidget/media.py:1035]: Error creating corner mask, return default thumb: y1 must be greater than or equal to y0
2026-02-22 14:51:18,200 [ERROR] [MainThread] [MediaWidget/media.py:1035]: Error creating corner mask, return default thumb: y1 must be greater than or equal to y0
2026-02-22 14:54:46,553 [ERROR] [MainThread] [MediaWidget/media.py:1035]: Error creating corner mask, return default thumb: y1 must be greater than or equal to y0
2026-02-22 14:54:46,558 [ERROR] [MainThread] [MediaWidget/media.py:1035]: Error creating corner mask, return default thumb: y1 must be greater than or equal to y0
2026-02-22 14:59:29,669 [DEBUG] [Thread-6] [root/watcher.py:90]: Config file modified: c:\users\kuuro\.config\yasb\config.yaml
2026-02-22 14:59:29,713 [INFO] [MainThread] [root/controller.py:15]: Reloading Application because of config change.
2026-02-22 14:59:29,824 [INFO] [MainThread] [cli_server/cli_server.py:114]: Log pipe server stopped
2026-02-22 14:59:29,824 [DEBUG] [MainThread] [cli_server/cli_server.py:209]: CLI server stopped
2026-02-22 14:59:29,837 [INFO] [MainThread] [root/bar_manager.py:79]: Successfully loaded updated config and re-initialised all bars.
2026-02-22 14:59:30,654 [INFO] [MainThread] [root/log.py:95]: YASB v1.8.9
2026-02-22 14:59:30,655 [INFO] [CLIPipeServer] [cli_server/cli_server.py:215]: CLI server started v1.1.5
2026-02-22 14:59:30,655 [INFO] [MainThread] [cli_server/cli_server.py:106]: Log pipe server started
2026-02-22 14:59:30,656 [INFO] [MainThread] [root/main.py:46]: Waiting for previous YASB instance to exit...
2026-02-22 14:59:31,657 [INFO] [MainThread] [root/main.py:72]: Previous instance exited, continuing startup.
2026-02-22 14:59:31,749 [DEBUG] [MainThread] [qasync._windows._EventPoller/_windows.py:215]: Starting (proactor: <_IocpProactor overlapped#=0 result#=0>)...
2026-02-22 14:59:31,750 [DEBUG] [Dummy-3] [qasync._windows._EventWorker/_windows.py:195]: Thread started
2026-02-22 14:59:31,951 [DEBUG] [MainThread] [pyvda.build/build.py:53]: Starting feature detection...
2026-02-22 14:59:31,952 [DEBUG] [MainThread] [pyvda.build/build.py:57]: Feature detection complete. Windows version is over 26100
2026-02-22 14:59:33,411 [INFO] [MainThread] [root/watcher.py:65]: Watching directory: c:\users\kuuro\.config\yasb
2026-02-22 14:59:33,411 [INFO] [MainThread] [root/watcher.py:104]: Created file watcher
2026-02-22 14:59:33,848 [INFO] [MainThread] [root/update_service.py:429]: Background update checker started
2026-02-22 14:59:40,236 [DEBUG] [Thread-6] [root/watcher.py:90]: Config file modified: c:\users\kuuro\.config\yasb\config.yaml
2026-02-22 14:59:40,268 [INFO] [MainThread] [root/controller.py:15]: Reloading Application because of config change.
2026-02-22 14:59:40,381 [INFO] [MainThread] [cli_server/cli_server.py:114]: Log pipe server stopped
2026-02-22 14:59:40,381 [DEBUG] [MainThread] [cli_server/cli_server.py:209]: CLI server stopped
2026-02-22 14:59:40,387 [INFO] [MainThread] [root/bar_manager.py:79]: Successfully loaded updated config and re-initialised all bars.
2026-02-22 14:59:40,967 [INFO] [MainThread] [root/log.py:95]: YASB v1.8.9
2026-02-22 14:59:40,968 [INFO] [CLIPipeServer] [cli_server/cli_server.py:215]: CLI server started v1.1.5
2026-02-22 14:59:40,968 [INFO] [MainThread] [cli_server/cli_server.py:106]: Log pipe server started
2026-02-22 14:59:40,999 [DEBUG] [MainThread] [qasync._windows._EventPoller/_windows.py:215]: Starting (proactor: <_IocpProactor overlapped#=0 result#=0>)...
2026-02-22 14:59:41,000 [DEBUG] [Dummy-3] [qasync._windows._EventWorker/_windows.py:195]: Thread started
2026-02-22 14:59:41,180 [DEBUG] [MainThread] [pyvda.build/build.py:53]: Starting feature detection...
2026-02-22 14:59:41,181 [DEBUG] [MainThread] [pyvda.build/build.py:57]: Feature detection complete. Windows version is over 26100
2026-02-22 14:59:42,409 [INFO] [MainThread] [root/watcher.py:65]: Watching directory: c:\users\kuuro\.config\yasb
2026-02-22 14:59:42,409 [INFO] [MainThread] [root/watcher.py:104]: Created file watcher
2026-02-22 14:59:42,464 [INFO] [MainThread] [root/update_service.py:429]: Background update checker started
2026-02-22 14:59:49,492 [ERROR] [MainThread] [MediaWidget/media.py:1035]: Error creating corner mask, return default thumb: y1 must be greater than or equal to y0
2026-02-22 14:59:49,498 [ERROR] [MainThread] [MediaWidget/media.py:1035]: Error creating corner mask, return default thumb: y1 must be greater than or equal to y0
2026-02-22 15:00:13,207 [DEBUG] [Thread-6] [root/watcher.py:90]: Config file modified: c:\users\kuuro\.config\yasb\config.yaml
2026-02-22 15:00:13,245 [INFO] [MainThread] [root/controller.py:15]: Reloading Application because of config change.
2026-02-22 15:00:13,352 [INFO] [MainThread] [cli_server/cli_server.py:114]: Log pipe server stopped
2026-02-22 15:00:13,352 [DEBUG] [MainThread] [cli_server/cli_server.py:209]: CLI server stopped
2026-02-22 15:00:13,358 [INFO] [MainThread] [root/bar_manager.py:79]: Successfully loaded updated config and re-initialised all bars.
2026-02-22 15:00:13,910 [INFO] [MainThread] [root/log.py:95]: YASB v1.8.9
2026-02-22 15:00:13,910 [INFO] [CLIPipeServer] [cli_server/cli_server.py:215]: CLI server started v1.1.5
2026-02-22 15:00:13,910 [INFO] [MainThread] [cli_server/cli_server.py:106]: Log pipe server started
2026-02-22 15:00:13,939 [DEBUG] [MainThread] [qasync._windows._EventPoller/_windows.py:215]: Starting (proactor: <_IocpProactor overlapped#=0 result#=0>)...
2026-02-22 15:00:13,940 [DEBUG] [Dummy-3] [qasync._windows._EventWorker/_windows.py:195]: Thread started
2026-02-22 15:00:14,115 [DEBUG] [MainThread] [pyvda.build/build.py:53]: Starting feature detection...
2026-02-22 15:00:14,116 [DEBUG] [MainThread] [pyvda.build/build.py:57]: Feature detection complete. Windows version is over 26100
2026-02-22 15:00:15,439 [INFO] [MainThread] [root/watcher.py:65]: Watching directory: c:\users\kuuro\.config\yasb
2026-02-22 15:00:15,439 [INFO] [MainThread] [root/watcher.py:104]: Created file watcher
2026-02-22 15:00:15,496 [INFO] [MainThread] [root/update_service.py:429]: Background update checker started
2026-02-22 15:03:21,120 [ERROR] [MainThread] [MediaWidget/media.py:1035]: Error creating corner mask, return default thumb: y1 must be greater than or equal to y0
2026-02-22 15:03:21,128 [ERROR] [MainThread] [MediaWidget/media.py:1035]: Error creating corner mask, return default thumb: y1 must be greater than or equal to y0
2026-02-22 15:03:21,135 [ERROR] [MainThread] [MediaWidget/media.py:1035]: Error creating corner mask, return default thumb: y1 must be greater than or equal to y0
2026-02-22 15:03:27,156 [ERROR] [MainThread] [MediaWidget/media.py:1035]: Error creating corner mask, return default thumb: y1 must be greater than or equal to y0
2026-02-22 15:03:27,173 [ERROR] [MainThread] [MediaWidget/media.py:1035]: Error creating corner mask, return default thumb: y1 must be greater than or equal to y0
2026-02-22 15:04:02,069 [ERROR] [MainThread] [MediaWidget/media.py:1035]: Error creating corner mask, return default thumb: y1 must be greater than or equal to y0
2026-02-22 15:04:02,076 [ERROR] [MainThread] [MediaWidget/media.py:1035]: Error creating corner mask, return default thumb: y1 must be greater than or equal to y0
2026-02-22 15:04:02,085 [ERROR] [MainThread] [MediaWidget/media.py:1035]: Error creating corner mask, return default thumb: y1 must be greater than or equal to y0
2026-02-22 15:04:02,327 [ERROR] [MainThread] [MediaWidget/media.py:1035]: Error creating corner mask, return default thumb: y1 must be greater than or equal to y0
2026-02-22 15:04:48,821 [ERROR] [MainThread] [MediaWidget/media.py:1035]: Error creating corner mask, return default thumb: y1 must be greater than or equal to y0
2026-02-22 15:04:50,304 [ERROR] [MainThread] [MediaWidget/media.py:1035]: Error creating corner mask, return default thumb: y1 must be greater than or equal to y0
2026-02-22 15:04:55,264 [ERROR] [MainThread] [MediaWidget/media.py:1035]: Error creating corner mask, return default thumb: y1 must be greater than or equal to y0
2026-02-22 15:04:57,257 [ERROR] [MainThread] [MediaWidget/media.py:1035]: Error creating corner mask, return default thumb: y1 must be greater than or equal to y0
2026-02-22 15:09:07,711 [ERROR] [MainThread] [MediaWidget/media.py:1035]: Error creating corner mask, return default thumb: y1 must be greater than or equal to y0
2026-02-22 15:09:09,676 [ERROR] [MainThread] [MediaWidget/media.py:1035]: Error creating corner mask, return default thumb: y1 must be greater than or equal to y0
2026-02-22 15:09:11,097 [ERROR] [MainThread] [MediaWidget/media.py:1035]: Error creating corner mask, return default thumb: y1 must be greater than or equal to y0
2026-02-22 15:09:11,340 [ERROR] [MainThread] [MediaWidget/media.py:1035]: Error creating corner mask, return default thumb: y1 must be greater than or equal to y0
2026-02-22 15:09:12,035 [ERROR] [MainThread] [MediaWidget/media.py:1035]: Error creating corner mask, return default thumb: y1 must be greater than or equal to y0
2026-02-22 15:09:12,654 [ERROR] [MainThread] [MediaWidget/media.py:1035]: Error creating corner mask, return default thumb: y1 must be greater than or equal to y0
2026-02-22 15:09:42,428 [ERROR] [MainThread] [MediaWidget/media.py:1035]: Error creating corner mask, return default thumb: y1 must be greater than or equal to y0
2026-02-22 15:09:44,396 [ERROR] [MainThread] [MediaWidget/media.py:1035]: Error creating corner mask, return default thumb: y1 must be greater than or equal to y0
2026-02-22 15:09:44,656 [ERROR] [MainThread] [MediaWidget/media.py:1035]: Error creating corner mask, return default thumb: y1 must be greater than or equal to y0
2026-02-22 15:09:44,774 [ERROR] [MainThread] [MediaWidget/media.py:1035]: Error creating corner mask, return default thumb: y1 must be greater than or equal to y0
2026-02-22 15:09:44,838 [ERROR] [MainThread] [MediaWidget/media.py:1035]: Error creating corner mask, return default thumb: y1 must be greater than or equal to y0
2026-02-22 15:09:45,618 [ERROR] [MainThread] [MediaWidget/media.py:1035]: Error creating corner mask, return default thumb: y1 must be greater than or equal to y0
2026-02-22 15:09:47,366 [ERROR] [MainThread] [MediaWidget/media.py:1035]: Error creating corner mask, return default thumb: y1 must be greater than or equal to y0
2026-02-22 15:09:50,595 [ERROR] [MainThread] [MediaWidget/media.py:1035]: Error creating corner mask, return default thumb: y1 must be greater than or equal to y0
2026-02-22 15:09:53,787 [ERROR] [MainThread] [MediaWidget/media.py:1035]: Error creating corner mask, return default thumb: y1 must be greater than or equal to y0
2026-02-22 15:09:55,852 [ERROR] [MainThread] [MediaWidget/media.py:1035]: Error creating corner mask, return default thumb: y1 must be greater than or equal to y0
2026-02-22 15:09:55,861 [ERROR] [MainThread] [MediaWidget/media.py:1035]: Error creating corner mask, return default thumb: y1 must be greater than or equal to y0
2026-02-22 15:32:18,046 [INFO] [CLIPipeServer] [cli_server/cli_server.py:256]: CLI server received command: stop
2026-02-22 15:32:18,046 [INFO] [CLIPipeServer] [root/controller.py:37]: Exiting Application from CLI...
2026-02-22 15:32:18,154 [INFO] [CLIPipeServer] [cli_server/cli_server.py:114]: Log pipe server stopped
2026-02-22 15:32:18,154 [DEBUG] [CLIPipeServer] [cli_server/cli_server.py:209]: CLI server stopped
2026-02-22 15:32:19,693 [INFO] [MainThread] [root/log.py:95]: YASB v1.8.9
2026-02-22 15:32:19,693 [INFO] [CLIPipeServer] [cli_server/cli_server.py:215]: CLI server started v1.1.5
2026-02-22 15:32:19,694 [INFO] [MainThread] [cli_server/cli_server.py:106]: Log pipe server started
2026-02-22 15:32:19,720 [DEBUG] [MainThread] [qasync._windows._EventPoller/_windows.py:215]: Starting (proactor: <_IocpProactor overlapped#=0 result#=0>)...
2026-02-22 15:32:19,721 [DEBUG] [Dummy-3] [qasync._windows._EventWorker/_windows.py:195]: Thread started
2026-02-22 15:32:19,862 [DEBUG] [MainThread] [pyvda.build/build.py:53]: Starting feature detection...
2026-02-22 15:32:19,862 [DEBUG] [MainThread] [pyvda.build/build.py:57]: Feature detection complete. Windows version is over 26100
2026-02-22 15:32:20,533 [INFO] [MainThread] [root/service.py:52]: AudioOutputService starting...
2026-02-22 15:32:20,580 [INFO] [MainThread] [root/service.py:41]: AudioInputService starting...
2026-02-22 15:32:21,589 [INFO] [MainThread] [core.utils.widgets.taskbar.window_manager/window_manager.py:191]: TaskbarWindowManager is starting...
2026-02-22 15:32:21,596 [INFO] [MainThread] [root/watcher.py:65]: Watching directory: c:\users\kuuro\.config\yasb
2026-02-22 15:32:21,596 [INFO] [MainThread] [root/watcher.py:104]: Created file watcher
2026-02-22 15:32:21,641 [INFO] [MainThread] [root/update_service.py:429]: Background update checker started
2026-02-22 15:32:41,738 [INFO] [MainThread] [root/controller.py:37]: Exiting Application from tray...
2026-02-22 15:32:41,850 [INFO] [MainThread] [cli_server/cli_server.py:114]: Log pipe server stopped
2026-02-22 15:32:41,850 [DEBUG] [MainThread] [cli_server/cli_server.py:209]: CLI server stopped
2026-02-22 15:32:41,948 [INFO] [MainThread] [core.utils.widgets.taskbar.window_manager/window_manager.py:218]: TaskbarWindowManager stopped
2026-02-22 15:36:37,358 [INFO] [MainThread] [root/log.py:95]: YASB v1.8.9
2026-02-22 15:36:37,358 [INFO] [CLIPipeServer] [cli_server/cli_server.py:215]: CLI server started v1.1.5
2026-02-22 15:36:37,358 [INFO] [MainThread] [cli_server/cli_server.py:106]: Log pipe server started
2026-02-22 15:36:37,399 [DEBUG] [MainThread] [qasync._windows._EventPoller/_windows.py:215]: Starting (proactor: <_IocpProactor overlapped#=0 result#=0>)...
2026-02-22 15:36:37,400 [DEBUG] [Dummy-3] [qasync._windows._EventWorker/_windows.py:195]: Thread started
2026-02-22 15:36:37,584 [DEBUG] [MainThread] [pyvda.build/build.py:53]: Starting feature detection...
2026-02-22 15:36:37,584 [DEBUG] [MainThread] [pyvda.build/build.py:57]: Feature detection complete. Windows version is over 26100
2026-02-22 15:36:38,219 [INFO] [MainThread] [root/service.py:52]: AudioOutputService starting...
2026-02-22 15:36:38,268 [INFO] [MainThread] [root/service.py:41]: AudioInputService starting...
2026-02-22 15:36:39,417 [INFO] [MainThread] [core.utils.widgets.taskbar.window_manager/window_manager.py:191]: TaskbarWindowManager is starting...
2026-02-22 15:36:39,425 [INFO] [MainThread] [root/watcher.py:65]: Watching directory: c:\users\kuuro\.config\yasb
2026-02-22 15:36:39,425 [INFO] [MainThread] [root/watcher.py:104]: Created file watcher
2026-02-22 15:36:39,470 [INFO] [MainThread] [root/update_service.py:429]: Background update checker started
2026-02-22 15:47:13,005 [INFO] [MainThread] [root/controller.py:37]: Exiting Application from tray...
2026-02-22 15:47:13,108 [INFO] [MainThread] [cli_server/cli_server.py:114]: Log pipe server stopped
2026-02-22 15:47:13,108 [DEBUG] [MainThread] [cli_server/cli_server.py:209]: CLI server stopped
2026-02-22 15:47:13,221 [INFO] [MainThread] [core.utils.widgets.taskbar.window_manager/window_manager.py:218]: TaskbarWindowManager stopped
2026-02-22 15:55:14,152 [INFO] [MainThread] [root/log.py:95]: YASB v1.8.9
2026-02-22 15:55:14,153 [INFO] [CLIPipeServer] [cli_server/cli_server.py:215]: CLI server started v1.1.5
2026-02-22 15:55:14,153 [INFO] [MainThread] [cli_server/cli_server.py:106]: Log pipe server started
2026-02-22 15:55:14,188 [DEBUG] [MainThread] [qasync._windows._EventPoller/_windows.py:215]: Starting (proactor: <_IocpProactor overlapped#=0 result#=0>)...
2026-02-22 15:55:14,191 [DEBUG] [Dummy-3] [qasync._windows._EventWorker/_windows.py:195]: Thread started
2026-02-22 15:55:14,306 [DEBUG] [MainThread] [pyvda.build/build.py:53]: Starting feature detection...
2026-02-22 15:55:14,307 [DEBUG] [MainThread] [pyvda.build/build.py:57]: Feature detection complete. Windows version is over 26100
2026-02-22 15:55:14,957 [INFO] [MainThread] [root/service.py:52]: AudioOutputService starting...
2026-02-22 15:55:15,002 [INFO] [MainThread] [root/service.py:41]: AudioInputService starting...
2026-02-22 15:55:15,999 [INFO] [MainThread] [core.utils.widgets.taskbar.window_manager/window_manager.py:191]: TaskbarWindowManager is starting...
2026-02-22 15:55:16,005 [INFO] [MainThread] [root/watcher.py:65]: Watching directory: c:\users\kuuro\.config\yasb
2026-02-22 15:55:16,005 [INFO] [MainThread] [root/watcher.py:104]: Created file watcher
2026-02-22 15:55:16,050 [INFO] [MainThread] [root/update_service.py:429]: Background update checker started
2026-02-22 16:08:33,130 [INFO] [MainThread] [core.utils.widgets.taskbar.window_manager/window_manager.py:218]: TaskbarWindowManager stopped
2026-02-22 16:48:15,905 [INFO] [MainThread] [root/log.py:95]: YASB v1.8.9
2026-02-22 16:48:15,905 [INFO] [CLIPipeServer] [cli_server/cli_server.py:215]: CLI server started v1.1.5
2026-02-22 16:48:15,906 [INFO] [MainThread] [cli_server/cli_server.py:106]: Log pipe server started
2026-02-22 16:48:15,952 [DEBUG] [MainThread] [qasync._windows._EventPoller/_windows.py:215]: Starting (proactor: <_IocpProactor overlapped#=0 result#=0>)...
2026-02-22 16:48:15,954 [DEBUG] [Dummy-3] [qasync._windows._EventWorker/_windows.py:195]: Thread started
2026-02-22 16:48:16,081 [DEBUG] [MainThread] [pyvda.build/build.py:53]: Starting feature detection...
2026-02-22 16:48:16,082 [DEBUG] [MainThread] [pyvda.build/build.py:57]: Feature detection complete. Windows version is over 26100
2026-02-22 16:48:16,909 [INFO] [MainThread] [root/service.py:52]: AudioOutputService starting...
2026-02-22 16:48:16,961 [INFO] [MainThread] [root/service.py:41]: AudioInputService starting...
2026-02-22 16:48:18,352 [INFO] [MainThread] [core.utils.widgets.taskbar.window_manager/window_manager.py:191]: TaskbarWindowManager is starting...
2026-02-22 16:48:18,358 [INFO] [MainThread] [root/watcher.py:65]: Watching directory: c:\users\kuuro\.config\yasb
2026-02-22 16:48:18,358 [INFO] [MainThread] [root/watcher.py:104]: Created file watcher
2026-02-22 16:48:18,418 [INFO] [MainThread] [root/update_service.py:429]: Background update checker started
2026-02-22 16:48:33,624 [INFO] [MainThread] [root/controller.py:37]: Exiting Application from tray...
2026-02-22 16:48:33,737 [INFO] [MainThread] [cli_server/cli_server.py:114]: Log pipe server stopped
2026-02-22 16:48:33,737 [DEBUG] [MainThread] [cli_server/cli_server.py:209]: CLI server stopped
2026-02-22 16:48:33,808 [INFO] [MainThread] [core.utils.widgets.taskbar.window_manager/window_manager.py:218]: TaskbarWindowManager stopped
2026-02-22 17:08:33,607 [INFO] [MainThread] [root/log.py:95]: YASB v1.8.9
2026-02-22 17:08:33,608 [INFO] [CLIPipeServer] [cli_server/cli_server.py:215]: CLI server started v1.1.5
2026-02-22 17:08:33,608 [INFO] [MainThread] [cli_server/cli_server.py:106]: Log pipe server started
2026-02-22 17:08:33,716 [DEBUG] [MainThread] [qasync._windows._EventPoller/_windows.py:215]: Starting (proactor: <_IocpProactor overlapped#=0 result#=0>)...
2026-02-22 17:08:33,717 [DEBUG] [Dummy-3] [qasync._windows._EventWorker/_windows.py:195]: Thread started
2026-02-22 17:08:33,844 [DEBUG] [MainThread] [pyvda.build/build.py:53]: Starting feature detection...
2026-02-22 17:08:33,844 [DEBUG] [MainThread] [pyvda.build/build.py:57]: Feature detection complete. Windows version is over 26100
2026-02-22 17:08:34,693 [INFO] [MainThread] [root/service.py:52]: AudioOutputService starting...
2026-02-22 17:08:34,744 [INFO] [MainThread] [root/service.py:41]: AudioInputService starting...
2026-02-22 17:08:37,226 [INFO] [MainThread] [core.utils.widgets.taskbar.window_manager/window_manager.py:191]: TaskbarWindowManager is starting...
2026-02-22 17:08:37,233 [INFO] [MainThread] [root/watcher.py:65]: Watching directory: c:\users\kuuro\.config\yasb
2026-02-22 17:08:37,233 [INFO] [MainThread] [root/watcher.py:104]: Created file watcher
2026-02-22 17:08:37,698 [INFO] [MainThread] [root/update_service.py:429]: Background update checker started
2026-02-22 17:11:28,819 [INFO] [MainThread] [root/bar_helper.py:526]: AppBarManager need to re-register 1 bar
2026-02-22 17:11:28,858 [INFO] [MainThread] [root/bar_helper.py:535]: Re-registered AppBar for status-bar_H24T09P_88a984b3 (space reservation + fullscreen)
2026-02-22 17:17:47,374 [INFO] [MainThread] [core.utils.widgets.taskbar.window_manager/window_manager.py:218]: TaskbarWindowManager stopped
2026-02-22 17:18:52,752 [INFO] [MainThread] [root/log.py:95]: YASB v1.8.9
2026-02-22 17:18:52,753 [INFO] [CLIPipeServer] [cli_server/cli_server.py:215]: CLI server started v1.1.5
2026-02-22 17:18:52,753 [INFO] [MainThread] [cli_server/cli_server.py:106]: Log pipe server started
2026-02-22 17:18:52,791 [DEBUG] [MainThread] [qasync._windows._EventPoller/_windows.py:215]: Starting (proactor: <_IocpProactor overlapped#=0 result#=0>)...
2026-02-22 17:18:52,792 [DEBUG] [Dummy-3] [qasync._windows._EventWorker/_windows.py:195]: Thread started
2026-02-22 17:18:52,913 [DEBUG] [MainThread] [pyvda.build/build.py:53]: Starting feature detection...
2026-02-22 17:18:52,913 [DEBUG] [MainThread] [pyvda.build/build.py:57]: Feature detection complete. Windows version is over 26100
2026-02-22 17:18:53,795 [INFO] [MainThread] [root/service.py:52]: AudioOutputService starting...
2026-02-22 17:18:53,860 [INFO] [MainThread] [root/service.py:41]: AudioInputService starting...
2026-02-22 17:18:55,100 [INFO] [MainThread] [core.utils.widgets.taskbar.window_manager/window_manager.py:191]: TaskbarWindowManager is starting...
2026-02-22 17:18:55,105 [INFO] [MainThread] [root/watcher.py:65]: Watching directory: c:\users\kuuro\.config\yasb
2026-02-22 17:18:55,105 [INFO] [MainThread] [root/watcher.py:104]: Created file watcher
2026-02-22 17:18:55,152 [INFO] [MainThread] [root/update_service.py:429]: Background update checker started
2026-02-22 17:19:32,870 [INFO] [MainThread] [core.utils.widgets.taskbar.window_manager/window_manager.py:218]: TaskbarWindowManager stopped
2026-02-22 17:20:36,440 [INFO] [MainThread] [root/log.py:95]: YASB v1.8.9
2026-02-22 17:20:36,441 [INFO] [CLIPipeServer] [cli_server/cli_server.py:215]: CLI server started v1.1.5
2026-02-22 17:20:36,441 [INFO] [MainThread] [cli_server/cli_server.py:106]: Log pipe server started
2026-02-22 17:20:36,467 [DEBUG] [MainThread] [qasync._windows._EventPoller/_windows.py:215]: Starting (proactor: <_IocpProactor overlapped#=0 result#=0>)...
2026-02-22 17:20:36,468 [DEBUG] [Dummy-3] [qasync._windows._EventWorker/_windows.py:195]: Thread started
2026-02-22 17:20:36,606 [DEBUG] [MainThread] [pyvda.build/build.py:53]: Starting feature detection...
2026-02-22 17:20:36,606 [DEBUG] [MainThread] [pyvda.build/build.py:57]: Feature detection complete. Windows version is over 26100
2026-02-22 17:20:37,330 [INFO] [MainThread] [root/service.py:52]: AudioOutputService starting...
2026-02-22 17:20:37,379 [INFO] [MainThread] [root/service.py:41]: AudioInputService starting...
2026-02-22 17:20:40,787 [INFO] [MainThread] [core.utils.widgets.taskbar.window_manager/window_manager.py:191]: TaskbarWindowManager is starting...
2026-02-22 17:20:40,793 [INFO] [MainThread] [root/watcher.py:65]: Watching directory: c:\users\kuuro\.config\yasb
2026-02-22 17:20:40,793 [INFO] [MainThread] [root/watcher.py:104]: Created file watcher
2026-02-22 17:20:40,844 [INFO] [MainThread] [root/update_service.py:429]: Background update checker started
2026-02-22 17:21:38,971 [INFO] [MainThread] [core.utils.widgets.taskbar.window_manager/window_manager.py:218]: TaskbarWindowManager stopped
2026-02-22 17:22:40,630 [INFO] [MainThread] [root/log.py:95]: YASB v1.8.9
2026-02-22 17:22:40,631 [INFO] [CLIPipeServer] [cli_server/cli_server.py:215]: CLI server started v1.1.5
2026-02-22 17:22:40,631 [INFO] [MainThread] [cli_server/cli_server.py:106]: Log pipe server started
2026-02-22 17:22:40,662 [DEBUG] [MainThread] [qasync._windows._EventPoller/_windows.py:215]: Starting (proactor: <_IocpProactor overlapped#=0 result#=0>)...
2026-02-22 17:22:40,663 [DEBUG] [Dummy-3] [qasync._windows._EventWorker/_windows.py:195]: Thread started
2026-02-22 17:22:40,790 [DEBUG] [MainThread] [pyvda.build/build.py:53]: Starting feature detection...
2026-02-22 17:22:40,790 [DEBUG] [MainThread] [pyvda.build/build.py:57]: Feature detection complete. Windows version is over 26100
2026-02-22 17:22:41,547 [INFO] [MainThread] [root/service.py:52]: AudioOutputService starting...
2026-02-22 17:22:41,596 [INFO] [MainThread] [root/service.py:41]: AudioInputService starting...
2026-02-22 17:22:42,755 [INFO] [MainThread] [core.utils.widgets.taskbar.window_manager/window_manager.py:191]: TaskbarWindowManager is starting...
2026-02-22 17:22:42,761 [INFO] [MainThread] [root/watcher.py:65]: Watching directory: c:\users\kuuro\.config\yasb
2026-02-22 17:22:42,761 [INFO] [MainThread] [root/watcher.py:104]: Created file watcher
2026-02-22 17:22:42,811 [INFO] [MainThread] [root/update_service.py:429]: Background update checker started
2026-02-22 17:25:41,779 [INFO] [MainThread] [core.utils.widgets.taskbar.window_manager/window_manager.py:218]: TaskbarWindowManager stopped
2026-02-22 17:26:38,033 [INFO] [MainThread] [root/log.py:95]: YASB v1.8.9
2026-02-22 17:26:38,034 [INFO] [CLIPipeServer] [cli_server/cli_server.py:215]: CLI server started v1.1.5
2026-02-22 17:26:38,034 [INFO] [MainThread] [cli_server/cli_server.py:106]: Log pipe server started
2026-02-22 17:26:38,056 [DEBUG] [MainThread] [qasync._windows._EventPoller/_windows.py:215]: Starting (proactor: <_IocpProactor overlapped#=0 result#=0>)...
2026-02-22 17:26:38,057 [DEBUG] [Dummy-3] [qasync._windows._EventWorker/_windows.py:195]: Thread started
2026-02-22 17:26:38,177 [DEBUG] [MainThread] [pyvda.build/build.py:53]: Starting feature detection...
2026-02-22 17:26:38,178 [DEBUG] [MainThread] [pyvda.build/build.py:57]: Feature detection complete. Windows version is over 26100
2026-02-22 17:26:39,265 [INFO] [MainThread] [root/service.py:52]: AudioOutputService starting...
2026-02-22 17:26:39,321 [INFO] [MainThread] [root/service.py:41]: AudioInputService starting...
2026-02-22 17:26:40,803 [INFO] [MainThread] [core.utils.widgets.taskbar.window_manager/window_manager.py:191]: TaskbarWindowManager is starting...
2026-02-22 17:26:40,808 [INFO] [MainThread] [root/watcher.py:65]: Watching directory: c:\users\kuuro\.config\yasb
2026-02-22 17:26:40,809 [INFO] [MainThread] [root/watcher.py:104]: Created file watcher
2026-02-22 17:26:40,870 [INFO] [MainThread] [root/update_service.py:429]: Background update checker started
2026-02-22 17:31:18,069 [INFO] [MainThread] [core.utils.widgets.taskbar.window_manager/window_manager.py:218]: TaskbarWindowManager stopped
2026-02-22 17:32:16,893 [INFO] [MainThread] [root/log.py:95]: YASB v1.8.9
2026-02-22 17:32:16,894 [INFO] [CLIPipeServer] [cli_server/cli_server.py:215]: CLI server started v1.1.5
2026-02-22 17:32:16,894 [INFO] [MainThread] [cli_server/cli_server.py:106]: Log pipe server started
2026-02-22 17:32:16,917 [DEBUG] [MainThread] [qasync._windows._EventPoller/_windows.py:215]: Starting (proactor: <_IocpProactor overlapped#=0 result#=0>)...
2026-02-22 17:32:16,918 [DEBUG] [Dummy-3] [qasync._windows._EventWorker/_windows.py:195]: Thread started
2026-02-22 17:32:17,046 [DEBUG] [MainThread] [pyvda.build/build.py:53]: Starting feature detection...
2026-02-22 17:32:17,047 [DEBUG] [MainThread] [pyvda.build/build.py:57]: Feature detection complete. Windows version is over 26100
2026-02-22 17:32:17,860 [INFO] [MainThread] [root/service.py:52]: AudioOutputService starting...
2026-02-22 17:32:17,914 [INFO] [MainThread] [root/service.py:41]: AudioInputService starting...
2026-02-22 17:32:19,512 [INFO] [MainThread] [core.utils.widgets.taskbar.window_manager/window_manager.py:191]: TaskbarWindowManager is starting...
2026-02-22 17:32:19,518 [INFO] [MainThread] [root/watcher.py:65]: Watching directory: c:\users\kuuro\.config\yasb
2026-02-22 17:32:19,518 [INFO] [MainThread] [root/watcher.py:104]: Created file watcher
2026-02-22 17:32:19,576 [INFO] [MainThread] [root/update_service.py:429]: Background update checker started
2026-02-22 17:36:53,619 [INFO] [MainThread] [core.utils.widgets.taskbar.window_manager/window_manager.py:218]: TaskbarWindowManager stopped
2026-02-22 17:38:00,155 [INFO] [MainThread] [root/log.py:95]: YASB v1.8.9
2026-02-22 17:38:00,156 [INFO] [CLIPipeServer] [cli_server/cli_server.py:215]: CLI server started v1.1.5
2026-02-22 17:38:00,156 [INFO] [MainThread] [cli_server/cli_server.py:106]: Log pipe server started
2026-02-22 17:38:00,178 [DEBUG] [MainThread] [qasync._windows._EventPoller/_windows.py:215]: Starting (proactor: <_IocpProactor overlapped#=0 result#=0>)...
2026-02-22 17:38:00,179 [DEBUG] [Dummy-3] [qasync._windows._EventWorker/_windows.py:195]: Thread started
2026-02-22 17:38:00,306 [DEBUG] [MainThread] [pyvda.build/build.py:53]: Starting feature detection...
2026-02-22 17:38:00,306 [DEBUG] [MainThread] [pyvda.build/build.py:57]: Feature detection complete. Windows version is over 26100
2026-02-22 17:38:01,045 [INFO] [MainThread] [root/service.py:52]: AudioOutputService starting...
2026-02-22 17:38:01,094 [INFO] [MainThread] [root/service.py:41]: AudioInputService starting...
2026-02-22 17:38:02,326 [INFO] [MainThread] [core.utils.widgets.taskbar.window_manager/window_manager.py:191]: TaskbarWindowManager is starting...
2026-02-22 17:38:02,332 [INFO] [MainThread] [root/watcher.py:65]: Watching directory: c:\users\kuuro\.config\yasb
2026-02-22 17:38:02,332 [INFO] [MainThread] [root/watcher.py:104]: Created file watcher
2026-02-22 17:38:02,381 [INFO] [MainThread] [root/update_service.py:429]: Background update checker started
2026-02-22 17:38:54,825 [INFO] [MainThread] [core.utils.widgets.taskbar.window_manager/window_manager.py:218]: TaskbarWindowManager stopped
2026-02-22 17:40:02,213 [INFO] [MainThread] [root/log.py:95]: YASB v1.8.9
2026-02-22 17:40:02,214 [INFO] [CLIPipeServer] [cli_server/cli_server.py:215]: CLI server started v1.1.5
2026-02-22 17:40:02,214 [INFO] [MainThread] [cli_server/cli_server.py:106]: Log pipe server started
2026-02-22 17:40:02,239 [DEBUG] [MainThread] [qasync._windows._EventPoller/_windows.py:215]: Starting (proactor: <_IocpProactor overlapped#=0 result#=0>)...
2026-02-22 17:40:02,240 [DEBUG] [Dummy-3] [qasync._windows._EventWorker/_windows.py:195]: Thread started
2026-02-22 17:40:02,351 [DEBUG] [MainThread] [pyvda.build/build.py:53]: Starting feature detection...
2026-02-22 17:40:02,352 [DEBUG] [MainThread] [pyvda.build/build.py:57]: Feature detection complete. Windows version is over 26100
2026-02-22 17:40:03,123 [INFO] [MainThread] [root/service.py:52]: AudioOutputService starting...
2026-02-22 17:40:03,173 [INFO] [MainThread] [root/service.py:41]: AudioInputService starting...
2026-02-22 17:40:04,477 [INFO] [MainThread] [core.utils.widgets.taskbar.window_manager/window_manager.py:191]: TaskbarWindowManager is starting...
2026-02-22 17:40:04,483 [INFO] [MainThread] [root/watcher.py:65]: Watching directory: c:\users\kuuro\.config\yasb
2026-02-22 17:40:04,484 [INFO] [MainThread] [root/watcher.py:104]: Created file watcher
2026-02-22 17:40:04,538 [INFO] [MainThread] [root/update_service.py:429]: Background update checker started
2026-02-22 17:43:07,500 [INFO] [MainThread] [root/bar_helper.py:526]: AppBarManager need to re-register 1 bar
2026-02-22 17:43:07,560 [INFO] [MainThread] [root/bar_helper.py:535]: Re-registered AppBar for status-bar_H24T09P_a3c59bc9 (space reservation + fullscreen)
2026-02-22 17:49:23,999 [DEBUG] [Thread-9] [root/watcher.py:90]: Config file modified: c:\users\kuuro\.config\yasb\config.yaml
2026-02-22 17:49:24,313 [DEBUG] [Thread-9] [root/watcher.py:84]: Stylesheet modified: c:\users\kuuro\.config\yasb\styles.css
2026-02-22 17:50:27,107 [DEBUG] [Thread-9] [root/watcher.py:90]: Config file modified: c:\users\kuuro\.config\yasb\config.yaml
2026-02-22 17:50:27,132 [INFO] [MainThread] [root/controller.py:15]: Reloading Application because of config change.
2026-02-22 17:50:27,247 [INFO] [MainThread] [cli_server/cli_server.py:114]: Log pipe server stopped
2026-02-22 17:50:27,248 [DEBUG] [MainThread] [cli_server/cli_server.py:209]: CLI server stopped
2026-02-22 17:50:27,254 [INFO] [MainThread] [root/bar_manager.py:79]: Successfully loaded updated config and re-initialised all bars.
2026-02-22 17:50:27,340 [INFO] [MainThread] [core.utils.widgets.taskbar.window_manager/window_manager.py:218]: TaskbarWindowManager stopped
2026-02-22 17:50:27,841 [INFO] [MainThread] [root/log.py:95]: YASB v1.8.9
2026-02-22 17:50:27,841 [INFO] [CLIPipeServer] [cli_server/cli_server.py:215]: CLI server started v1.1.5
2026-02-22 17:50:27,841 [INFO] [MainThread] [cli_server/cli_server.py:106]: Log pipe server started
2026-02-22 17:50:27,842 [INFO] [MainThread] [root/main.py:46]: Waiting for previous YASB instance to exit...
2026-02-22 17:50:28,844 [INFO] [MainThread] [root/main.py:72]: Previous instance exited, continuing startup.
2026-02-22 17:50:28,868 [DEBUG] [MainThread] [qasync._windows._EventPoller/_windows.py:215]: Starting (proactor: <_IocpProactor overlapped#=0 result#=0>)...
2026-02-22 17:50:28,869 [DEBUG] [Dummy-3] [qasync._windows._EventWorker/_windows.py:195]: Thread started
2026-02-22 17:50:29,002 [DEBUG] [MainThread] [pyvda.build/build.py:53]: Starting feature detection...
2026-02-22 17:50:29,003 [DEBUG] [MainThread] [pyvda.build/build.py:57]: Feature detection complete. Windows version is over 26100
2026-02-22 17:50:29,123 [WARNING] [MainThread] [root/widget_builder.py:40]: No widget config could be found for widget 'cava
2026-02-22 17:50:30,123 [ERROR] [MainThread] [root/widget_builder.py:97]: Failed to add undefined widget(s)  - The widget "cava" is undefined.
2026-02-22 17:50:30,152 [INFO] [MainThread] [root/watcher.py:65]: Watching directory: c:\users\kuuro\.config\yasb
2026-02-22 17:50:30,152 [INFO] [MainThread] [root/watcher.py:104]: Created file watcher
2026-02-22 17:50:30,186 [INFO] [MainThread] [root/update_service.py:429]: Background update checker started
2026-02-22 17:50:41,874 [DEBUG] [Thread-7] [root/watcher.py:90]: Config file modified: c:\users\kuuro\.config\yasb\config.yaml
2026-02-22 17:50:41,899 [INFO] [MainThread] [root/controller.py:15]: Reloading Application because of config change.
2026-02-22 17:50:42,002 [INFO] [MainThread] [cli_server/cli_server.py:114]: Log pipe server stopped
2026-02-22 17:50:42,002 [DEBUG] [MainThread] [cli_server/cli_server.py:209]: CLI server stopped
2026-02-22 17:50:42,007 [INFO] [MainThread] [root/bar_manager.py:79]: Successfully loaded updated config and re-initialised all bars.
2026-02-22 17:50:42,532 [INFO] [MainThread] [root/log.py:95]: YASB v1.8.9
2026-02-22 17:50:42,533 [INFO] [CLIPipeServer] [cli_server/cli_server.py:215]: CLI server started v1.1.5
2026-02-22 17:50:42,533 [INFO] [MainThread] [cli_server/cli_server.py:106]: Log pipe server started
2026-02-22 17:50:42,558 [DEBUG] [MainThread] [qasync._windows._EventPoller/_windows.py:215]: Starting (proactor: <_IocpProactor overlapped#=0 result#=0>)...
2026-02-22 17:50:42,560 [DEBUG] [Dummy-3] [qasync._windows._EventWorker/_windows.py:195]: Thread started
2026-02-22 17:50:42,640 [DEBUG] [MainThread] [pyvda.build/build.py:53]: Starting feature detection...
2026-02-22 17:50:42,641 [DEBUG] [MainThread] [pyvda.build/build.py:57]: Feature detection complete. Windows version is over 26100
2026-02-22 17:50:43,659 [INFO] [MainThread] [root/watcher.py:65]: Watching directory: c:\users\kuuro\.config\yasb
2026-02-22 17:50:43,659 [INFO] [MainThread] [root/watcher.py:104]: Created file watcher
2026-02-22 17:50:43,702 [INFO] [MainThread] [root/update_service.py:429]: Background update checker started
2026-02-22 17:50:51,534 [DEBUG] [Thread-8] [root/watcher.py:84]: Stylesheet modified: c:\users\kuuro\.config\yasb\styles.css
2026-02-22 17:50:58,709 [DEBUG] [Thread-8] [root/watcher.py:84]: Stylesheet modified: c:\users\kuuro\.config\yasb\styles.css
2026-02-22 17:51:36,397 [DEBUG] [Thread-8] [root/watcher.py:90]: Config file modified: c:\users\kuuro\.config\yasb\config.yaml
2026-02-22 17:51:36,423 [INFO] [MainThread] [root/controller.py:15]: Reloading Application because of config change.
2026-02-22 17:51:36,525 [INFO] [MainThread] [cli_server/cli_server.py:114]: Log pipe server stopped
2026-02-22 17:51:36,526 [DEBUG] [MainThread] [cli_server/cli_server.py:209]: CLI server stopped
2026-02-22 17:51:36,531 [INFO] [MainThread] [root/bar_manager.py:79]: Successfully loaded updated config and re-initialised all bars.
2026-02-22 17:51:37,111 [INFO] [MainThread] [root/log.py:95]: YASB v1.8.9
2026-02-22 17:51:37,111 [INFO] [CLIPipeServer] [cli_server/cli_server.py:215]: CLI server started v1.1.5
2026-02-22 17:51:37,111 [INFO] [MainThread] [cli_server/cli_server.py:106]: Log pipe server started
2026-02-22 17:51:37,153 [DEBUG] [MainThread] [qasync._windows._EventPoller/_windows.py:215]: Starting (proactor: <_IocpProactor overlapped#=0 result#=0>)...
2026-02-22 17:51:37,156 [DEBUG] [Dummy-3] [qasync._windows._EventWorker/_windows.py:195]: Thread started
2026-02-22 17:51:37,273 [DEBUG] [MainThread] [pyvda.build/build.py:53]: Starting feature detection...
2026-02-22 17:51:37,273 [DEBUG] [MainThread] [pyvda.build/build.py:57]: Feature detection complete. Windows version is over 26100
2026-02-22 17:51:38,438 [INFO] [MainThread] [root/watcher.py:65]: Watching directory: c:\users\kuuro\.config\yasb
2026-02-22 17:51:38,439 [INFO] [MainThread] [root/watcher.py:104]: Created file watcher
2026-02-22 17:51:38,480 [INFO] [MainThread] [root/update_service.py:429]: Background update checker started
2026-02-22 17:52:02,168 [DEBUG] [Thread-8] [root/watcher.py:90]: Config file modified: c:\users\kuuro\.config\yasb\config.yaml
2026-02-22 17:52:02,193 [INFO] [MainThread] [root/controller.py:15]: Reloading Application because of config change.
2026-02-22 17:52:02,302 [INFO] [MainThread] [cli_server/cli_server.py:114]: Log pipe server stopped
2026-02-22 17:52:02,303 [DEBUG] [MainThread] [cli_server/cli_server.py:209]: CLI server stopped
2026-02-22 17:52:02,307 [INFO] [MainThread] [root/bar_manager.py:79]: Successfully loaded updated config and re-initialised all bars.
2026-02-22 17:52:02,861 [INFO] [MainThread] [root/log.py:95]: YASB v1.8.9
2026-02-22 17:52:02,861 [INFO] [CLIPipeServer] [cli_server/cli_server.py:215]: CLI server started v1.1.5
2026-02-22 17:52:02,861 [INFO] [MainThread] [cli_server/cli_server.py:106]: Log pipe server started
2026-02-22 17:52:02,888 [DEBUG] [MainThread] [qasync._windows._EventPoller/_windows.py:215]: Starting (proactor: <_IocpProactor overlapped#=0 result#=0>)...
2026-02-22 17:52:02,889 [DEBUG] [Dummy-3] [qasync._windows._EventWorker/_windows.py:195]: Thread started
2026-02-22 17:52:02,968 [DEBUG] [MainThread] [pyvda.build/build.py:53]: Starting feature detection...
2026-02-22 17:52:02,969 [DEBUG] [MainThread] [pyvda.build/build.py:57]: Feature detection complete. Windows version is over 26100
2026-02-22 17:52:03,982 [INFO] [MainThread] [root/watcher.py:65]: Watching directory: c:\users\kuuro\.config\yasb
2026-02-22 17:52:03,982 [INFO] [MainThread] [root/watcher.py:104]: Created file watcher
2026-02-22 17:52:04,029 [INFO] [MainThread] [root/update_service.py:429]: Background update checker started
2026-02-22 17:52:05,833 [DEBUG] [Thread-8] [root/watcher.py:84]: Stylesheet modified: c:\users\kuuro\.config\yasb\styles.css
2026-02-22 17:52:31,766 [DEBUG] [Thread-8] [root/watcher.py:90]: Config file modified: c:\users\kuuro\.config\yasb\config.yaml
2026-02-22 17:52:31,794 [INFO] [MainThread] [root/controller.py:15]: Reloading Application because of config change.
2026-02-22 17:52:31,902 [INFO] [MainThread] [cli_server/cli_server.py:114]: Log pipe server stopped
2026-02-22 17:52:31,902 [DEBUG] [MainThread] [cli_server/cli_server.py:209]: CLI server stopped
2026-02-22 17:52:31,907 [INFO] [MainThread] [root/bar_manager.py:79]: Successfully loaded updated config and re-initialised all bars.
2026-02-22 17:52:32,503 [INFO] [MainThread] [root/log.py:95]: YASB v1.8.9
2026-02-22 17:52:32,503 [INFO] [CLIPipeServer] [cli_server/cli_server.py:215]: CLI server started v1.1.5
2026-02-22 17:52:32,504 [INFO] [MainThread] [cli_server/cli_server.py:106]: Log pipe server started
2026-02-22 17:52:32,546 [DEBUG] [MainThread] [qasync._windows._EventPoller/_windows.py:215]: Starting (proactor: <_IocpProactor overlapped#=0 result#=0>)...
2026-02-22 17:52:32,548 [DEBUG] [Dummy-3] [qasync._windows._EventWorker/_windows.py:195]: Thread started
2026-02-22 17:52:32,649 [DEBUG] [MainThread] [pyvda.build/build.py:53]: Starting feature detection...
2026-02-22 17:52:32,649 [DEBUG] [MainThread] [pyvda.build/build.py:57]: Feature detection complete. Windows version is over 26100
2026-02-22 17:52:33,833 [INFO] [MainThread] [root/watcher.py:65]: Watching directory: c:\users\kuuro\.config\yasb
2026-02-22 17:52:33,833 [INFO] [MainThread] [root/watcher.py:104]: Created file watcher
2026-02-22 17:52:33,890 [INFO] [MainThread] [root/update_service.py:429]: Background update checker started
2026-02-22 17:52:54,630 [DEBUG] [Thread-8] [root/watcher.py:90]: Config file modified: c:\users\kuuro\.config\yasb\config.yaml
2026-02-22 17:52:54,671 [INFO] [MainThread] [root/controller.py:15]: Reloading Application because of config change.
2026-02-22 17:52:54,780 [INFO] [MainThread] [cli_server/cli_server.py:114]: Log pipe server stopped
2026-02-22 17:52:54,780 [DEBUG] [MainThread] [cli_server/cli_server.py:209]: CLI server stopped
2026-02-22 17:52:54,787 [INFO] [MainThread] [root/bar_manager.py:79]: Successfully loaded updated config and re-initialised all bars.
2026-02-22 17:52:55,319 [INFO] [MainThread] [root/log.py:95]: YASB v1.8.9
2026-02-22 17:52:55,320 [INFO] [CLIPipeServer] [cli_server/cli_server.py:215]: CLI server started v1.1.5
2026-02-22 17:52:55,320 [INFO] [MainThread] [cli_server/cli_server.py:106]: Log pipe server started
2026-02-22 17:52:55,355 [DEBUG] [MainThread] [qasync._windows._EventPoller/_windows.py:215]: Starting (proactor: <_IocpProactor overlapped#=0 result#=0>)...
2026-02-22 17:52:55,357 [DEBUG] [Dummy-3] [qasync._windows._EventWorker/_windows.py:195]: Thread started
2026-02-22 17:52:55,443 [DEBUG] [MainThread] [pyvda.build/build.py:53]: Starting feature detection...
2026-02-22 17:52:55,445 [DEBUG] [MainThread] [pyvda.build/build.py:57]: Feature detection complete. Windows version is over 26100
2026-02-22 17:52:56,552 [INFO] [MainThread] [root/watcher.py:65]: Watching directory: c:\users\kuuro\.config\yasb
2026-02-22 17:52:56,552 [INFO] [MainThread] [root/watcher.py:104]: Created file watcher
2026-02-22 17:52:56,608 [INFO] [MainThread] [root/update_service.py:429]: Background update checker started
2026-02-22 17:53:18,807 [DEBUG] [Thread-8] [root/watcher.py:84]: Stylesheet modified: c:\users\kuuro\.config\yasb\styles.css
2026-02-22 17:54:22,332 [DEBUG] [Thread-8] [root/watcher.py:84]: Stylesheet modified: c:\users\kuuro\.config\yasb\styles.css
2026-02-22 17:54:25,692 [DEBUG] [Thread-8] [root/watcher.py:84]: Stylesheet modified: c:\users\kuuro\.config\yasb\styles.css
2026-02-22 17:54:42,547 [DEBUG] [Thread-8] [root/watcher.py:84]: Stylesheet modified: c:\users\kuuro\.config\yasb\styles.css
2026-02-22 18:01:44,879 [INFO] [MainThread] [root/bar_helper.py:526]: AppBarManager need to re-register 1 bar
2026-02-22 18:01:44,936 [INFO] [MainThread] [root/bar_helper.py:535]: Re-registered AppBar for status-bar_H24T09P_3d389c6b (space reservation + fullscreen)
2026-02-22 18:18:13,312 [INFO] [MainThread] [root/bar_helper.py:526]: AppBarManager need to re-register 1 bar
2026-02-22 18:18:13,352 [INFO] [MainThread] [root/bar_helper.py:535]: Re-registered AppBar for status-bar_H24T09P_3d389c6b (space reservation + fullscreen)
2026-02-22 18:20:29,518 [INFO] [MainThread] [root/bar_helper.py:526]: AppBarManager need to re-register 1 bar
2026-02-22 18:20:29,548 [INFO] [MainThread] [root/bar_helper.py:535]: Re-registered AppBar for status-bar_H24T09P_3d389c6b (space reservation + fullscreen)
2026-02-23 00:49:57,765 [INFO] [MainThread] [root/log.py:95]: YASB v1.8.9
2026-02-23 00:49:57,766 [INFO] [CLIPipeServer] [cli_server/cli_server.py:215]: CLI server started v1.1.5
2026-02-23 00:49:57,767 [INFO] [MainThread] [cli_server/cli_server.py:106]: Log pipe server started
2026-02-23 00:49:57,889 [DEBUG] [MainThread] [qasync._windows._EventPoller/_windows.py:215]: Starting (proactor: <_IocpProactor overlapped#=0 result#=0>)...
2026-02-23 00:49:57,890 [DEBUG] [Dummy-3] [qasync._windows._EventWorker/_windows.py:195]: Thread started
2026-02-23 00:49:58,006 [DEBUG] [MainThread] [pyvda.build/build.py:53]: Starting feature detection...
2026-02-23 00:49:58,007 [DEBUG] [MainThread] [pyvda.build/build.py:57]: Feature detection complete. Windows version is over 26100
2026-02-23 00:50:00,371 [INFO] [MainThread] [root/watcher.py:65]: Watching directory: c:\users\kuuro\.config\yasb
2026-02-23 00:50:00,371 [INFO] [MainThread] [root/watcher.py:104]: Created file watcher
2026-02-23 00:50:00,862 [INFO] [MainThread] [root/update_service.py:429]: Background update checker started
2026-02-22 19:35:24,870 [INFO] [MainThread] [root/controller.py:37]: Exiting Application from tray...
2026-02-22 19:35:24,974 [INFO] [MainThread] [cli_server/cli_server.py:114]: Log pipe server stopped
2026-02-22 19:35:24,974 [DEBUG] [MainThread] [cli_server/cli_server.py:209]: CLI server stopped
2026-02-22 19:36:09,717 [INFO] [MainThread] [root/log.py:95]: YASB v1.8.9
2026-02-22 19:36:09,718 [INFO] [CLIPipeServer] [cli_server/cli_server.py:215]: CLI server started v1.1.5
2026-02-22 19:36:09,718 [INFO] [MainThread] [cli_server/cli_server.py:106]: Log pipe server started
2026-02-22 19:36:09,819 [DEBUG] [MainThread] [qasync._windows._EventPoller/_windows.py:215]: Starting (proactor: <_IocpProactor overlapped#=0 result#=0>)...
2026-02-22 19:36:09,820 [DEBUG] [Dummy-3] [qasync._windows._EventWorker/_windows.py:195]: Thread started
2026-02-22 19:36:09,926 [DEBUG] [MainThread] [pyvda.build/build.py:53]: Starting feature detection...
2026-02-22 19:36:09,926 [DEBUG] [MainThread] [pyvda.build/build.py:57]: Feature detection complete. Windows version is over 26100
2026-02-22 19:36:11,049 [INFO] [MainThread] [root/watcher.py:65]: Watching directory: c:\users\kuuro\.config\yasb
2026-02-22 19:36:11,049 [INFO] [MainThread] [root/watcher.py:104]: Created file watcher
2026-02-22 19:36:11,432 [INFO] [MainThread] [root/update_service.py:429]: Background update checker started
2026-02-22 21:46:29,322 [INFO] [MainThread] [root/controller.py:37]: Exiting Application from tray...
2026-02-22 21:46:29,439 [INFO] [MainThread] [cli_server/cli_server.py:114]: Log pipe server stopped
2026-02-22 21:46:29,439 [DEBUG] [MainThread] [cli_server/cli_server.py:209]: CLI server stopped
2026-02-22 23:21:53,525 [INFO] [MainThread] [root/log.py:95]: YASB v1.8.9
2026-02-22 23:21:53,526 [INFO] [CLIPipeServer] [cli_server/cli_server.py:215]: CLI server started v1.1.5
2026-02-22 23:21:53,526 [INFO] [MainThread] [cli_server/cli_server.py:106]: Log pipe server started
2026-02-22 23:21:53,554 [DEBUG] [MainThread] [qasync._windows._EventPoller/_windows.py:215]: Starting (proactor: <_IocpProactor overlapped#=0 result#=0>)...
2026-02-22 23:21:53,555 [DEBUG] [Dummy-3] [qasync._windows._EventWorker/_windows.py:195]: Thread started
2026-02-22 23:21:53,641 [DEBUG] [MainThread] [pyvda.build/build.py:53]: Starting feature detection...
2026-02-22 23:21:53,641 [DEBUG] [MainThread] [pyvda.build/build.py:57]: Feature detection complete. Windows version is over 26100
2026-02-22 23:21:54,909 [INFO] [MainThread] [root/watcher.py:65]: Watching directory: c:\users\kuuro\.config\yasb
2026-02-22 23:21:54,909 [INFO] [MainThread] [root/watcher.py:104]: Created file watcher
2026-02-22 23:21:54,954 [INFO] [MainThread] [root/update_service.py:429]: Background update checker started
2026-02-23 02:11:17,101 [INFO] [MainThread] [root/log.py:95]: YASB v1.8.9
2026-02-23 02:11:17,103 [INFO] [CLIPipeServer] [cli_server/cli_server.py:215]: CLI server started v1.1.5
2026-02-23 02:11:17,103 [INFO] [MainThread] [cli_server/cli_server.py:106]: Log pipe server started
2026-02-23 02:11:17,104 [ERROR] [MainThread] [root/main.py:75]: Another instance of the YASB is already running.
2026-02-23 02:12:35,514 [DEBUG] [Thread-8] [root/watcher.py:90]: Config file modified: c:\users\kuuro\.config\yasb\config.yaml
2026-02-23 02:13:47,767 [DEBUG] [Thread-8] [root/watcher.py:90]: Config file modified: c:\users\kuuro\.config\yasb\config.yaml
2026-02-23 02:13:47,814 [INFO] [MainThread] [root/controller.py:15]: Reloading Application because of config change.
2026-02-23 02:13:47,926 [INFO] [MainThread] [cli_server/cli_server.py:114]: Log pipe server stopped
2026-02-23 02:13:47,926 [DEBUG] [MainThread] [cli_server/cli_server.py:209]: CLI server stopped
2026-02-23 02:13:47,936 [INFO] [MainThread] [root/bar_manager.py:79]: Successfully loaded updated config and re-initialised all bars.
2026-02-23 02:13:48,635 [INFO] [MainThread] [root/log.py:95]: YASB v1.8.9
2026-02-23 02:13:48,636 [INFO] [CLIPipeServer] [cli_server/cli_server.py:215]: CLI server started v1.1.5
2026-02-23 02:13:48,636 [INFO] [MainThread] [cli_server/cli_server.py:106]: Log pipe server started
2026-02-23 02:13:48,637 [INFO] [MainThread] [root/main.py:46]: Waiting for previous YASB instance to exit...
2026-02-23 02:13:51,140 [INFO] [MainThread] [root/main.py:72]: Previous instance exited, continuing startup.
2026-02-23 02:13:51,172 [DEBUG] [MainThread] [qasync._windows._EventPoller/_windows.py:215]: Starting (proactor: <_IocpProactor overlapped#=0 result#=0>)...
2026-02-23 02:13:51,173 [DEBUG] [Dummy-3] [qasync._windows._EventWorker/_windows.py:195]: Thread started
2026-02-23 02:13:51,260 [DEBUG] [MainThread] [pyvda.build/build.py:53]: Starting feature detection...
2026-02-23 02:13:51,260 [DEBUG] [MainThread] [pyvda.build/build.py:57]: Feature detection complete. Windows version is over 26100
2026-02-23 02:13:51,323 [WARNING] [MainThread] [root/widget_builder.py:40]: No widget config could be found for widget 'ai_chat
2026-02-23 02:13:52,432 [ERROR] [MainThread] [root/widget_builder.py:97]: Failed to add undefined widget(s)  - The widget "ai_chat" is undefined.
2026-02-23 02:13:52,475 [INFO] [MainThread] [root/watcher.py:65]: Watching directory: c:\users\kuuro\.config\yasb
2026-02-23 02:13:52,475 [INFO] [MainThread] [root/watcher.py:104]: Created file watcher
2026-02-23 02:13:52,532 [INFO] [MainThread] [root/update_service.py:429]: Background update checker started
2026-02-23 02:13:57,803 [DEBUG] [Thread-8] [root/watcher.py:90]: Config file modified: c:\users\kuuro\.config\yasb\config.yaml
2026-02-23 02:13:57,847 [INFO] [MainThread] [root/controller.py:15]: Reloading Application because of config change.
2026-02-23 02:13:57,959 [INFO] [MainThread] [cli_server/cli_server.py:114]: Log pipe server stopped
2026-02-23 02:13:57,960 [DEBUG] [MainThread] [cli_server/cli_server.py:209]: CLI server stopped
2026-02-23 02:13:57,965 [INFO] [MainThread] [root/bar_manager.py:79]: Successfully loaded updated config and re-initialised all bars.
2026-02-23 02:13:58,568 [INFO] [MainThread] [root/log.py:95]: YASB v1.8.9
2026-02-23 02:13:58,569 [INFO] [CLIPipeServer] [cli_server/cli_server.py:215]: CLI server started v1.1.5
2026-02-23 02:13:58,569 [INFO] [MainThread] [cli_server/cli_server.py:106]: Log pipe server started
2026-02-23 02:13:58,604 [DEBUG] [MainThread] [qasync._windows._EventPoller/_windows.py:215]: Starting (proactor: <_IocpProactor overlapped#=0 result#=0>)...
2026-02-23 02:13:58,605 [DEBUG] [Dummy-3] [qasync._windows._EventWorker/_windows.py:195]: Thread started
2026-02-23 02:13:58,682 [DEBUG] [MainThread] [pyvda.build/build.py:53]: Starting feature detection...
2026-02-23 02:13:58,682 [DEBUG] [MainThread] [pyvda.build/build.py:57]: Feature detection complete. Windows version is over 26100
2026-02-23 02:13:59,911 [INFO] [MainThread] [root/watcher.py:65]: Watching directory: c:\users\kuuro\.config\yasb
2026-02-23 02:13:59,911 [INFO] [MainThread] [root/watcher.py:104]: Created file watcher
2026-02-23 02:13:59,963 [INFO] [MainThread] [root/update_service.py:429]: Background update checker started
2026-02-23 02:14:17,445 [ERROR] [Dummy-26] [root/openai_client.py:101]: Error code: 404 - [{'error': {'code': 404, 'message': 'models/gemini-2.5-flash-preview-04-17 is not found for API version v1main, or is not supported for generateContent. Call ListModels to see the list of available models and their supported methods.', 'status': 'NOT_FOUND'}}]
2026-02-23 02:15:29,945 [DEBUG] [Thread-8] [root/watcher.py:90]: Config file modified: c:\users\kuuro\.config\yasb\config.yaml
2026-02-23 02:15:30,022 [INFO] [MainThread] [root/controller.py:15]: Reloading Application because of config change.
2026-02-23 02:15:30,126 [INFO] [MainThread] [cli_server/cli_server.py:114]: Log pipe server stopped
2026-02-23 02:15:30,126 [DEBUG] [MainThread] [cli_server/cli_server.py:209]: CLI server stopped
2026-02-23 02:15:30,132 [INFO] [MainThread] [root/bar_manager.py:79]: Successfully loaded updated config and re-initialised all bars.
2026-02-23 02:15:30,727 [INFO] [MainThread] [root/log.py:95]: YASB v1.8.9
2026-02-23 02:15:30,727 [INFO] [CLIPipeServer] [cli_server/cli_server.py:215]: CLI server started v1.1.5
2026-02-23 02:15:30,728 [INFO] [MainThread] [cli_server/cli_server.py:106]: Log pipe server started
2026-02-23 02:15:30,728 [INFO] [MainThread] [root/main.py:46]: Waiting for previous YASB instance to exit...
2026-02-23 02:15:30,979 [INFO] [MainThread] [root/main.py:72]: Previous instance exited, continuing startup.
2026-02-23 02:15:31,009 [DEBUG] [MainThread] [qasync._windows._EventPoller/_windows.py:215]: Starting (proactor: <_IocpProactor overlapped#=0 result#=0>)...
2026-02-23 02:15:31,010 [DEBUG] [Dummy-3] [qasync._windows._EventWorker/_windows.py:195]: Thread started
2026-02-23 02:15:31,171 [DEBUG] [MainThread] [pyvda.build/build.py:53]: Starting feature detection...
2026-02-23 02:15:31,172 [DEBUG] [MainThread] [pyvda.build/build.py:57]: Feature detection complete. Windows version is over 26100
2026-02-23 02:15:32,611 [INFO] [MainThread] [root/watcher.py:65]: Watching directory: c:\users\kuuro\.config\yasb
2026-02-23 02:15:32,611 [INFO] [MainThread] [root/watcher.py:104]: Created file watcher
2026-02-23 02:15:32,661 [INFO] [MainThread] [root/update_service.py:429]: Background update checker started
2026-02-23 02:15:54,271 [DEBUG] [Thread-8] [root/watcher.py:90]: Config file modified: c:\users\kuuro\.config\yasb\config.yaml
2026-02-23 02:15:54,306 [INFO] [MainThread] [root/controller.py:15]: Reloading Application because of config change.
2026-02-23 02:15:54,414 [INFO] [MainThread] [cli_server/cli_server.py:114]: Log pipe server stopped
2026-02-23 02:15:54,414 [DEBUG] [MainThread] [cli_server/cli_server.py:209]: CLI server stopped
2026-02-23 02:15:54,420 [INFO] [MainThread] [root/bar_manager.py:79]: Successfully loaded updated config and re-initialised all bars.
2026-02-23 02:15:55,030 [INFO] [MainThread] [root/log.py:95]: YASB v1.8.9
2026-02-23 02:15:55,031 [INFO] [CLIPipeServer] [cli_server/cli_server.py:215]: CLI server started v1.1.5
2026-02-23 02:15:55,031 [INFO] [MainThread] [cli_server/cli_server.py:106]: Log pipe server started
2026-02-23 02:15:55,068 [DEBUG] [MainThread] [qasync._windows._EventPoller/_windows.py:215]: Starting (proactor: <_IocpProactor overlapped#=0 result#=0>)...
2026-02-23 02:15:55,070 [DEBUG] [Dummy-3] [qasync._windows._EventWorker/_windows.py:195]: Thread started
2026-02-23 02:15:55,228 [DEBUG] [MainThread] [pyvda.build/build.py:53]: Starting feature detection...
2026-02-23 02:15:55,229 [DEBUG] [MainThread] [pyvda.build/build.py:57]: Feature detection complete. Windows version is over 26100
2026-02-23 02:15:56,796 [INFO] [MainThread] [root/watcher.py:65]: Watching directory: c:\users\kuuro\.config\yasb
2026-02-23 02:15:56,796 [INFO] [MainThread] [root/watcher.py:104]: Created file watcher
2026-02-23 02:15:56,849 [INFO] [MainThread] [root/update_service.py:429]: Background update checker started
2026-02-23 02:16:27,728 [DEBUG] [Thread-8] [root/watcher.py:84]: Stylesheet modified: c:\users\kuuro\.config\yasb\styles.css
2026-02-23 02:20:18,962 [DEBUG] [Thread-8] [root/watcher.py:90]: Config file modified: c:\users\kuuro\.config\yasb\config.yaml
2026-02-23 02:20:18,997 [INFO] [MainThread] [root/controller.py:15]: Reloading Application because of config change.
2026-02-23 02:20:19,108 [INFO] [MainThread] [cli_server/cli_server.py:114]: Log pipe server stopped
2026-02-23 02:20:19,108 [DEBUG] [MainThread] [cli_server/cli_server.py:209]: CLI server stopped
2026-02-23 02:20:19,115 [INFO] [MainThread] [root/bar_manager.py:79]: Successfully loaded updated config and re-initialised all bars.
2026-02-23 02:20:19,749 [INFO] [MainThread] [root/log.py:95]: YASB v1.8.9
2026-02-23 02:20:19,750 [INFO] [CLIPipeServer] [cli_server/cli_server.py:215]: CLI server started v1.1.5
2026-02-23 02:20:19,750 [INFO] [MainThread] [cli_server/cli_server.py:106]: Log pipe server started
2026-02-23 02:20:19,750 [INFO] [MainThread] [root/main.py:46]: Waiting for previous YASB instance to exit...
2026-02-23 02:20:20,001 [INFO] [MainThread] [root/main.py:72]: Previous instance exited, continuing startup.
2026-02-23 02:20:20,038 [DEBUG] [MainThread] [qasync._windows._EventPoller/_windows.py:215]: Starting (proactor: <_IocpProactor overlapped#=0 result#=0>)...
2026-02-23 02:20:20,039 [DEBUG] [Dummy-3] [qasync._windows._EventWorker/_windows.py:195]: Thread started
2026-02-23 02:20:20,192 [DEBUG] [MainThread] [pyvda.build/build.py:53]: Starting feature detection...
2026-02-23 02:20:20,193 [DEBUG] [MainThread] [pyvda.build/build.py:57]: Feature detection complete. Windows version is over 26100
2026-02-23 02:20:21,358 [INFO] [MainThread] [root/watcher.py:65]: Watching directory: c:\users\kuuro\.config\yasb
2026-02-23 02:20:21,359 [INFO] [MainThread] [root/watcher.py:104]: Created file watcher
2026-02-23 02:20:21,416 [INFO] [MainThread] [root/update_service.py:429]: Background update checker started
2026-02-23 02:33:33,745 [INFO] [MainThread] [root/log.py:95]: YASB v1.8.9
2026-02-23 02:33:33,748 [INFO] [CLIPipeServer] [cli_server/cli_server.py:215]: CLI server started v1.1.5
2026-02-23 02:33:33,750 [INFO] [MainThread] [cli_server/cli_server.py:106]: Log pipe server started
2026-02-23 02:33:33,751 [ERROR] [MainThread] [root/main.py:75]: Another instance of the YASB is already running.
2026-02-23 02:33:55,514 [INFO] [MainThread] [root/log.py:95]: YASB v1.8.9
2026-02-23 02:33:55,514 [INFO] [CLIPipeServer] [cli_server/cli_server.py:215]: CLI server started v1.1.5
2026-02-23 02:33:55,514 [INFO] [MainThread] [cli_server/cli_server.py:106]: Log pipe server started
2026-02-23 02:33:55,515 [ERROR] [MainThread] [root/main.py:75]: Another instance of the YASB is already running.
2026-02-23 02:33:55,727 [INFO] [MainThread] [root/log.py:95]: YASB v1.8.9
2026-02-23 02:33:55,728 [INFO] [CLIPipeServer] [cli_server/cli_server.py:215]: CLI server started v1.1.5
2026-02-23 02:33:55,728 [INFO] [MainThread] [cli_server/cli_server.py:106]: Log pipe server started
2026-02-23 02:33:55,729 [ERROR] [MainThread] [root/main.py:75]: Another instance of the YASB is already running.
2026-02-23 02:40:20,655 [DEBUG] [Thread-8] [root/watcher.py:90]: Config file modified: c:\users\kuuro\.config\yasb\config.yaml
2026-02-23 02:40:20,693 [INFO] [MainThread] [root/controller.py:15]: Reloading Application because of config change.
2026-02-23 02:40:20,796 [INFO] [MainThread] [cli_server/cli_server.py:114]: Log pipe server stopped
2026-02-23 02:40:20,796 [DEBUG] [MainThread] [cli_server/cli_server.py:209]: CLI server stopped
2026-02-23 02:40:20,802 [INFO] [MainThread] [root/bar_manager.py:79]: Successfully loaded updated config and re-initialised all bars.
2026-02-23 02:40:21,401 [INFO] [MainThread] [root/log.py:95]: YASB v1.8.9
2026-02-23 02:40:21,402 [INFO] [CLIPipeServer] [cli_server/cli_server.py:215]: CLI server started v1.1.5
2026-02-23 02:40:21,402 [INFO] [MainThread] [cli_server/cli_server.py:106]: Log pipe server started
2026-02-23 02:40:21,436 [DEBUG] [MainThread] [qasync._windows._EventPoller/_windows.py:215]: Starting (proactor: <_IocpProactor overlapped#=0 result#=0>)...
2026-02-23 02:40:21,437 [DEBUG] [Dummy-3] [qasync._windows._EventWorker/_windows.py:195]: Thread started
2026-02-23 02:40:21,594 [DEBUG] [MainThread] [pyvda.build/build.py:53]: Starting feature detection...
2026-02-23 02:40:21,594 [DEBUG] [MainThread] [pyvda.build/build.py:57]: Feature detection complete. Windows version is over 26100
2026-02-23 02:40:22,755 [INFO] [MainThread] [root/bar_manager.py:210]: Starting HotkeyListener...
2026-02-23 02:40:22,757 [INFO] [MainThread] [root/watcher.py:65]: Watching directory: c:\users\kuuro\.config\yasb
2026-02-23 02:40:22,757 [INFO] [MainThread] [root/watcher.py:104]: Created file watcher
2026-02-23 02:40:22,808 [INFO] [MainThread] [root/update_service.py:429]: Background update checker started
2026-02-23 02:41:19,791 [DEBUG] [Thread-8] [root/watcher.py:84]: Stylesheet modified: c:\users\kuuro\.config\yasb\styles.css
2026-02-23 02:45:43,647 [DEBUG] [Thread-8] [root/watcher.py:90]: Config file modified: c:\users\kuuro\.config\yasb\config.yaml
2026-02-23 02:45:43,683 [INFO] [MainThread] [root/controller.py:15]: Reloading Application because of config change.
2026-02-23 02:45:43,795 [INFO] [MainThread] [cli_server/cli_server.py:114]: Log pipe server stopped
2026-02-23 02:45:43,796 [DEBUG] [MainThread] [cli_server/cli_server.py:209]: CLI server stopped
2026-02-23 02:45:43,817 [INFO] [MainThread] [root/bar_manager.py:79]: Successfully loaded updated config and re-initialised all bars.
2026-02-23 02:45:43,944 [INFO] [MainThread] [root/bar_manager.py:96]: Stopping HotkeyListener...
2026-02-23 02:45:44,422 [INFO] [MainThread] [root/log.py:95]: YASB v1.8.9
2026-02-23 02:45:44,422 [INFO] [CLIPipeServer] [cli_server/cli_server.py:215]: CLI server started v1.1.5
2026-02-23 02:45:44,423 [INFO] [MainThread] [cli_server/cli_server.py:106]: Log pipe server started
2026-02-23 02:45:44,423 [INFO] [MainThread] [root/main.py:46]: Waiting for previous YASB instance to exit...
2026-02-23 02:45:44,673 [INFO] [MainThread] [root/main.py:72]: Previous instance exited, continuing startup.
2026-02-23 02:45:44,709 [DEBUG] [MainThread] [qasync._windows._EventPoller/_windows.py:215]: Starting (proactor: <_IocpProactor overlapped#=0 result#=0>)...
2026-02-23 02:45:44,710 [DEBUG] [Dummy-3] [qasync._windows._EventWorker/_windows.py:195]: Thread started
2026-02-23 02:45:44,865 [DEBUG] [MainThread] [pyvda.build/build.py:53]: Starting feature detection...
2026-02-23 02:45:44,866 [DEBUG] [MainThread] [pyvda.build/build.py:57]: Feature detection complete. Windows version is over 26100
2026-02-23 02:45:46,083 [INFO] [MainThread] [root/bar_manager.py:210]: Starting HotkeyListener...
2026-02-23 02:45:46,084 [INFO] [MainThread] [root/watcher.py:65]: Watching directory: c:\users\kuuro\.config\yasb
2026-02-23 02:45:46,085 [INFO] [MainThread] [root/watcher.py:104]: Created file watcher
2026-02-23 02:45:46,138 [INFO] [MainThread] [root/update_service.py:429]: Background update checker started
2026-02-23 02:46:32,189 [DEBUG] [Thread-8] [root/watcher.py:84]: Stylesheet modified: c:\users\kuuro\.config\yasb\styles.css
2026-02-23 02:51:48,763 [DEBUG] [Thread-8] [root/watcher.py:84]: Stylesheet modified: c:\users\kuuro\.config\yasb\styles.css
2026-02-23 02:56:27,331 [DEBUG] [Thread-8] [root/watcher.py:90]: Config file modified: c:\users\kuuro\.config\yasb\config.yaml
2026-02-23 02:56:27,386 [INFO] [MainThread] [root/controller.py:15]: Reloading Application because of config change.
2026-02-23 02:56:27,496 [INFO] [MainThread] [cli_server/cli_server.py:114]: Log pipe server stopped
2026-02-23 02:56:27,496 [DEBUG] [MainThread] [cli_server/cli_server.py:209]: CLI server stopped
2026-02-23 02:56:27,503 [INFO] [MainThread] [root/bar_manager.py:79]: Successfully loaded updated config and re-initialised all bars.
2026-02-23 02:56:27,649 [INFO] [MainThread] [root/bar_manager.py:96]: Stopping HotkeyListener...
2026-02-23 02:56:28,373 [INFO] [MainThread] [root/log.py:95]: YASB v1.8.9
2026-02-23 02:56:28,374 [INFO] [CLIPipeServer] [cli_server/cli_server.py:215]: CLI server started v1.1.5
2026-02-23 02:56:28,374 [INFO] [MainThread] [cli_server/cli_server.py:106]: Log pipe server started
2026-02-23 02:56:28,374 [INFO] [MainThread] [root/main.py:46]: Waiting for previous YASB instance to exit...
2026-02-23 02:56:28,625 [INFO] [MainThread] [root/main.py:72]: Previous instance exited, continuing startup.
2026-02-23 02:56:28,725 [DEBUG] [MainThread] [qasync._windows._EventPoller/_windows.py:215]: Starting (proactor: <_IocpProactor overlapped#=0 result#=0>)...
2026-02-23 02:56:28,728 [DEBUG] [Dummy-3] [qasync._windows._EventWorker/_windows.py:195]: Thread started
2026-02-23 02:56:28,893 [DEBUG] [MainThread] [pyvda.build/build.py:53]: Starting feature detection...
2026-02-23 02:56:28,893 [DEBUG] [MainThread] [pyvda.build/build.py:57]: Feature detection complete. Windows version is over 26100
2026-02-23 02:56:30,468 [INFO] [MainThread] [root/bar_manager.py:210]: Starting HotkeyListener...
2026-02-23 02:56:30,470 [INFO] [MainThread] [root/watcher.py:65]: Watching directory: c:\users\kuuro\.config\yasb
2026-02-23 02:56:30,470 [INFO] [MainThread] [root/watcher.py:104]: Created file watcher
2026-02-23 02:56:30,881 [INFO] [MainThread] [root/update_service.py:429]: Background update checker started
2026-02-23 02:57:27,366 [DEBUG] [Thread-8] [root/watcher.py:84]: Stylesheet modified: c:\users\kuuro\.config\yasb\styles.css
2026-02-23 02:57:40,317 [DEBUG] [Thread-8] [root/watcher.py:84]: Stylesheet modified: c:\users\kuuro\.config\yasb\styles.css
2026-02-23 02:57:47,067 [DEBUG] [Thread-8] [root/watcher.py:84]: Stylesheet modified: c:\users\kuuro\.config\yasb\styles.css
2026-02-23 02:59:15,821 [DEBUG] [Thread-8] [root/watcher.py:84]: Stylesheet modified: c:\users\kuuro\.config\yasb\styles.css
2026-02-23 03:19:45,302 [INFO] [MainThread] [root/bar_manager.py:96]: Stopping HotkeyListener...
2026-02-23 13:08:38,550 [INFO] [MainThread] [root/log.py:95]: YASB v1.8.9
2026-02-23 13:08:38,550 [INFO] [CLIPipeServer] [cli_server/cli_server.py:215]: CLI server started v1.1.5
2026-02-23 13:08:38,551 [INFO] [MainThread] [cli_server/cli_server.py:106]: Log pipe server started
2026-02-23 13:08:38,658 [DEBUG] [MainThread] [qasync._windows._EventPoller/_windows.py:215]: Starting (proactor: <_IocpProactor overlapped#=0 result#=0>)...
2026-02-23 13:08:38,660 [DEBUG] [Dummy-3] [qasync._windows._EventWorker/_windows.py:195]: Thread started
2026-02-23 13:08:38,858 [DEBUG] [MainThread] [pyvda.build/build.py:53]: Starting feature detection...
2026-02-23 13:08:38,859 [DEBUG] [MainThread] [pyvda.build/build.py:57]: Feature detection complete. Windows version is over 26100
2026-02-23 13:08:41,145 [INFO] [MainThread] [root/bar_manager.py:210]: Starting HotkeyListener...
2026-02-23 13:08:41,147 [INFO] [MainThread] [root/watcher.py:65]: Watching directory: c:\users\kuuro\.config\yasb
2026-02-23 13:08:41,147 [INFO] [MainThread] [root/watcher.py:104]: Created file watcher
2026-02-23 13:08:41,529 [INFO] [MainThread] [root/update_service.py:429]: Background update checker started
2026-02-23 15:58:50,699 [INFO] [MainThread] [root/log.py:95]: YASB v1.8.9
2026-02-23 15:58:50,700 [INFO] [CLIPipeServer] [cli_server/cli_server.py:215]: CLI server started v1.1.5
2026-02-23 15:58:50,700 [INFO] [MainThread] [cli_server/cli_server.py:106]: Log pipe server started
2026-02-23 15:58:50,821 [DEBUG] [MainThread] [qasync._windows._EventPoller/_windows.py:215]: Starting (proactor: <_IocpProactor overlapped#=0 result#=0>)...
2026-02-23 15:58:50,822 [DEBUG] [Dummy-3] [qasync._windows._EventWorker/_windows.py:195]: Thread started
2026-02-23 15:58:51,013 [DEBUG] [MainThread] [pyvda.build/build.py:53]: Starting feature detection...
2026-02-23 15:58:51,014 [DEBUG] [MainThread] [pyvda.build/build.py:57]: Feature detection complete. Windows version is over 26100
2026-02-23 15:58:52,406 [INFO] [MainThread] [root/bar_manager.py:210]: Starting HotkeyListener...
2026-02-23 15:58:52,408 [INFO] [MainThread] [root/watcher.py:65]: Watching directory: c:\users\kuuro\.config\yasb
2026-02-23 15:58:52,408 [INFO] [MainThread] [root/watcher.py:104]: Created file watcher
2026-02-23 15:58:52,820 [INFO] [MainThread] [root/update_service.py:429]: Background update checker started
2026-02-23 16:03:12,514 [INFO] [MainThread] [root/controller.py:37]: Exiting Application from tray...
2026-02-23 16:03:12,628 [INFO] [MainThread] [cli_server/cli_server.py:114]: Log pipe server stopped
2026-02-23 16:03:12,628 [DEBUG] [MainThread] [cli_server/cli_server.py:209]: CLI server stopped
2026-02-23 16:03:12,766 [INFO] [MainThread] [root/bar_manager.py:96]: Stopping HotkeyListener...
2026-02-23 16:07:17,277 [INFO] [MainThread] [root/log.py:95]: YASB v1.9.0
2026-02-23 16:07:17,278 [INFO] [CLIPipeServer] [cli_server/cli_server.py:215]: CLI server started v1.1.6
2026-02-23 16:07:17,278 [INFO] [MainThread] [cli_server/cli_server.py:106]: Log pipe server started
2026-02-23 16:07:17,380 [DEBUG] [MainThread] [qasync._windows._EventPoller/_windows.py:215]: Starting (proactor: <_IocpProactor overlapped#=0 result#=0>)...
2026-02-23 16:07:17,381 [DEBUG] [Dummy-3] [qasync._windows._EventWorker/_windows.py:195]: Thread started
2026-02-23 16:07:17,564 [DEBUG] [MainThread] [pyvda.build/build.py:53]: Starting feature detection...
2026-02-23 16:07:17,565 [DEBUG] [MainThread] [pyvda.build/build.py:57]: Feature detection complete. Windows version is over 26100
2026-02-23 16:07:19,081 [INFO] [MainThread] [root/bar_manager.py:210]: Starting HotkeyListener...
2026-02-23 16:07:19,082 [DEBUG] [Dummy-9] [root/hotkeys.py:199]: Registered hotkey alt+a
2026-02-23 16:07:19,083 [INFO] [MainThread] [root/watcher.py:65]: Watching directory: c:\users\kuuro\.config\yasb
2026-02-23 16:07:19,083 [INFO] [MainThread] [root/watcher.py:104]: Created file watcher
2026-02-23 16:07:19,517 [INFO] [MainThread] [root/update_service.py:429]: Background update checker started
2026-02-23 17:56:48,654 [DEBUG] [Thread-8] [root/watcher.py:90]: Config file modified: c:\users\kuuro\.config\yasb\config.yaml
2026-02-24 00:07:26,389 [INFO] [MainThread] [root/bar_manager.py:96]: Stopping HotkeyListener...
2026-02-24 00:16:02,254 [INFO] [MainThread] [root/log.py:95]: YASB v1.9.0
2026-02-24 00:16:02,255 [INFO] [CLIPipeServer] [cli_server/cli_server.py:215]: CLI server started v1.1.6
2026-02-24 00:16:02,256 [INFO] [MainThread] [cli_server/cli_server.py:106]: Log pipe server started
2026-02-24 00:16:02,368 [DEBUG] [MainThread] [qasync._windows._EventPoller/_windows.py:215]: Starting (proactor: <_IocpProactor overlapped#=0 result#=0>)...
2026-02-24 00:16:02,370 [DEBUG] [Dummy-3] [qasync._windows._EventWorker/_windows.py:195]: Thread started
2026-02-24 00:16:02,606 [DEBUG] [MainThread] [pyvda.build/build.py:53]: Starting feature detection...
2026-02-24 00:16:02,606 [DEBUG] [MainThread] [pyvda.build/build.py:57]: Feature detection complete. Windows version is over 26100
2026-02-24 00:16:04,246 [INFO] [MainThread] [root/bar_manager.py:210]: Starting HotkeyListener...
2026-02-24 00:16:04,247 [DEBUG] [Dummy-8] [root/hotkeys.py:199]: Registered hotkey alt+a
2026-02-24 00:16:04,249 [INFO] [MainThread] [root/watcher.py:65]: Watching directory: c:\users\kuuro\.config\yasb
2026-02-24 00:16:04,250 [INFO] [MainThread] [root/watcher.py:104]: Created file watcher
2026-02-24 00:16:04,650 [INFO] [MainThread] [root/update_service.py:429]: Background update checker started
2026-02-24 01:20:54,509 [INFO] [MainThread] [root/bar_manager.py:96]: Stopping HotkeyListener...
2026-02-24 12:57:25,570 [INFO] [MainThread] [root/log.py:95]: YASB v1.9.0
2026-02-24 12:57:25,570 [INFO] [CLIPipeServer] [cli_server/cli_server.py:215]: CLI server started v1.1.6
2026-02-24 12:57:25,571 [INFO] [MainThread] [cli_server/cli_server.py:106]: Log pipe server started
2026-02-24 12:57:25,680 [DEBUG] [MainThread] [qasync._windows._EventPoller/_windows.py:215]: Starting (proactor: <_IocpProactor overlapped#=0 result#=0>)...
2026-02-24 12:57:25,681 [DEBUG] [Dummy-3] [qasync._windows._EventWorker/_windows.py:195]: Thread started
2026-02-24 12:57:25,899 [DEBUG] [MainThread] [pyvda.build/build.py:53]: Starting feature detection...
2026-02-24 12:57:25,899 [DEBUG] [MainThread] [pyvda.build/build.py:57]: Feature detection complete. Windows version is over 26100
2026-02-24 12:57:29,363 [INFO] [MainThread] [root/bar_manager.py:210]: Starting HotkeyListener...
2026-02-24 12:57:29,364 [DEBUG] [Dummy-8] [root/hotkeys.py:199]: Registered hotkey alt+a
2026-02-24 12:57:29,368 [INFO] [MainThread] [root/watcher.py:65]: Watching directory: c:\users\kuuro\.config\yasb
2026-02-24 12:57:29,369 [INFO] [MainThread] [root/watcher.py:104]: Created file watcher
2026-02-24 12:57:29,783 [INFO] [MainThread] [root/update_service.py:429]: Background update checker started
2026-02-24 14:10:17,451 [INFO] [MainThread] [root/log.py:95]: YASB v1.9.0
2026-02-24 14:10:17,452 [INFO] [CLIPipeServer] [cli_server/cli_server.py:215]: CLI server started v1.1.6
2026-02-24 14:10:17,453 [INFO] [MainThread] [cli_server/cli_server.py:106]: Log pipe server started
2026-02-24 14:10:17,558 [DEBUG] [MainThread] [qasync._windows._EventPoller/_windows.py:215]: Starting (proactor: <_IocpProactor overlapped#=0 result#=0>)...
2026-02-24 14:10:17,559 [DEBUG] [Dummy-3] [qasync._windows._EventWorker/_windows.py:195]: Thread started
2026-02-24 14:10:17,781 [DEBUG] [MainThread] [pyvda.build/build.py:53]: Starting feature detection...
2026-02-24 14:10:17,781 [DEBUG] [MainThread] [pyvda.build/build.py:57]: Feature detection complete. Windows version is over 26100
2026-02-24 14:10:19,635 [INFO] [MainThread] [root/bar_manager.py:210]: Starting HotkeyListener...
2026-02-24 14:10:19,636 [DEBUG] [Dummy-8] [root/hotkeys.py:199]: Registered hotkey alt+a
2026-02-24 14:10:19,638 [INFO] [MainThread] [root/watcher.py:65]: Watching directory: c:\users\kuuro\.config\yasb
2026-02-24 14:10:19,638 [INFO] [MainThread] [root/watcher.py:104]: Created file watcher
2026-02-24 14:10:20,111 [INFO] [MainThread] [root/update_service.py:429]: Background update checker started
2026-02-24 22:16:04,031 [INFO] [MainThread] [root/bar_manager.py:96]: Stopping HotkeyListener...
2026-02-24 22:16:04,061 [DEBUG] [MainThread] [qasync._windows._EventPoller/_windows.py:220]: Stopping worker thread...
2026-02-24 22:53:24,854 [INFO] [MainThread] [root/log.py:95]: YASB v1.9.0
2026-02-24 22:53:24,855 [INFO] [CLIPipeServer] [cli_server/cli_server.py:215]: CLI server started v1.1.6
2026-02-24 22:53:24,855 [INFO] [MainThread] [cli_server/cli_server.py:106]: Log pipe server started
2026-02-24 22:53:24,980 [DEBUG] [MainThread] [qasync._windows._EventPoller/_windows.py:215]: Starting (proactor: <_IocpProactor overlapped#=0 result#=0>)...
2026-02-24 22:53:24,982 [DEBUG] [Dummy-3] [qasync._windows._EventWorker/_windows.py:195]: Thread started
2026-02-24 22:53:25,209 [DEBUG] [MainThread] [pyvda.build/build.py:53]: Starting feature detection...
2026-02-24 22:53:25,210 [DEBUG] [MainThread] [pyvda.build/build.py:57]: Feature detection complete. Windows version is over 26100
2026-02-24 22:53:26,783 [INFO] [MainThread] [root/bar_manager.py:210]: Starting HotkeyListener...
2026-02-24 22:53:26,783 [DEBUG] [Dummy-8] [root/hotkeys.py:199]: Registered hotkey alt+a
2026-02-24 22:53:26,785 [INFO] [MainThread] [root/watcher.py:65]: Watching directory: c:\users\kuuro\.config\yasb
2026-02-24 22:53:26,785 [INFO] [MainThread] [root/watcher.py:104]: Created file watcher
2026-02-24 22:53:27,170 [INFO] [MainThread] [root/update_service.py:429]: Background update checker started
2026-02-24 23:47:02,954 [DEBUG] [Thread-9] [root/watcher.py:90]: Config file modified: c:\users\kuuro\.config\yasb\config.yaml
2026-02-24 23:47:02,994 [INFO] [MainThread] [root/controller.py:15]: Reloading Application because of config change.
2026-02-24 23:47:03,102 [INFO] [MainThread] [cli_server/cli_server.py:114]: Log pipe server stopped
2026-02-24 23:47:03,102 [DEBUG] [MainThread] [cli_server/cli_server.py:209]: CLI server stopped
2026-02-24 23:47:03,110 [INFO] [MainThread] [root/bar_manager.py:79]: Successfully loaded updated config and re-initialised all bars.
2026-02-24 23:47:03,240 [INFO] [MainThread] [root/bar_manager.py:96]: Stopping HotkeyListener...
2026-02-24 23:47:03,797 [INFO] [MainThread] [root/log.py:95]: YASB v1.9.0
2026-02-24 23:47:03,798 [INFO] [CLIPipeServer] [cli_server/cli_server.py:215]: CLI server started v1.1.6
2026-02-24 23:47:03,798 [INFO] [MainThread] [cli_server/cli_server.py:106]: Log pipe server started
2026-02-24 23:47:03,798 [INFO] [MainThread] [root/main.py:46]: Waiting for previous YASB instance to exit...
2026-02-24 23:47:06,302 [INFO] [MainThread] [root/main.py:72]: Previous instance exited, continuing startup.
2026-02-24 23:47:06,347 [DEBUG] [MainThread] [qasync._windows._EventPoller/_windows.py:215]: Starting (proactor: <_IocpProactor overlapped#=0 result#=0>)...
2026-02-24 23:47:06,349 [DEBUG] [Dummy-3] [qasync._windows._EventWorker/_windows.py:195]: Thread started
2026-02-24 23:47:06,664 [DEBUG] [MainThread] [pyvda.build/build.py:53]: Starting feature detection...
2026-02-24 23:47:06,665 [DEBUG] [MainThread] [pyvda.build/build.py:57]: Feature detection complete. Windows version is over 26100
2026-02-24 23:47:06,717 [WARNING] [MainThread] [root/widget_builder.py:40]: No widget config could be found for widget 'matrix
2026-02-24 23:47:06,717 [WARNING] [MainThread] [root/widget_builder.py:40]: No widget config could be found for widget 'copilot
2026-02-24 23:47:06,717 [WARNING] [MainThread] [root/widget_builder.py:40]: No widget config could be found for widget 'heart
2026-02-24 23:47:07,741 [INFO] [MainThread] [root/bar_manager.py:210]: Starting HotkeyListener...
2026-02-24 23:47:07,741 [ERROR] [MainThread] [root/widget_builder.py:97]: Failed to add undefined widget(s)  - The widget "copilot" is undefined.
 - The widget "matrix" is undefined.
 - The widget "heart" is undefined.
2026-02-24 23:47:07,761 [DEBUG] [Dummy-5] [root/hotkeys.py:199]: Registered hotkey alt+a
2026-02-24 23:47:07,800 [INFO] [MainThread] [root/watcher.py:65]: Watching directory: c:\users\kuuro\.config\yasb
2026-02-24 23:47:07,800 [INFO] [MainThread] [root/watcher.py:104]: Created file watcher
2026-02-24 23:47:07,846 [INFO] [MainThread] [root/update_service.py:429]: Background update checker started
2026-02-24 23:47:20,327 [DEBUG] [Thread-6] [root/watcher.py:90]: Config file modified: c:\users\kuuro\.config\yasb\config.yaml
2026-02-24 23:47:20,364 [INFO] [MainThread] [root/controller.py:15]: Reloading Application because of config change.
2026-02-24 23:47:20,475 [INFO] [MainThread] [cli_server/cli_server.py:114]: Log pipe server stopped
2026-02-24 23:47:20,475 [DEBUG] [MainThread] [cli_server/cli_server.py:209]: CLI server stopped
2026-02-24 23:47:20,482 [INFO] [MainThread] [root/bar_manager.py:79]: Successfully loaded updated config and re-initialised all bars.
2026-02-24 23:47:20,599 [INFO] [MainThread] [root/bar_manager.py:96]: Stopping HotkeyListener...
2026-02-24 23:47:21,215 [INFO] [MainThread] [root/log.py:95]: YASB v1.9.0
2026-02-24 23:47:21,216 [INFO] [CLIPipeServer] [cli_server/cli_server.py:215]: CLI server started v1.1.6
2026-02-24 23:47:21,216 [INFO] [MainThread] [cli_server/cli_server.py:106]: Log pipe server started
2026-02-24 23:47:21,248 [DEBUG] [MainThread] [qasync._windows._EventPoller/_windows.py:215]: Starting (proactor: <_IocpProactor overlapped#=0 result#=0>)...
2026-02-24 23:47:21,249 [DEBUG] [Dummy-3] [qasync._windows._EventWorker/_windows.py:195]: Thread started
2026-02-24 23:47:21,542 [DEBUG] [MainThread] [pyvda.build/build.py:53]: Starting feature detection...
2026-02-24 23:47:21,542 [DEBUG] [MainThread] [pyvda.build/build.py:57]: Feature detection complete. Windows version is over 26100
2026-02-24 23:47:21,614 [INFO] [MainThread] [root/api.py:77]: CopilotDataManager started...
2026-02-24 23:47:22,630 [INFO] [MainThread] [root/bar_manager.py:210]: Starting HotkeyListener...
2026-02-24 23:47:22,631 [ERROR] [MainThread] [root/widget_builder.py:111]: Failed to validate widget(s) due to invalid options  - matrix
      hide_empty:
      - Extra inputs are not permitted
      
 - heart
      hide_empty:
      - Extra inputs are not permitted
      
2026-02-24 23:47:22,632 [DEBUG] [Dummy-6] [root/hotkeys.py:199]: Registered hotkey alt+a
2026-02-24 23:47:22,659 [INFO] [MainThread] [root/watcher.py:65]: Watching directory: c:\users\kuuro\.config\yasb
2026-02-24 23:47:22,659 [INFO] [MainThread] [root/watcher.py:104]: Created file watcher
2026-02-24 23:47:22,710 [INFO] [MainThread] [root/update_service.py:429]: Background update checker started
2026-02-24 23:47:47,956 [DEBUG] [Thread-7] [root/watcher.py:84]: Stylesheet modified: c:\users\kuuro\.config\yasb\styles.css
2026-02-24 23:47:59,653 [ERROR] [MainThread] [root/base.py:124]: Failed to execute callback of type 'toggle_copilot_menu' with args: []
Traceback (most recent call last):
  File "D:\a\yasb\yasb\src\core\widgets\base.py", line 122, in _run_callback
KeyError: 'toggle_copilot_menu'
2026-02-24 23:48:00,794 [DEBUG] [Thread-7] [root/watcher.py:84]: Stylesheet modified: c:\users\kuuro\.config\yasb\styles.css
2026-02-24 23:51:30,063 [DEBUG] [Thread-7] [root/watcher.py:90]: Config file modified: c:\users\kuuro\.config\yasb\config.yaml
2026-02-24 23:51:30,098 [INFO] [MainThread] [root/controller.py:15]: Reloading Application because of config change.
2026-02-24 23:51:30,204 [INFO] [MainThread] [cli_server/cli_server.py:114]: Log pipe server stopped
2026-02-24 23:51:30,204 [DEBUG] [MainThread] [cli_server/cli_server.py:209]: CLI server stopped
2026-02-24 23:51:30,211 [INFO] [MainThread] [root/bar_manager.py:79]: Successfully loaded updated config and re-initialised all bars.
2026-02-24 23:51:30,320 [INFO] [MainThread] [root/bar_manager.py:96]: Stopping HotkeyListener...
2026-02-24 23:51:30,772 [INFO] [MainThread] [root/log.py:95]: YASB v1.9.0
2026-02-24 23:51:30,773 [INFO] [CLIPipeServer] [cli_server/cli_server.py:215]: CLI server started v1.1.6
2026-02-24 23:51:30,773 [INFO] [MainThread] [cli_server/cli_server.py:106]: Log pipe server started
2026-02-24 23:51:30,800 [DEBUG] [MainThread] [qasync._windows._EventPoller/_windows.py:215]: Starting (proactor: <_IocpProactor overlapped#=0 result#=0>)...
2026-02-24 23:51:30,801 [DEBUG] [Dummy-3] [qasync._windows._EventWorker/_windows.py:195]: Thread started
2026-02-24 23:51:31,052 [DEBUG] [MainThread] [pyvda.build/build.py:53]: Starting feature detection...
2026-02-24 23:51:31,053 [DEBUG] [MainThread] [pyvda.build/build.py:57]: Feature detection complete. Windows version is over 26100
2026-02-24 23:51:31,110 [INFO] [MainThread] [root/api.py:77]: CopilotDataManager started...
2026-02-24 23:51:31,989 [INFO] [MainThread] [root/bar_manager.py:210]: Starting HotkeyListener...
2026-02-24 23:51:31,989 [ERROR] [MainThread] [root/widget_builder.py:111]: Failed to validate widget(s) due to invalid options  - matrix
      hide_empty:
      - Extra inputs are not permitted
      
 - heart
      hide_empty:
      - Extra inputs are not permitted
      
2026-02-24 23:51:31,991 [DEBUG] [Dummy-6] [root/hotkeys.py:199]: Registered hotkey alt+a
2026-02-24 23:51:32,015 [INFO] [MainThread] [root/watcher.py:65]: Watching directory: c:\users\kuuro\.config\yasb
2026-02-24 23:51:32,015 [INFO] [MainThread] [root/watcher.py:104]: Created file watcher
2026-02-24 23:51:32,059 [INFO] [MainThread] [root/update_service.py:429]: Background update checker started
2026-02-24 23:51:42,167 [DEBUG] [Thread-7] [root/watcher.py:84]: Stylesheet modified: c:\users\kuuro\.config\yasb\styles.css
2026-02-24 23:59:18,616 [DEBUG] [Thread-7] [root/watcher.py:90]: Config file modified: c:\users\kuuro\.config\yasb\config.yaml
2026-02-24 23:59:18,660 [INFO] [MainThread] [root/controller.py:15]: Reloading Application because of config change.
2026-02-24 23:59:18,764 [INFO] [MainThread] [cli_server/cli_server.py:114]: Log pipe server stopped
2026-02-24 23:59:18,765 [DEBUG] [MainThread] [cli_server/cli_server.py:209]: CLI server stopped
2026-02-24 23:59:18,771 [INFO] [MainThread] [root/bar_manager.py:79]: Successfully loaded updated config and re-initialised all bars.
2026-02-24 23:59:18,877 [INFO] [MainThread] [root/bar_manager.py:96]: Stopping HotkeyListener...
2026-02-24 23:59:19,417 [INFO] [MainThread] [root/log.py:95]: YASB v1.9.0
2026-02-24 23:59:19,418 [INFO] [CLIPipeServer] [cli_server/cli_server.py:215]: CLI server started v1.1.6
2026-02-24 23:59:19,418 [INFO] [MainThread] [cli_server/cli_server.py:106]: Log pipe server started
2026-02-24 23:59:19,456 [DEBUG] [MainThread] [qasync._windows._EventPoller/_windows.py:215]: Starting (proactor: <_IocpProactor overlapped#=0 result#=0>)...
2026-02-24 23:59:19,458 [DEBUG] [Dummy-3] [qasync._windows._EventWorker/_windows.py:195]: Thread started
2026-02-24 23:59:19,747 [DEBUG] [MainThread] [pyvda.build/build.py:53]: Starting feature detection...
2026-02-24 23:59:19,747 [DEBUG] [MainThread] [pyvda.build/build.py:57]: Feature detection complete. Windows version is over 26100
2026-02-24 23:59:19,831 [INFO] [MainThread] [root/api.py:77]: CopilotDataManager started...
2026-02-24 23:59:20,850 [INFO] [MainThread] [root/bar_manager.py:210]: Starting HotkeyListener...
2026-02-24 23:59:20,850 [ERROR] [MainThread] [root/widget_builder.py:111]: Failed to validate widget(s) due to invalid options  - heart
      hide_empty:
      - Extra inputs are not permitted
      
2026-02-24 23:59:20,851 [DEBUG] [Dummy-7] [root/hotkeys.py:199]: Registered hotkey alt+a
2026-02-24 23:59:20,876 [INFO] [MainThread] [root/watcher.py:65]: Watching directory: c:\users\kuuro\.config\yasb
2026-02-24 23:59:20,877 [INFO] [MainThread] [root/watcher.py:104]: Created file watcher
2026-02-24 23:59:20,927 [INFO] [MainThread] [root/update_service.py:429]: Background update checker started
2026-02-24 23:59:22,826 [DEBUG] [Thread-8] [root/watcher.py:90]: Config file modified: c:\users\kuuro\.config\yasb\config.yaml
2026-02-24 23:59:22,867 [INFO] [MainThread] [root/controller.py:15]: Reloading Application because of config change.
2026-02-24 23:59:22,981 [INFO] [MainThread] [cli_server/cli_server.py:114]: Log pipe server stopped
2026-02-24 23:59:22,981 [DEBUG] [MainThread] [cli_server/cli_server.py:209]: CLI server stopped
2026-02-24 23:59:22,986 [INFO] [MainThread] [root/bar_manager.py:79]: Successfully loaded updated config and re-initialised all bars.
2026-02-24 23:59:23,110 [INFO] [MainThread] [root/bar_manager.py:96]: Stopping HotkeyListener...
2026-02-24 23:59:23,558 [INFO] [MainThread] [root/log.py:95]: YASB v1.9.0
2026-02-24 23:59:23,558 [INFO] [CLIPipeServer] [cli_server/cli_server.py:215]: CLI server started v1.1.6
2026-02-24 23:59:23,558 [INFO] [MainThread] [cli_server/cli_server.py:106]: Log pipe server started
2026-02-24 23:59:23,590 [DEBUG] [MainThread] [qasync._windows._EventPoller/_windows.py:215]: Starting (proactor: <_IocpProactor overlapped#=0 result#=0>)...
2026-02-24 23:59:23,591 [DEBUG] [Dummy-3] [qasync._windows._EventWorker/_windows.py:195]: Thread started
2026-02-24 23:59:23,856 [DEBUG] [MainThread] [pyvda.build/build.py:53]: Starting feature detection...
2026-02-24 23:59:23,857 [DEBUG] [MainThread] [pyvda.build/build.py:57]: Feature detection complete. Windows version is over 26100
2026-02-24 23:59:23,919 [INFO] [MainThread] [root/api.py:77]: CopilotDataManager started...
2026-02-24 23:59:24,831 [INFO] [MainThread] [root/bar_manager.py:210]: Starting HotkeyListener...
2026-02-24 23:59:24,833 [DEBUG] [Dummy-9] [root/hotkeys.py:199]: Registered hotkey alt+a
2026-02-24 23:59:24,833 [INFO] [MainThread] [root/watcher.py:65]: Watching directory: c:\users\kuuro\.config\yasb
2026-02-24 23:59:24,833 [INFO] [MainThread] [root/watcher.py:104]: Created file watcher
2026-02-24 23:59:24,889 [INFO] [MainThread] [root/update_service.py:429]: Background update checker started
2026-02-25 00:00:47,699 [DEBUG] [Thread-8] [root/watcher.py:90]: Config file modified: c:\users\kuuro\.config\yasb\config.yaml
2026-02-25 00:00:47,730 [INFO] [MainThread] [root/controller.py:15]: Reloading Application because of config change.
2026-02-25 00:00:47,834 [INFO] [MainThread] [cli_server/cli_server.py:114]: Log pipe server stopped
2026-02-25 00:00:47,834 [DEBUG] [MainThread] [cli_server/cli_server.py:209]: CLI server stopped
2026-02-25 00:00:47,839 [INFO] [MainThread] [root/bar_manager.py:79]: Successfully loaded updated config and re-initialised all bars.
2026-02-25 00:00:47,964 [INFO] [MainThread] [root/bar_manager.py:96]: Stopping HotkeyListener...
2026-02-25 00:00:48,452 [INFO] [MainThread] [root/log.py:95]: YASB v1.9.0
2026-02-25 00:00:48,452 [INFO] [CLIPipeServer] [cli_server/cli_server.py:215]: CLI server started v1.1.6
2026-02-25 00:00:48,453 [INFO] [MainThread] [cli_server/cli_server.py:106]: Log pipe server started
2026-02-25 00:00:48,481 [DEBUG] [MainThread] [qasync._windows._EventPoller/_windows.py:215]: Starting (proactor: <_IocpProactor overlapped#=0 result#=0>)...
2026-02-25 00:00:48,482 [DEBUG] [Dummy-3] [qasync._windows._EventWorker/_windows.py:195]: Thread started
2026-02-25 00:00:48,730 [DEBUG] [MainThread] [pyvda.build/build.py:53]: Starting feature detection...
2026-02-25 00:00:48,730 [DEBUG] [MainThread] [pyvda.build/build.py:57]: Feature detection complete. Windows version is over 26100
2026-02-25 00:00:49,662 [INFO] [MainThread] [root/bar_manager.py:210]: Starting HotkeyListener...
2026-02-25 00:00:49,663 [DEBUG] [Dummy-7] [root/hotkeys.py:199]: Registered hotkey alt+a
2026-02-25 00:00:49,667 [INFO] [MainThread] [root/watcher.py:65]: Watching directory: c:\users\kuuro\.config\yasb
2026-02-25 00:00:49,667 [INFO] [MainThread] [root/watcher.py:104]: Created file watcher
2026-02-25 00:00:49,714 [INFO] [MainThread] [root/update_service.py:429]: Background update checker started
2026-02-25 00:00:51,656 [DEBUG] [Thread-8] [root/watcher.py:90]: Config file modified: c:\users\kuuro\.config\yasb\config.yaml
2026-02-25 00:00:51,687 [INFO] [MainThread] [root/controller.py:15]: Reloading Application because of config change.
2026-02-25 00:00:51,801 [INFO] [MainThread] [cli_server/cli_server.py:114]: Log pipe server stopped
2026-02-25 00:00:51,801 [DEBUG] [MainThread] [cli_server/cli_server.py:209]: CLI server stopped
2026-02-25 00:00:51,806 [INFO] [MainThread] [root/bar_manager.py:79]: Successfully loaded updated config and re-initialised all bars.
2026-02-25 00:00:51,909 [INFO] [MainThread] [root/bar_manager.py:96]: Stopping HotkeyListener...
2026-02-25 00:00:52,390 [INFO] [MainThread] [root/log.py:95]: YASB v1.9.0
2026-02-25 00:00:52,390 [INFO] [CLIPipeServer] [cli_server/cli_server.py:215]: CLI server started v1.1.6
2026-02-25 00:00:52,390 [INFO] [MainThread] [cli_server/cli_server.py:106]: Log pipe server started
2026-02-25 00:00:52,420 [DEBUG] [MainThread] [qasync._windows._EventPoller/_windows.py:215]: Starting (proactor: <_IocpProactor overlapped#=0 result#=0>)...
2026-02-25 00:00:52,421 [DEBUG] [Dummy-3] [qasync._windows._EventWorker/_windows.py:195]: Thread started
2026-02-25 00:00:52,672 [DEBUG] [MainThread] [pyvda.build/build.py:53]: Starting feature detection...
2026-02-25 00:00:52,673 [DEBUG] [MainThread] [pyvda.build/build.py:57]: Feature detection complete. Windows version is over 26100
2026-02-25 00:00:53,608 [INFO] [MainThread] [root/bar_manager.py:210]: Starting HotkeyListener...
2026-02-25 00:00:53,609 [DEBUG] [Dummy-8] [root/hotkeys.py:199]: Registered hotkey alt+a
2026-02-25 00:00:53,610 [INFO] [MainThread] [root/watcher.py:65]: Watching directory: c:\users\kuuro\.config\yasb
2026-02-25 00:00:53,610 [INFO] [MainThread] [root/watcher.py:104]: Created file watcher
2026-02-25 00:00:53,657 [INFO] [MainThread] [root/update_service.py:429]: Background update checker started
2026-02-25 00:00:57,945 [DEBUG] [Thread-7] [root/watcher.py:90]: Config file modified: c:\users\kuuro\.config\yasb\config.yaml
2026-02-25 00:00:57,976 [ERROR] [MainThread] [root/config.py:121]: The config file 'C:\Users\kuuro\.config\yasb\config.yaml' contains validation errors. Please fix:
widgets:
  copilot:
    str:
    - Input should be a valid string
    dict[str,any]:
    - Input should be a valid dictionary

2026-02-25 00:01:49,020 [DEBUG] [Thread-7] [root/watcher.py:90]: Config file modified: c:\users\kuuro\.config\yasb\config.yaml
2026-02-25 00:01:49,054 [ERROR] [MainThread] [root/config.py:121]: The config file 'C:\Users\kuuro\.config\yasb\config.yaml' contains validation errors. Please fix:
widgets:
  copilot:
    str:
    - Input should be a valid string
    dict[str,any]:
    - Input should be a valid dictionary

2026-02-25 00:02:04,045 [DEBUG] [Thread-7] [root/watcher.py:90]: Config file modified: c:\users\kuuro\.config\yasb\config.yaml
2026-02-25 00:02:04,076 [INFO] [MainThread] [root/controller.py:15]: Reloading Application because of config change.
2026-02-25 00:02:04,189 [INFO] [MainThread] [cli_server/cli_server.py:114]: Log pipe server stopped
2026-02-25 00:02:04,189 [DEBUG] [MainThread] [cli_server/cli_server.py:209]: CLI server stopped
2026-02-25 00:02:04,194 [INFO] [MainThread] [root/bar_manager.py:79]: Successfully loaded updated config and re-initialised all bars.
2026-02-25 00:02:04,301 [INFO] [MainThread] [root/bar_manager.py:96]: Stopping HotkeyListener...
2026-02-25 00:02:04,839 [INFO] [MainThread] [root/log.py:95]: YASB v1.9.0
2026-02-25 00:02:04,839 [INFO] [CLIPipeServer] [cli_server/cli_server.py:215]: CLI server started v1.1.6
2026-02-25 00:02:04,840 [INFO] [MainThread] [cli_server/cli_server.py:106]: Log pipe server started
2026-02-25 00:02:04,871 [DEBUG] [MainThread] [qasync._windows._EventPoller/_windows.py:215]: Starting (proactor: <_IocpProactor overlapped#=0 result#=0>)...
2026-02-25 00:02:04,872 [DEBUG] [Dummy-3] [qasync._windows._EventWorker/_windows.py:195]: Thread started
2026-02-25 00:02:05,134 [DEBUG] [MainThread] [pyvda.build/build.py:53]: Starting feature detection...
2026-02-25 00:02:05,134 [DEBUG] [MainThread] [pyvda.build/build.py:57]: Feature detection complete. Windows version is over 26100
2026-02-25 00:02:06,079 [INFO] [MainThread] [root/bar_manager.py:210]: Starting HotkeyListener...
2026-02-25 00:02:06,080 [DEBUG] [Dummy-8] [root/hotkeys.py:199]: Registered hotkey alt+a
2026-02-25 00:02:06,080 [INFO] [MainThread] [root/watcher.py:65]: Watching directory: c:\users\kuuro\.config\yasb
2026-02-25 00:02:06,080 [INFO] [MainThread] [root/watcher.py:104]: Created file watcher
2026-02-25 00:02:06,130 [INFO] [MainThread] [root/update_service.py:429]: Background update checker started
2026-02-25 00:08:30,318 [DEBUG] [Thread-7] [root/watcher.py:90]: Config file modified: c:\users\kuuro\.config\yasb\config.yaml
2026-02-25 00:08:30,352 [INFO] [MainThread] [root/controller.py:15]: Reloading Application because of config change.
2026-02-25 00:08:30,455 [INFO] [MainThread] [cli_server/cli_server.py:114]: Log pipe server stopped
2026-02-25 00:08:30,455 [DEBUG] [MainThread] [cli_server/cli_server.py:209]: CLI server stopped
2026-02-25 00:08:30,461 [INFO] [MainThread] [root/bar_manager.py:79]: Successfully loaded updated config and re-initialised all bars.
2026-02-25 00:08:30,575 [INFO] [MainThread] [root/bar_manager.py:96]: Stopping HotkeyListener...
2026-02-25 00:08:31,040 [INFO] [MainThread] [root/log.py:95]: YASB v1.9.0
2026-02-25 00:08:31,041 [INFO] [CLIPipeServer] [cli_server/cli_server.py:215]: CLI server started v1.1.6
2026-02-25 00:08:31,041 [INFO] [MainThread] [cli_server/cli_server.py:106]: Log pipe server started
2026-02-25 00:08:31,071 [DEBUG] [MainThread] [qasync._windows._EventPoller/_windows.py:215]: Starting (proactor: <_IocpProactor overlapped#=0 result#=0>)...
2026-02-25 00:08:31,072 [DEBUG] [Dummy-3] [qasync._windows._EventWorker/_windows.py:195]: Thread started
2026-02-25 00:08:31,344 [DEBUG] [MainThread] [pyvda.build/build.py:53]: Starting feature detection...
2026-02-25 00:08:31,344 [DEBUG] [MainThread] [pyvda.build/build.py:57]: Feature detection complete. Windows version is over 26100
2026-02-25 00:08:32,435 [INFO] [MainThread] [root/bar_manager.py:210]: Starting HotkeyListener...
2026-02-25 00:08:32,436 [DEBUG] [Dummy-7] [root/hotkeys.py:199]: Registered hotkey alt+a
2026-02-25 00:08:32,438 [INFO] [MainThread] [root/watcher.py:65]: Watching directory: c:\users\kuuro\.config\yasb
2026-02-25 00:08:32,438 [INFO] [MainThread] [root/watcher.py:104]: Created file watcher
2026-02-25 00:08:32,491 [INFO] [MainThread] [root/update_service.py:429]: Background update checker started
2026-02-25 00:08:37,653 [DEBUG] [Thread-8] [root/watcher.py:84]: Stylesheet modified: c:\users\kuuro\.config\yasb\styles.css
2026-02-25 00:08:44,108 [DEBUG] [Thread-8] [root/watcher.py:90]: Config file modified: c:\users\kuuro\.config\yasb\config.yaml
2026-02-25 00:08:44,152 [INFO] [MainThread] [root/controller.py:15]: Reloading Application because of config change.
2026-02-25 00:08:44,258 [INFO] [MainThread] [cli_server/cli_server.py:114]: Log pipe server stopped
2026-02-25 00:08:44,258 [DEBUG] [MainThread] [cli_server/cli_server.py:209]: CLI server stopped
2026-02-25 00:08:44,263 [INFO] [MainThread] [root/bar_manager.py:79]: Successfully loaded updated config and re-initialised all bars.
2026-02-25 00:08:44,375 [INFO] [MainThread] [root/bar_manager.py:96]: Stopping HotkeyListener...
2026-02-25 00:08:44,858 [INFO] [MainThread] [root/log.py:95]: YASB v1.9.0
2026-02-25 00:08:44,859 [INFO] [CLIPipeServer] [cli_server/cli_server.py:215]: CLI server started v1.1.6
2026-02-25 00:08:44,859 [INFO] [MainThread] [cli_server/cli_server.py:106]: Log pipe server started
2026-02-25 00:08:44,892 [DEBUG] [MainThread] [qasync._windows._EventPoller/_windows.py:215]: Starting (proactor: <_IocpProactor overlapped#=0 result#=0>)...
2026-02-25 00:08:44,893 [DEBUG] [Dummy-3] [qasync._windows._EventWorker/_windows.py:195]: Thread started
2026-02-25 00:08:45,149 [DEBUG] [MainThread] [pyvda.build/build.py:53]: Starting feature detection...
2026-02-25 00:08:45,150 [DEBUG] [MainThread] [pyvda.build/build.py:57]: Feature detection complete. Windows version is over 26100
2026-02-25 00:08:46,072 [INFO] [MainThread] [root/bar_manager.py:210]: Starting HotkeyListener...
2026-02-25 00:08:46,072 [DEBUG] [Dummy-7] [root/hotkeys.py:199]: Registered hotkey alt+a
2026-02-25 00:08:46,074 [INFO] [MainThread] [root/watcher.py:65]: Watching directory: c:\users\kuuro\.config\yasb
2026-02-25 00:08:46,074 [INFO] [MainThread] [root/watcher.py:104]: Created file watcher
2026-02-25 00:08:46,125 [INFO] [MainThread] [root/update_service.py:429]: Background update checker started
2026-02-25 00:09:57,380 [DEBUG] [Thread-8] [root/watcher.py:84]: Stylesheet modified: c:\users\kuuro\.config\yasb\styles.css
2026-02-25 00:10:01,586 [DEBUG] [Thread-8] [root/watcher.py:90]: Config file modified: c:\users\kuuro\.config\yasb\config.yaml
2026-02-25 00:10:01,615 [INFO] [MainThread] [root/controller.py:15]: Reloading Application because of config change.
2026-02-25 00:10:01,728 [INFO] [MainThread] [cli_server/cli_server.py:114]: Log pipe server stopped
2026-02-25 00:10:01,740 [DEBUG] [MainThread] [cli_server/cli_server.py:209]: CLI server stopped
2026-02-25 00:10:01,746 [INFO] [MainThread] [root/bar_manager.py:79]: Successfully loaded updated config and re-initialised all bars.
2026-02-25 00:10:01,857 [INFO] [MainThread] [root/bar_manager.py:96]: Stopping HotkeyListener...
2026-02-25 00:10:02,313 [INFO] [MainThread] [root/log.py:95]: YASB v1.9.0
2026-02-25 00:10:02,313 [INFO] [CLIPipeServer] [cli_server/cli_server.py:215]: CLI server started v1.1.6
2026-02-25 00:10:02,313 [INFO] [MainThread] [cli_server/cli_server.py:106]: Log pipe server started
2026-02-25 00:10:02,345 [DEBUG] [MainThread] [qasync._windows._EventPoller/_windows.py:215]: Starting (proactor: <_IocpProactor overlapped#=0 result#=0>)...
2026-02-25 00:10:02,346 [DEBUG] [Dummy-3] [qasync._windows._EventWorker/_windows.py:195]: Thread started
2026-02-25 00:10:02,634 [DEBUG] [MainThread] [pyvda.build/build.py:53]: Starting feature detection...
2026-02-25 00:10:02,635 [DEBUG] [MainThread] [pyvda.build/build.py:57]: Feature detection complete. Windows version is over 26100
2026-02-25 00:10:03,783 [INFO] [MainThread] [root/bar_manager.py:210]: Starting HotkeyListener...
2026-02-25 00:10:03,785 [DEBUG] [Dummy-8] [root/hotkeys.py:199]: Registered hotkey alt+a
2026-02-25 00:10:03,785 [INFO] [MainThread] [root/watcher.py:65]: Watching directory: c:\users\kuuro\.config\yasb
2026-02-25 00:10:03,785 [INFO] [MainThread] [root/watcher.py:104]: Created file watcher
2026-02-25 00:10:03,836 [INFO] [MainThread] [root/update_service.py:429]: Background update checker started
2026-02-25 00:10:11,639 [DEBUG] [Thread-7] [root/watcher.py:90]: Config file modified: c:\users\kuuro\.config\yasb\config.yaml
2026-02-25 00:10:11,669 [INFO] [MainThread] [root/controller.py:15]: Reloading Application because of config change.
2026-02-25 00:10:11,781 [INFO] [MainThread] [cli_server/cli_server.py:114]: Log pipe server stopped
2026-02-25 00:10:11,781 [DEBUG] [MainThread] [cli_server/cli_server.py:209]: CLI server stopped
2026-02-25 00:10:11,786 [INFO] [MainThread] [root/bar_manager.py:79]: Successfully loaded updated config and re-initialised all bars.
2026-02-25 00:10:11,895 [INFO] [MainThread] [root/bar_manager.py:96]: Stopping HotkeyListener...
2026-02-25 00:10:12,361 [INFO] [MainThread] [root/log.py:95]: YASB v1.9.0
2026-02-25 00:10:12,361 [INFO] [CLIPipeServer] [cli_server/cli_server.py:215]: CLI server started v1.1.6
2026-02-25 00:10:12,362 [INFO] [MainThread] [cli_server/cli_server.py:106]: Log pipe server started
2026-02-25 00:10:12,398 [DEBUG] [MainThread] [qasync._windows._EventPoller/_windows.py:215]: Starting (proactor: <_IocpProactor overlapped#=0 result#=0>)...
2026-02-25 00:10:12,399 [DEBUG] [Dummy-3] [qasync._windows._EventWorker/_windows.py:195]: Thread started
2026-02-25 00:10:12,665 [DEBUG] [MainThread] [pyvda.build/build.py:53]: Starting feature detection...
2026-02-25 00:10:12,666 [DEBUG] [MainThread] [pyvda.build/build.py:57]: Feature detection complete. Windows version is over 26100
2026-02-25 00:10:13,850 [INFO] [MainThread] [root/bar_manager.py:210]: Starting HotkeyListener...
2026-02-25 00:10:13,852 [DEBUG] [Dummy-8] [root/hotkeys.py:199]: Registered hotkey alt+a
2026-02-25 00:10:13,852 [INFO] [MainThread] [root/watcher.py:65]: Watching directory: c:\users\kuuro\.config\yasb
2026-02-25 00:10:13,852 [INFO] [MainThread] [root/watcher.py:104]: Created file watcher
2026-02-25 00:10:13,900 [INFO] [MainThread] [root/update_service.py:429]: Background update checker started
2026-02-25 00:10:56,947 [DEBUG] [Thread-7] [root/watcher.py:84]: Stylesheet modified: c:\users\kuuro\.config\yasb\styles.css
2026-02-25 00:11:07,731 [DEBUG] [Thread-7] [root/watcher.py:90]: Config file modified: c:\users\kuuro\.config\yasb\config.yaml
2026-02-25 00:11:07,762 [INFO] [MainThread] [root/controller.py:15]: Reloading Application because of config change.
2026-02-25 00:11:07,875 [INFO] [MainThread] [cli_server/cli_server.py:114]: Log pipe server stopped
2026-02-25 00:11:07,875 [DEBUG] [MainThread] [cli_server/cli_server.py:209]: CLI server stopped
2026-02-25 00:11:07,880 [INFO] [MainThread] [root/bar_manager.py:79]: Successfully loaded updated config and re-initialised all bars.
2026-02-25 00:11:07,982 [INFO] [MainThread] [root/bar_manager.py:96]: Stopping HotkeyListener...
2026-02-25 00:11:08,465 [INFO] [MainThread] [root/log.py:95]: YASB v1.9.0
2026-02-25 00:11:08,466 [INFO] [CLIPipeServer] [cli_server/cli_server.py:215]: CLI server started v1.1.6
2026-02-25 00:11:08,466 [INFO] [MainThread] [cli_server/cli_server.py:106]: Log pipe server started
2026-02-25 00:11:08,498 [DEBUG] [MainThread] [qasync._windows._EventPoller/_windows.py:215]: Starting (proactor: <_IocpProactor overlapped#=0 result#=0>)...
2026-02-25 00:11:08,500 [DEBUG] [Dummy-3] [qasync._windows._EventWorker/_windows.py:195]: Thread started
2026-02-25 00:11:08,765 [DEBUG] [MainThread] [pyvda.build/build.py:53]: Starting feature detection...
2026-02-25 00:11:08,765 [DEBUG] [MainThread] [pyvda.build/build.py:57]: Feature detection complete. Windows version is over 26100
2026-02-25 00:11:09,915 [INFO] [MainThread] [root/bar_manager.py:210]: Starting HotkeyListener...
2026-02-25 00:11:09,917 [DEBUG] [Dummy-8] [root/hotkeys.py:199]: Registered hotkey alt+a
2026-02-25 00:11:09,918 [INFO] [MainThread] [root/watcher.py:65]: Watching directory: c:\users\kuuro\.config\yasb
2026-02-25 00:11:09,918 [INFO] [MainThread] [root/watcher.py:104]: Created file watcher
2026-02-25 00:11:09,968 [INFO] [MainThread] [root/update_service.py:429]: Background update checker started
2026-02-25 00:11:11,677 [DEBUG] [Thread-7] [root/watcher.py:90]: Config file modified: c:\users\kuuro\.config\yasb\config.yaml
2026-02-25 00:11:11,708 [INFO] [MainThread] [root/controller.py:15]: Reloading Application because of config change.
2026-02-25 00:11:11,817 [INFO] [MainThread] [cli_server/cli_server.py:114]: Log pipe server stopped
2026-02-25 00:11:11,817 [DEBUG] [MainThread] [cli_server/cli_server.py:209]: CLI server stopped
2026-02-25 00:11:11,822 [INFO] [MainThread] [root/bar_manager.py:79]: Successfully loaded updated config and re-initialised all bars.
2026-02-25 00:11:11,930 [INFO] [MainThread] [root/bar_manager.py:96]: Stopping HotkeyListener...
2026-02-25 00:11:12,371 [INFO] [MainThread] [root/log.py:95]: YASB v1.9.0
2026-02-25 00:11:12,372 [INFO] [CLIPipeServer] [cli_server/cli_server.py:215]: CLI server started v1.1.6
2026-02-25 00:11:12,372 [INFO] [MainThread] [cli_server/cli_server.py:106]: Log pipe server started
2026-02-25 00:11:12,406 [DEBUG] [MainThread] [qasync._windows._EventPoller/_windows.py:215]: Starting (proactor: <_IocpProactor overlapped#=0 result#=0>)...
2026-02-25 00:11:12,407 [DEBUG] [Dummy-3] [qasync._windows._EventWorker/_windows.py:195]: Thread started
2026-02-25 00:11:12,674 [DEBUG] [MainThread] [pyvda.build/build.py:53]: Starting feature detection...
2026-02-25 00:11:12,675 [DEBUG] [MainThread] [pyvda.build/build.py:57]: Feature detection complete. Windows version is over 26100
2026-02-25 00:11:13,852 [INFO] [MainThread] [root/bar_manager.py:210]: Starting HotkeyListener...
2026-02-25 00:11:13,854 [DEBUG] [Dummy-8] [root/hotkeys.py:199]: Registered hotkey alt+a
2026-02-25 00:11:13,854 [INFO] [MainThread] [root/watcher.py:65]: Watching directory: c:\users\kuuro\.config\yasb
2026-02-25 00:11:13,854 [INFO] [MainThread] [root/watcher.py:104]: Created file watcher
2026-02-25 00:11:13,904 [INFO] [MainThread] [root/update_service.py:429]: Background update checker started
2026-02-25 00:12:29,291 [DEBUG] [Thread-7] [root/watcher.py:90]: Config file modified: c:\users\kuuro\.config\yasb\config.yaml
2026-02-25 00:12:29,321 [INFO] [MainThread] [root/controller.py:15]: Reloading Application because of config change.
2026-02-25 00:12:29,425 [INFO] [MainThread] [cli_server/cli_server.py:114]: Log pipe server stopped
2026-02-25 00:12:29,425 [DEBUG] [MainThread] [cli_server/cli_server.py:209]: CLI server stopped
2026-02-25 00:12:29,432 [INFO] [MainThread] [root/bar_manager.py:79]: Successfully loaded updated config and re-initialised all bars.
2026-02-25 00:12:29,537 [INFO] [MainThread] [root/bar_manager.py:96]: Stopping HotkeyListener...
2026-02-25 00:12:30,017 [INFO] [MainThread] [root/log.py:95]: YASB v1.9.0
2026-02-25 00:12:30,018 [INFO] [CLIPipeServer] [cli_server/cli_server.py:215]: CLI server started v1.1.6
2026-02-25 00:12:30,018 [INFO] [MainThread] [cli_server/cli_server.py:106]: Log pipe server started
2026-02-25 00:12:30,053 [DEBUG] [MainThread] [qasync._windows._EventPoller/_windows.py:215]: Starting (proactor: <_IocpProactor overlapped#=0 result#=0>)...
2026-02-25 00:12:30,054 [DEBUG] [Dummy-3] [qasync._windows._EventWorker/_windows.py:195]: Thread started
2026-02-25 00:12:30,340 [DEBUG] [MainThread] [pyvda.build/build.py:53]: Starting feature detection...
2026-02-25 00:12:30,340 [DEBUG] [MainThread] [pyvda.build/build.py:57]: Feature detection complete. Windows version is over 26100
2026-02-25 00:12:31,471 [INFO] [MainThread] [root/bar_manager.py:210]: Starting HotkeyListener...
2026-02-25 00:12:31,473 [DEBUG] [Dummy-6] [root/hotkeys.py:199]: Registered hotkey alt+a
2026-02-25 00:12:31,474 [INFO] [MainThread] [root/watcher.py:65]: Watching directory: c:\users\kuuro\.config\yasb
2026-02-25 00:12:31,474 [INFO] [MainThread] [root/watcher.py:104]: Created file watcher
2026-02-25 00:12:31,527 [INFO] [MainThread] [root/update_service.py:429]: Background update checker started
2026-02-25 00:12:32,632 [DEBUG] [Thread-5] [root/watcher.py:90]: Config file modified: c:\users\kuuro\.config\yasb\config.yaml
2026-02-25 00:12:32,661 [INFO] [MainThread] [root/controller.py:15]: Reloading Application because of config change.
2026-02-25 00:12:32,765 [INFO] [MainThread] [cli_server/cli_server.py:114]: Log pipe server stopped
2026-02-25 00:12:32,766 [DEBUG] [MainThread] [cli_server/cli_server.py:209]: CLI server stopped
2026-02-25 00:12:32,771 [INFO] [MainThread] [root/bar_manager.py:79]: Successfully loaded updated config and re-initialised all bars.
2026-02-25 00:12:32,872 [INFO] [MainThread] [root/bar_manager.py:96]: Stopping HotkeyListener...
2026-02-25 00:12:33,357 [INFO] [MainThread] [root/log.py:95]: YASB v1.9.0
2026-02-25 00:12:33,357 [INFO] [CLIPipeServer] [cli_server/cli_server.py:215]: CLI server started v1.1.6
2026-02-25 00:12:33,357 [INFO] [MainThread] [cli_server/cli_server.py:106]: Log pipe server started
2026-02-25 00:12:33,392 [DEBUG] [MainThread] [qasync._windows._EventPoller/_windows.py:215]: Starting (proactor: <_IocpProactor overlapped#=0 result#=0>)...
2026-02-25 00:12:33,393 [DEBUG] [Dummy-3] [qasync._windows._EventWorker/_windows.py:195]: Thread started
2026-02-25 00:12:33,680 [DEBUG] [MainThread] [pyvda.build/build.py:53]: Starting feature detection...
2026-02-25 00:12:33,680 [DEBUG] [MainThread] [pyvda.build/build.py:57]: Feature detection complete. Windows version is over 26100
2026-02-25 00:12:34,794 [INFO] [MainThread] [root/bar_manager.py:210]: Starting HotkeyListener...
2026-02-25 00:12:34,795 [DEBUG] [Dummy-6] [root/hotkeys.py:199]: Registered hotkey alt+a
2026-02-25 00:12:34,795 [INFO] [MainThread] [root/watcher.py:65]: Watching directory: c:\users\kuuro\.config\yasb
2026-02-25 00:12:34,795 [INFO] [MainThread] [root/watcher.py:104]: Created file watcher
2026-02-25 00:12:34,844 [INFO] [MainThread] [root/update_service.py:429]: Background update checker started
2026-02-25 00:20:18,028 [DEBUG] [Thread-5] [root/watcher.py:84]: Stylesheet modified: c:\users\kuuro\.config\yasb\styles.css
2026-02-25 00:20:22,723 [DEBUG] [Thread-5] [root/watcher.py:84]: Stylesheet modified: c:\users\kuuro\.config\yasb\styles.css
2026-02-25 00:20:29,649 [DEBUG] [Thread-5] [root/watcher.py:90]: Config file modified: c:\users\kuuro\.config\yasb\config.yaml
2026-02-25 00:20:29,689 [INFO] [MainThread] [root/controller.py:15]: Reloading Application because of config change.
2026-02-25 00:20:29,790 [INFO] [MainThread] [cli_server/cli_server.py:114]: Log pipe server stopped
2026-02-25 00:20:29,791 [DEBUG] [MainThread] [cli_server/cli_server.py:209]: CLI server stopped
2026-02-25 00:20:29,797 [INFO] [MainThread] [root/bar_manager.py:79]: Successfully loaded updated config and re-initialised all bars.
2026-02-25 00:20:29,934 [INFO] [MainThread] [root/bar_manager.py:96]: Stopping HotkeyListener...
2026-02-25 00:20:30,502 [INFO] [MainThread] [root/log.py:95]: YASB v1.9.0
2026-02-25 00:20:30,503 [INFO] [CLIPipeServer] [cli_server/cli_server.py:215]: CLI server started v1.1.6
2026-02-25 00:20:30,503 [INFO] [MainThread] [cli_server/cli_server.py:106]: Log pipe server started
2026-02-25 00:20:30,545 [DEBUG] [MainThread] [qasync._windows._EventPoller/_windows.py:215]: Starting (proactor: <_IocpProactor overlapped#=0 result#=0>)...
2026-02-25 00:20:30,547 [DEBUG] [Dummy-3] [qasync._windows._EventWorker/_windows.py:195]: Thread started
2026-02-25 00:20:30,887 [DEBUG] [MainThread] [pyvda.build/build.py:53]: Starting feature detection...
2026-02-25 00:20:30,888 [DEBUG] [MainThread] [pyvda.build/build.py:57]: Feature detection complete. Windows version is over 26100
2026-02-25 00:20:32,338 [INFO] [MainThread] [root/bar_manager.py:210]: Starting HotkeyListener...
2026-02-25 00:20:32,340 [DEBUG] [Dummy-6] [root/hotkeys.py:199]: Registered hotkey alt+a
2026-02-25 00:20:32,340 [INFO] [MainThread] [root/watcher.py:65]: Watching directory: c:\users\kuuro\.config\yasb
2026-02-25 00:20:32,340 [INFO] [MainThread] [root/watcher.py:104]: Created file watcher
2026-02-25 00:20:32,396 [INFO] [MainThread] [root/update_service.py:429]: Background update checker started
2026-02-25 00:20:39,025 [DEBUG] [Thread-5] [root/watcher.py:84]: Stylesheet modified: c:\users\kuuro\.config\yasb\styles.css
2026-02-25 00:20:49,704 [DEBUG] [Thread-5] [root/watcher.py:90]: Config file modified: c:\users\kuuro\.config\yasb\config.yaml
2026-02-25 00:20:49,734 [INFO] [MainThread] [root/controller.py:15]: Reloading Application because of config change.
2026-02-25 00:20:49,842 [INFO] [MainThread] [cli_server/cli_server.py:114]: Log pipe server stopped
2026-02-25 00:20:49,842 [DEBUG] [MainThread] [cli_server/cli_server.py:209]: CLI server stopped
2026-02-25 00:20:49,848 [INFO] [MainThread] [root/bar_manager.py:79]: Successfully loaded updated config and re-initialised all bars.
2026-02-25 00:20:49,955 [INFO] [MainThread] [root/bar_manager.py:96]: Stopping HotkeyListener...
2026-02-25 00:20:50,472 [INFO] [MainThread] [root/log.py:95]: YASB v1.9.0
2026-02-25 00:20:50,473 [INFO] [CLIPipeServer] [cli_server/cli_server.py:215]: CLI server started v1.1.6
2026-02-25 00:20:50,473 [INFO] [MainThread] [cli_server/cli_server.py:106]: Log pipe server started
2026-02-25 00:20:50,508 [DEBUG] [MainThread] [qasync._windows._EventPoller/_windows.py:215]: Starting (proactor: <_IocpProactor overlapped#=0 result#=0>)...
2026-02-25 00:20:50,509 [DEBUG] [Dummy-3] [qasync._windows._EventWorker/_windows.py:195]: Thread started
2026-02-25 00:20:50,799 [DEBUG] [MainThread] [pyvda.build/build.py:53]: Starting feature detection...
2026-02-25 00:20:50,799 [DEBUG] [MainThread] [pyvda.build/build.py:57]: Feature detection complete. Windows version is over 26100
2026-02-25 00:20:51,784 [INFO] [MainThread] [root/bar_manager.py:210]: Starting HotkeyListener...
2026-02-25 00:20:51,785 [DEBUG] [Dummy-6] [root/hotkeys.py:199]: Registered hotkey alt+a
2026-02-25 00:20:51,786 [INFO] [MainThread] [root/watcher.py:65]: Watching directory: c:\users\kuuro\.config\yasb
2026-02-25 00:20:51,786 [INFO] [MainThread] [root/watcher.py:104]: Created file watcher
2026-02-25 00:20:51,839 [INFO] [MainThread] [root/update_service.py:429]: Background update checker started
2026-02-25 00:20:58,174 [DEBUG] [Thread-5] [root/watcher.py:84]: Stylesheet modified: c:\users\kuuro\.config\yasb\styles.css
2026-02-25 00:22:01,497 [DEBUG] [Thread-5] [root/watcher.py:90]: Config file modified: c:\users\kuuro\.config\yasb\config.yaml
2026-02-25 00:22:01,532 [INFO] [MainThread] [root/controller.py:15]: Reloading Application because of config change.
2026-02-25 00:22:01,634 [INFO] [MainThread] [cli_server/cli_server.py:114]: Log pipe server stopped
2026-02-25 00:22:01,635 [DEBUG] [MainThread] [cli_server/cli_server.py:209]: CLI server stopped
2026-02-25 00:22:01,641 [INFO] [MainThread] [root/bar_manager.py:79]: Successfully loaded updated config and re-initialised all bars.
2026-02-25 00:22:01,753 [INFO] [MainThread] [root/bar_manager.py:96]: Stopping HotkeyListener...
2026-02-25 00:22:02,277 [INFO] [MainThread] [root/log.py:95]: YASB v1.9.0
2026-02-25 00:22:02,278 [INFO] [CLIPipeServer] [cli_server/cli_server.py:215]: CLI server started v1.1.6
2026-02-25 00:22:02,278 [INFO] [MainThread] [cli_server/cli_server.py:106]: Log pipe server started
2026-02-25 00:22:02,320 [DEBUG] [MainThread] [qasync._windows._EventPoller/_windows.py:215]: Starting (proactor: <_IocpProactor overlapped#=0 result#=0>)...
2026-02-25 00:22:02,321 [DEBUG] [Dummy-3] [qasync._windows._EventWorker/_windows.py:195]: Thread started
2026-02-25 00:22:02,630 [DEBUG] [MainThread] [pyvda.build/build.py:53]: Starting feature detection...
2026-02-25 00:22:02,630 [DEBUG] [MainThread] [pyvda.build/build.py:57]: Feature detection complete. Windows version is over 26100
2026-02-25 00:22:03,150 [INFO] [MainThread] [root/bar_manager.py:210]: Starting HotkeyListener...
2026-02-25 00:22:03,152 [INFO] [MainThread] [root/watcher.py:65]: Watching directory: c:\users\kuuro\.config\yasb
2026-02-25 00:22:03,152 [INFO] [MainThread] [root/watcher.py:104]: Created file watcher
2026-02-25 00:22:03,362 [DEBUG] [Dummy-7] [root/hotkeys.py:199]: Registered hotkey alt+a
2026-02-25 00:22:03,460 [INFO] [MainThread] [root/update_service.py:429]: Background update checker started
2026-02-25 00:22:09,725 [DEBUG] [Thread-5] [root/watcher.py:90]: Config file modified: c:\users\kuuro\.config\yasb\config.yaml
2026-02-25 00:22:09,758 [INFO] [MainThread] [root/controller.py:15]: Reloading Application because of config change.
2026-02-25 00:22:09,866 [INFO] [MainThread] [cli_server/cli_server.py:114]: Log pipe server stopped
2026-02-25 00:22:09,866 [DEBUG] [MainThread] [cli_server/cli_server.py:209]: CLI server stopped
2026-02-25 00:22:09,872 [INFO] [MainThread] [root/bar_manager.py:79]: Successfully loaded updated config and re-initialised all bars.
2026-02-25 00:22:09,979 [INFO] [MainThread] [root/bar_manager.py:96]: Stopping HotkeyListener...
2026-02-25 00:22:10,511 [INFO] [MainThread] [root/log.py:95]: YASB v1.9.0
2026-02-25 00:22:10,511 [INFO] [CLIPipeServer] [cli_server/cli_server.py:215]: CLI server started v1.1.6
2026-02-25 00:22:10,511 [INFO] [MainThread] [cli_server/cli_server.py:106]: Log pipe server started
2026-02-25 00:22:10,554 [DEBUG] [MainThread] [qasync._windows._EventPoller/_windows.py:215]: Starting (proactor: <_IocpProactor overlapped#=0 result#=0>)...
2026-02-25 00:22:10,555 [DEBUG] [Dummy-3] [qasync._windows._EventWorker/_windows.py:195]: Thread started
2026-02-25 00:22:10,842 [DEBUG] [MainThread] [pyvda.build/build.py:53]: Starting feature detection...
2026-02-25 00:22:10,842 [DEBUG] [MainThread] [pyvda.build/build.py:57]: Feature detection complete. Windows version is over 26100
2026-02-25 00:22:11,428 [INFO] [MainThread] [root/bar_manager.py:210]: Starting HotkeyListener...
2026-02-25 00:22:11,430 [INFO] [MainThread] [root/watcher.py:65]: Watching directory: c:\users\kuuro\.config\yasb
2026-02-25 00:22:11,430 [INFO] [MainThread] [root/watcher.py:104]: Created file watcher
2026-02-25 00:22:11,629 [DEBUG] [Dummy-7] [root/hotkeys.py:199]: Registered hotkey alt+a
2026-02-25 00:22:11,691 [INFO] [MainThread] [root/update_service.py:429]: Background update checker started
2026-02-25 00:24:16,338 [DEBUG] [Thread-5] [root/watcher.py:84]: Stylesheet modified: c:\users\kuuro\.config\yasb\styles.css
2026-02-25 00:24:23,215 [DEBUG] [Thread-5] [root/watcher.py:84]: Stylesheet modified: c:\users\kuuro\.config\yasb\styles.css
2026-02-25 00:24:31,969 [DEBUG] [Thread-5] [root/watcher.py:84]: Stylesheet modified: c:\users\kuuro\.config\yasb\styles.css
2026-02-25 00:24:37,289 [DEBUG] [Thread-5] [root/watcher.py:90]: Config file modified: c:\users\kuuro\.config\yasb\config.yaml
2026-02-25 00:24:37,319 [INFO] [MainThread] [root/controller.py:15]: Reloading Application because of config change.
2026-02-25 00:24:37,429 [INFO] [MainThread] [cli_server/cli_server.py:114]: Log pipe server stopped
2026-02-25 00:24:37,429 [DEBUG] [MainThread] [cli_server/cli_server.py:209]: CLI server stopped
2026-02-25 00:24:37,436 [INFO] [MainThread] [root/bar_manager.py:79]: Successfully loaded updated config and re-initialised all bars.
2026-02-25 00:24:37,546 [INFO] [MainThread] [root/bar_manager.py:96]: Stopping HotkeyListener...
2026-02-25 00:24:38,024 [INFO] [MainThread] [root/log.py:95]: YASB v1.9.0
2026-02-25 00:24:38,024 [INFO] [CLIPipeServer] [cli_server/cli_server.py:215]: CLI server started v1.1.6
2026-02-25 00:24:38,025 [INFO] [MainThread] [cli_server/cli_server.py:106]: Log pipe server started
2026-02-25 00:24:38,064 [DEBUG] [MainThread] [qasync._windows._EventPoller/_windows.py:215]: Starting (proactor: <_IocpProactor overlapped#=0 result#=0>)...
2026-02-25 00:24:38,065 [DEBUG] [Dummy-3] [qasync._windows._EventWorker/_windows.py:195]: Thread started
2026-02-25 00:24:38,370 [DEBUG] [MainThread] [pyvda.build/build.py:53]: Starting feature detection...
2026-02-25 00:24:38,370 [DEBUG] [MainThread] [pyvda.build/build.py:57]: Feature detection complete. Windows version is over 26100
2026-02-25 00:24:38,882 [INFO] [MainThread] [root/bar_manager.py:210]: Starting HotkeyListener...
2026-02-25 00:24:38,884 [INFO] [MainThread] [root/watcher.py:65]: Watching directory: c:\users\kuuro\.config\yasb
2026-02-25 00:24:38,884 [INFO] [MainThread] [root/watcher.py:104]: Created file watcher
2026-02-25 00:24:39,061 [DEBUG] [Dummy-7] [root/hotkeys.py:199]: Registered hotkey alt+a
2026-02-25 00:24:39,101 [INFO] [MainThread] [root/update_service.py:429]: Background update checker started
2026-02-25 00:24:47,320 [DEBUG] [Thread-5] [root/watcher.py:84]: Stylesheet modified: c:\users\kuuro\.config\yasb\styles.css
2026-02-25 00:24:50,326 [DEBUG] [Thread-5] [root/watcher.py:84]: Stylesheet modified: c:\users\kuuro\.config\yasb\styles.css
2026-02-25 00:26:38,365 [DEBUG] [Thread-5] [root/watcher.py:84]: Stylesheet modified: c:\users\kuuro\.config\yasb\styles.css
2026-02-25 00:27:14,410 [DEBUG] [Thread-5] [root/watcher.py:90]: Config file modified: c:\users\kuuro\.config\yasb\config.yaml
2026-02-25 00:27:14,442 [INFO] [MainThread] [root/controller.py:15]: Reloading Application because of config change.
2026-02-25 00:27:14,554 [INFO] [MainThread] [cli_server/cli_server.py:114]: Log pipe server stopped
2026-02-25 00:27:14,554 [DEBUG] [MainThread] [cli_server/cli_server.py:209]: CLI server stopped
2026-02-25 00:27:14,560 [INFO] [MainThread] [root/bar_manager.py:79]: Successfully loaded updated config and re-initialised all bars.
2026-02-25 00:27:14,674 [INFO] [MainThread] [root/bar_manager.py:96]: Stopping HotkeyListener...
2026-02-25 00:27:15,125 [INFO] [MainThread] [root/log.py:95]: YASB v1.9.0
2026-02-25 00:27:15,126 [INFO] [CLIPipeServer] [cli_server/cli_server.py:215]: CLI server started v1.1.6
2026-02-25 00:27:15,126 [INFO] [MainThread] [cli_server/cli_server.py:106]: Log pipe server started
2026-02-25 00:27:15,178 [DEBUG] [MainThread] [qasync._windows._EventPoller/_windows.py:215]: Starting (proactor: <_IocpProactor overlapped#=0 result#=0>)...
2026-02-25 00:27:15,180 [DEBUG] [Dummy-3] [qasync._windows._EventWorker/_windows.py:195]: Thread started
2026-02-25 00:27:15,478 [DEBUG] [MainThread] [pyvda.build/build.py:53]: Starting feature detection...
2026-02-25 00:27:15,478 [DEBUG] [MainThread] [pyvda.build/build.py:57]: Feature detection complete. Windows version is over 26100
2026-02-25 00:27:15,525 [WARNING] [MainThread] [root/widget_builder.py:40]: No widget config could be found for widget 'n1_countdown
2026-02-25 00:27:15,992 [INFO] [MainThread] [root/bar_manager.py:210]: Starting HotkeyListener...
2026-02-25 00:27:15,993 [ERROR] [MainThread] [root/widget_builder.py:97]: Failed to add undefined widget(s)  - The widget "n1_countdown" is undefined.
2026-02-25 00:27:16,059 [DEBUG] [Dummy-5] [root/hotkeys.py:199]: Registered hotkey alt+a
2026-02-25 00:27:16,068 [INFO] [MainThread] [root/watcher.py:65]: Watching directory: c:\users\kuuro\.config\yasb
2026-02-25 00:27:16,068 [INFO] [MainThread] [root/watcher.py:104]: Created file watcher
2026-02-25 00:27:16,239 [INFO] [MainThread] [root/update_service.py:429]: Background update checker started
2026-02-25 00:27:21,071 [DEBUG] [Thread-6] [root/watcher.py:90]: Config file modified: c:\users\kuuro\.config\yasb\config.yaml
2026-02-25 00:27:21,102 [INFO] [MainThread] [root/controller.py:15]: Reloading Application because of config change.
2026-02-25 00:27:21,215 [INFO] [MainThread] [cli_server/cli_server.py:114]: Log pipe server stopped
2026-02-25 00:27:21,215 [DEBUG] [MainThread] [cli_server/cli_server.py:209]: CLI server stopped
2026-02-25 00:27:21,221 [INFO] [MainThread] [root/bar_manager.py:79]: Successfully loaded updated config and re-initialised all bars.
2026-02-25 00:27:21,372 [INFO] [MainThread] [root/bar_manager.py:96]: Stopping HotkeyListener...
2026-02-25 00:27:21,814 [INFO] [MainThread] [root/log.py:95]: YASB v1.9.0
2026-02-25 00:27:21,822 [INFO] [CLIPipeServer] [cli_server/cli_server.py:215]: CLI server started v1.1.6
2026-02-25 00:27:21,823 [INFO] [MainThread] [cli_server/cli_server.py:106]: Log pipe server started
2026-02-25 00:27:21,864 [DEBUG] [MainThread] [qasync._windows._EventPoller/_windows.py:215]: Starting (proactor: <_IocpProactor overlapped#=0 result#=0>)...
2026-02-25 00:27:21,865 [DEBUG] [Dummy-3] [qasync._windows._EventWorker/_windows.py:195]: Thread started
2026-02-25 00:27:22,167 [DEBUG] [MainThread] [pyvda.build/build.py:53]: Starting feature detection...
2026-02-25 00:27:22,167 [DEBUG] [MainThread] [pyvda.build/build.py:57]: Feature detection complete. Windows version is over 26100
2026-02-25 00:27:22,711 [INFO] [MainThread] [root/bar_manager.py:210]: Starting HotkeyListener...
2026-02-25 00:27:22,713 [INFO] [MainThread] [root/watcher.py:65]: Watching directory: c:\users\kuuro\.config\yasb
2026-02-25 00:27:22,713 [INFO] [MainThread] [root/watcher.py:104]: Created file watcher
2026-02-25 00:27:22,903 [DEBUG] [Dummy-8] [root/hotkeys.py:199]: Registered hotkey alt+a
2026-02-25 00:27:22,958 [INFO] [MainThread] [root/update_service.py:429]: Background update checker started
2026-02-25 00:27:28,433 [DEBUG] [Thread-6] [root/watcher.py:84]: Stylesheet modified: c:\users\kuuro\.config\yasb\styles.css
2026-02-25 00:27:59,347 [DEBUG] [Thread-6] [root/watcher.py:84]: Stylesheet modified: c:\users\kuuro\.config\yasb\styles.css
2026-02-25 00:30:51,546 [DEBUG] [Thread-6] [root/watcher.py:84]: Stylesheet modified: c:\users\kuuro\.config\yasb\styles.css
2026-02-25 00:31:07,595 [DEBUG] [Thread-6] [root/watcher.py:90]: Config file modified: c:\users\kuuro\.config\yasb\config.yaml
2026-02-25 00:31:07,630 [INFO] [MainThread] [root/controller.py:15]: Reloading Application because of config change.
2026-02-25 00:31:07,739 [INFO] [MainThread] [cli_server/cli_server.py:114]: Log pipe server stopped
2026-02-25 00:31:07,739 [DEBUG] [MainThread] [cli_server/cli_server.py:209]: CLI server stopped
2026-02-25 00:31:07,745 [INFO] [MainThread] [root/bar_manager.py:79]: Successfully loaded updated config and re-initialised all bars.
2026-02-25 00:31:07,882 [INFO] [MainThread] [root/bar_manager.py:96]: Stopping HotkeyListener...
2026-02-25 00:31:08,408 [INFO] [MainThread] [root/log.py:95]: YASB v1.9.0
2026-02-25 00:31:08,409 [INFO] [CLIPipeServer] [cli_server/cli_server.py:215]: CLI server started v1.1.6
2026-02-25 00:31:08,409 [INFO] [MainThread] [cli_server/cli_server.py:106]: Log pipe server started
2026-02-25 00:31:08,453 [DEBUG] [MainThread] [qasync._windows._EventPoller/_windows.py:215]: Starting (proactor: <_IocpProactor overlapped#=0 result#=0>)...
2026-02-25 00:31:08,454 [DEBUG] [Dummy-3] [qasync._windows._EventWorker/_windows.py:195]: Thread started
2026-02-25 00:31:08,751 [DEBUG] [MainThread] [pyvda.build/build.py:53]: Starting feature detection...
2026-02-25 00:31:08,751 [DEBUG] [MainThread] [pyvda.build/build.py:57]: Feature detection complete. Windows version is over 26100
2026-02-25 00:31:09,300 [INFO] [MainThread] [root/bar_manager.py:210]: Starting HotkeyListener...
2026-02-25 00:31:09,302 [INFO] [MainThread] [root/watcher.py:65]: Watching directory: c:\users\kuuro\.config\yasb
2026-02-25 00:31:09,303 [INFO] [MainThread] [root/watcher.py:104]: Created file watcher
2026-02-25 00:31:09,476 [DEBUG] [Dummy-8] [root/hotkeys.py:199]: Registered hotkey alt+a
2026-02-25 00:31:09,518 [INFO] [MainThread] [root/update_service.py:429]: Background update checker started
2026-02-25 00:31:16,894 [DEBUG] [Thread-6] [root/watcher.py:84]: Stylesheet modified: c:\users\kuuro\.config\yasb\styles.css
2026-02-25 00:31:23,975 [DEBUG] [Thread-6] [root/watcher.py:90]: Config file modified: c:\users\kuuro\.config\yasb\config.yaml
2026-02-25 00:31:24,015 [INFO] [MainThread] [root/controller.py:15]: Reloading Application because of config change.
2026-02-25 00:31:24,127 [INFO] [MainThread] [cli_server/cli_server.py:114]: Log pipe server stopped
2026-02-25 00:31:24,127 [DEBUG] [MainThread] [cli_server/cli_server.py:209]: CLI server stopped
2026-02-25 00:31:24,133 [INFO] [MainThread] [root/bar_manager.py:79]: Successfully loaded updated config and re-initialised all bars.
2026-02-25 00:31:24,246 [INFO] [MainThread] [root/bar_manager.py:96]: Stopping HotkeyListener...
2026-02-25 00:31:24,752 [INFO] [MainThread] [root/log.py:95]: YASB v1.9.0
2026-02-25 00:31:24,752 [INFO] [CLIPipeServer] [cli_server/cli_server.py:215]: CLI server started v1.1.6
2026-02-25 00:31:24,753 [INFO] [MainThread] [cli_server/cli_server.py:106]: Log pipe server started
2026-02-25 00:31:24,800 [DEBUG] [MainThread] [qasync._windows._EventPoller/_windows.py:215]: Starting (proactor: <_IocpProactor overlapped#=0 result#=0>)...
2026-02-25 00:31:24,802 [DEBUG] [Dummy-3] [qasync._windows._EventWorker/_windows.py:195]: Thread started
2026-02-25 00:31:25,115 [DEBUG] [MainThread] [pyvda.build/build.py:53]: Starting feature detection...
2026-02-25 00:31:25,115 [DEBUG] [MainThread] [pyvda.build/build.py:57]: Feature detection complete. Windows version is over 26100
2026-02-25 00:31:25,689 [INFO] [MainThread] [root/bar_manager.py:210]: Starting HotkeyListener...
2026-02-25 00:31:25,691 [INFO] [MainThread] [root/watcher.py:65]: Watching directory: c:\users\kuuro\.config\yasb
2026-02-25 00:31:25,691 [INFO] [MainThread] [root/watcher.py:104]: Created file watcher
2026-02-25 00:31:25,855 [DEBUG] [Dummy-8] [root/hotkeys.py:199]: Registered hotkey alt+a
2026-02-25 00:31:25,895 [INFO] [MainThread] [root/update_service.py:429]: Background update checker started
2026-02-25 00:33:41,919 [DEBUG] [Thread-6] [root/watcher.py:90]: Config file modified: c:\users\kuuro\.config\yasb\config.yaml
2026-02-25 00:33:41,962 [INFO] [MainThread] [root/controller.py:15]: Reloading Application because of config change.
2026-02-25 00:33:42,063 [INFO] [MainThread] [cli_server/cli_server.py:114]: Log pipe server stopped
2026-02-25 00:33:42,063 [DEBUG] [MainThread] [cli_server/cli_server.py:209]: CLI server stopped
2026-02-25 00:33:42,070 [INFO] [MainThread] [root/bar_manager.py:79]: Successfully loaded updated config and re-initialised all bars.
2026-02-25 00:33:42,200 [INFO] [MainThread] [root/bar_manager.py:96]: Stopping HotkeyListener...
2026-02-25 00:33:42,825 [INFO] [MainThread] [root/log.py:95]: YASB v1.9.0
2026-02-25 00:33:42,825 [INFO] [CLIPipeServer] [cli_server/cli_server.py:215]: CLI server started v1.1.6
2026-02-25 00:33:42,826 [INFO] [MainThread] [cli_server/cli_server.py:106]: Log pipe server started
2026-02-25 00:33:42,885 [DEBUG] [MainThread] [qasync._windows._EventPoller/_windows.py:215]: Starting (proactor: <_IocpProactor overlapped#=0 result#=0>)...
2026-02-25 00:33:42,886 [DEBUG] [Dummy-3] [qasync._windows._EventWorker/_windows.py:195]: Thread started
2026-02-25 00:33:43,273 [DEBUG] [MainThread] [pyvda.build/build.py:53]: Starting feature detection...
2026-02-25 00:33:43,273 [DEBUG] [MainThread] [pyvda.build/build.py:57]: Feature detection complete. Windows version is over 26100
2026-02-25 00:33:43,898 [INFO] [MainThread] [root/bar_manager.py:210]: Starting HotkeyListener...
2026-02-25 00:33:43,901 [INFO] [MainThread] [root/watcher.py:65]: Watching directory: c:\users\kuuro\.config\yasb
2026-02-25 00:33:43,901 [INFO] [MainThread] [root/watcher.py:104]: Created file watcher
2026-02-25 00:33:44,146 [DEBUG] [Dummy-8] [root/hotkeys.py:199]: Registered hotkey alt+a
2026-02-25 00:33:44,259 [INFO] [MainThread] [root/update_service.py:429]: Background update checker started
2026-02-25 00:33:49,883 [DEBUG] [Thread-6] [root/watcher.py:90]: Config file modified: c:\users\kuuro\.config\yasb\config.yaml
2026-02-25 00:33:49,931 [INFO] [MainThread] [root/controller.py:15]: Reloading Application because of config change.
2026-02-25 00:33:50,043 [INFO] [MainThread] [cli_server/cli_server.py:114]: Log pipe server stopped
2026-02-25 00:33:50,043 [DEBUG] [MainThread] [cli_server/cli_server.py:209]: CLI server stopped
2026-02-25 00:33:50,050 [INFO] [MainThread] [root/bar_manager.py:79]: Successfully loaded updated config and re-initialised all bars.
2026-02-25 00:33:50,169 [INFO] [MainThread] [root/bar_manager.py:96]: Stopping HotkeyListener...
2026-02-25 00:33:50,726 [INFO] [MainThread] [root/log.py:95]: YASB v1.9.0
2026-02-25 00:33:50,726 [INFO] [CLIPipeServer] [cli_server/cli_server.py:215]: CLI server started v1.1.6
2026-02-25 00:33:50,727 [INFO] [MainThread] [cli_server/cli_server.py:106]: Log pipe server started
2026-02-25 00:33:50,781 [DEBUG] [MainThread] [qasync._windows._EventPoller/_windows.py:215]: Starting (proactor: <_IocpProactor overlapped#=0 result#=0>)...
2026-02-25 00:33:50,782 [DEBUG] [Dummy-3] [qasync._windows._EventWorker/_windows.py:195]: Thread started
2026-02-25 00:33:51,114 [DEBUG] [MainThread] [pyvda.build/build.py:53]: Starting feature detection...
2026-02-25 00:33:51,114 [DEBUG] [MainThread] [pyvda.build/build.py:57]: Feature detection complete. Windows version is over 26100
2026-02-25 00:33:51,765 [INFO] [MainThread] [root/bar_manager.py:210]: Starting HotkeyListener...
2026-02-25 00:33:51,768 [INFO] [MainThread] [root/watcher.py:65]: Watching directory: c:\users\kuuro\.config\yasb
2026-02-25 00:33:51,768 [INFO] [MainThread] [root/watcher.py:104]: Created file watcher
2026-02-25 00:33:51,967 [DEBUG] [Dummy-8] [root/hotkeys.py:199]: Registered hotkey alt+a
2026-02-25 00:33:52,006 [INFO] [MainThread] [root/update_service.py:429]: Background update checker started
2026-02-25 00:34:03,544 [DEBUG] [Thread-6] [root/watcher.py:90]: Config file modified: c:\users\kuuro\.config\yasb\config.yaml
2026-02-25 00:34:03,589 [INFO] [MainThread] [root/controller.py:15]: Reloading Application because of config change.
2026-02-25 00:34:03,694 [INFO] [MainThread] [cli_server/cli_server.py:114]: Log pipe server stopped
2026-02-25 00:34:03,694 [DEBUG] [MainThread] [cli_server/cli_server.py:209]: CLI server stopped
2026-02-25 00:34:03,699 [INFO] [MainThread] [root/bar_manager.py:79]: Successfully loaded updated config and re-initialised all bars.
2026-02-25 00:34:03,820 [INFO] [MainThread] [root/bar_manager.py:96]: Stopping HotkeyListener...
2026-02-25 00:34:04,349 [INFO] [MainThread] [root/log.py:95]: YASB v1.9.0
2026-02-25 00:34:04,350 [INFO] [CLIPipeServer] [cli_server/cli_server.py:215]: CLI server started v1.1.6
2026-02-25 00:34:04,350 [INFO] [MainThread] [cli_server/cli_server.py:106]: Log pipe server started
2026-02-25 00:34:04,392 [DEBUG] [MainThread] [qasync._windows._EventPoller/_windows.py:215]: Starting (proactor: <_IocpProactor overlapped#=0 result#=0>)...
2026-02-25 00:34:04,393 [DEBUG] [Dummy-3] [qasync._windows._EventWorker/_windows.py:195]: Thread started
2026-02-25 00:34:04,699 [DEBUG] [MainThread] [pyvda.build/build.py:53]: Starting feature detection...
2026-02-25 00:34:04,699 [DEBUG] [MainThread] [pyvda.build/build.py:57]: Feature detection complete. Windows version is over 26100
2026-02-25 00:34:04,754 [WARNING] [MainThread] [root/widget_builder.py:40]: No widget config could be found for widget 'n1_countdown
2026-02-25 00:34:05,231 [INFO] [MainThread] [root/bar_manager.py:210]: Starting HotkeyListener...
2026-02-25 00:34:05,231 [ERROR] [MainThread] [root/widget_builder.py:97]: Failed to add undefined widget(s)  - The widget "n1_countdown" is undefined.
2026-02-25 00:34:05,302 [DEBUG] [Dummy-5] [root/hotkeys.py:199]: Registered hotkey alt+a
2026-02-25 00:34:05,313 [INFO] [MainThread] [root/watcher.py:65]: Watching directory: c:\users\kuuro\.config\yasb
2026-02-25 00:34:05,314 [INFO] [MainThread] [root/watcher.py:104]: Created file watcher
2026-02-25 00:34:05,468 [INFO] [MainThread] [root/update_service.py:429]: Background update checker started
2026-02-25 00:34:08,330 [DEBUG] [Thread-6] [root/watcher.py:90]: Config file modified: c:\users\kuuro\.config\yasb\config.yaml
2026-02-25 00:34:08,361 [INFO] [MainThread] [root/controller.py:15]: Reloading Application because of config change.
2026-02-25 00:34:08,468 [INFO] [MainThread] [cli_server/cli_server.py:114]: Log pipe server stopped
2026-02-25 00:34:08,469 [DEBUG] [MainThread] [cli_server/cli_server.py:209]: CLI server stopped
2026-02-25 00:34:08,474 [INFO] [MainThread] [root/bar_manager.py:79]: Successfully loaded updated config and re-initialised all bars.
2026-02-25 00:34:08,601 [INFO] [MainThread] [root/bar_manager.py:96]: Stopping HotkeyListener...
2026-02-25 00:34:09,101 [INFO] [MainThread] [root/log.py:95]: YASB v1.9.0
2026-02-25 00:34:09,102 [INFO] [CLIPipeServer] [cli_server/cli_server.py:215]: CLI server started v1.1.6
2026-02-25 00:34:09,102 [INFO] [MainThread] [cli_server/cli_server.py:106]: Log pipe server started
2026-02-25 00:34:09,164 [DEBUG] [MainThread] [qasync._windows._EventPoller/_windows.py:215]: Starting (proactor: <_IocpProactor overlapped#=0 result#=0>)...
2026-02-25 00:34:09,166 [DEBUG] [Dummy-3] [qasync._windows._EventWorker/_windows.py:195]: Thread started
2026-02-25 00:34:09,482 [DEBUG] [MainThread] [pyvda.build/build.py:53]: Starting feature detection...
2026-02-25 00:34:09,483 [DEBUG] [MainThread] [pyvda.build/build.py:57]: Feature detection complete. Windows version is over 26100
2026-02-25 00:34:10,659 [INFO] [MainThread] [root/bar_manager.py:210]: Starting HotkeyListener...
2026-02-25 00:34:10,660 [DEBUG] [Dummy-6] [root/hotkeys.py:199]: Registered hotkey alt+a
2026-02-25 00:34:10,661 [INFO] [MainThread] [root/watcher.py:65]: Watching directory: c:\users\kuuro\.config\yasb
2026-02-25 00:34:10,661 [INFO] [MainThread] [root/watcher.py:104]: Created file watcher
2026-02-25 00:34:10,717 [INFO] [MainThread] [root/update_service.py:429]: Background update checker started
2026-02-25 00:34:16,850 [DEBUG] [Thread-5] [root/watcher.py:84]: Stylesheet modified: c:\users\kuuro\.config\yasb\styles.css
2026-02-25 00:34:22,268 [DEBUG] [Thread-5] [root/watcher.py:90]: Config file modified: c:\users\kuuro\.config\yasb\config.yaml
2026-02-25 00:34:22,306 [INFO] [MainThread] [root/controller.py:15]: Reloading Application because of config change.
2026-02-25 00:34:22,409 [INFO] [MainThread] [cli_server/cli_server.py:114]: Log pipe server stopped
2026-02-25 00:34:22,410 [DEBUG] [MainThread] [cli_server/cli_server.py:209]: CLI server stopped
2026-02-25 00:34:22,417 [INFO] [MainThread] [root/bar_manager.py:79]: Successfully loaded updated config and re-initialised all bars.
2026-02-25 00:34:22,527 [INFO] [MainThread] [root/bar_manager.py:96]: Stopping HotkeyListener...
2026-02-25 00:34:23,016 [INFO] [MainThread] [root/log.py:95]: YASB v1.9.0
2026-02-25 00:34:23,017 [INFO] [CLIPipeServer] [cli_server/cli_server.py:215]: CLI server started v1.1.6
2026-02-25 00:34:23,017 [INFO] [MainThread] [cli_server/cli_server.py:106]: Log pipe server started
2026-02-25 00:34:23,063 [DEBUG] [MainThread] [qasync._windows._EventPoller/_windows.py:215]: Starting (proactor: <_IocpProactor overlapped#=0 result#=0>)...
2026-02-25 00:34:23,064 [DEBUG] [Dummy-3] [qasync._windows._EventWorker/_windows.py:195]: Thread started
2026-02-25 00:34:23,360 [DEBUG] [MainThread] [pyvda.build/build.py:53]: Starting feature detection...
2026-02-25 00:34:23,360 [DEBUG] [MainThread] [pyvda.build/build.py:57]: Feature detection complete. Windows version is over 26100
2026-02-25 00:34:24,446 [INFO] [MainThread] [root/bar_manager.py:210]: Starting HotkeyListener...
2026-02-25 00:34:24,448 [DEBUG] [Dummy-6] [root/hotkeys.py:199]: Registered hotkey alt+a
2026-02-25 00:34:24,448 [INFO] [MainThread] [root/watcher.py:65]: Watching directory: c:\users\kuuro\.config\yasb
2026-02-25 00:34:24,448 [INFO] [MainThread] [root/watcher.py:104]: Created file watcher
2026-02-25 00:34:24,502 [INFO] [MainThread] [root/update_service.py:429]: Background update checker started
2026-02-25 00:34:45,976 [DEBUG] [Thread-5] [root/watcher.py:84]: Stylesheet modified: c:\users\kuuro\.config\yasb\styles.css
2026-02-25 00:36:36,619 [DEBUG] [Thread-5] [root/watcher.py:84]: Stylesheet modified: c:\users\kuuro\.config\yasb\styles.css
2026-02-25 00:36:40,217 [DEBUG] [Thread-5] [root/watcher.py:84]: Stylesheet modified: c:\users\kuuro\.config\yasb\styles.css
2026-02-25 00:36:44,766 [DEBUG] [Thread-5] [root/watcher.py:84]: Stylesheet modified: c:\users\kuuro\.config\yasb\styles.css
2026-02-25 00:36:57,346 [DEBUG] [Thread-5] [root/watcher.py:84]: Stylesheet modified: c:\users\kuuro\.config\yasb\styles.css
2026-02-25 00:42:18,982 [DEBUG] [Thread-5] [root/watcher.py:84]: Stylesheet modified: c:\users\kuuro\.config\yasb\styles.css
2026-02-25 00:42:43,850 [DEBUG] [Thread-5] [root/watcher.py:84]: Stylesheet modified: c:\users\kuuro\.config\yasb\styles.css
2026-02-25 00:43:10,254 [DEBUG] [Thread-5] [root/watcher.py:84]: Stylesheet modified: c:\users\kuuro\.config\yasb\styles.css
2026-02-25 00:45:57,523 [DEBUG] [Thread-5] [root/watcher.py:84]: Stylesheet modified: c:\users\kuuro\.config\yasb\styles.css
2026-02-25 00:46:06,918 [DEBUG] [Thread-5] [root/watcher.py:84]: Stylesheet modified: c:\users\kuuro\.config\yasb\styles.css
2026-02-25 00:46:14,186 [DEBUG] [Thread-5] [root/watcher.py:84]: Stylesheet modified: c:\users\kuuro\.config\yasb\styles.css
2026-02-25 00:46:25,356 [DEBUG] [Thread-5] [root/watcher.py:84]: Stylesheet modified: c:\users\kuuro\.config\yasb\styles.css
2026-02-25 00:57:55,385 [DEBUG] [Thread-5] [root/watcher.py:84]: Stylesheet modified: c:\users\kuuro\.config\yasb\styles.css
2026-02-25 00:58:02,388 [DEBUG] [Thread-5] [root/watcher.py:84]: Stylesheet modified: c:\users\kuuro\.config\yasb\styles.css
2026-02-25 01:01:39,021 [DEBUG] [Thread-5] [root/watcher.py:84]: Stylesheet modified: c:\users\kuuro\.config\yasb\styles.css
2026-02-25 01:06:20,045 [DEBUG] [Thread-5] [root/watcher.py:84]: Stylesheet modified: c:\users\kuuro\.config\yasb\styles.css
2026-02-25 01:06:35,833 [DEBUG] [Thread-5] [root/watcher.py:84]: Stylesheet modified: c:\users\kuuro\.config\yasb\styles.css
2026-02-25 01:06:45,406 [DEBUG] [Thread-5] [root/watcher.py:84]: Stylesheet modified: c:\users\kuuro\.config\yasb\styles.css
2026-02-25 01:09:59,734 [DEBUG] [Thread-5] [root/watcher.py:84]: Stylesheet modified: c:\users\kuuro\.config\yasb\styles.css
2026-02-25 01:15:18,589 [DEBUG] [Thread-5] [root/watcher.py:84]: Stylesheet modified: c:\users\kuuro\.config\yasb\styles.css
2026-02-25 01:16:30,189 [DEBUG] [Thread-5] [root/watcher.py:84]: Stylesheet modified: c:\users\kuuro\.config\yasb\styles.css
2026-02-25 01:18:25,765 [DEBUG] [Thread-5] [root/watcher.py:84]: Stylesheet modified: c:\users\kuuro\.config\yasb\styles.css
2026-02-25 01:18:37,759 [DEBUG] [Thread-5] [root/watcher.py:84]: Stylesheet modified: c:\users\kuuro\.config\yasb\styles.css
2026-02-25 01:18:44,175 [DEBUG] [Thread-5] [root/watcher.py:84]: Stylesheet modified: c:\users\kuuro\.config\yasb\styles.css
2026-02-25 01:18:58,394 [DEBUG] [Thread-5] [root/watcher.py:84]: Stylesheet modified: c:\users\kuuro\.config\yasb\styles.css
2026-02-25 02:35:04,471 [INFO] [MainThread] [root/bar_manager.py:96]: Stopping HotkeyListener...
2026-02-25 02:35:04,608 [DEBUG] [MainThread] [qasync._windows._EventPoller/_windows.py:220]: Stopping worker thread...
2026-02-25 02:35:04,620 [DEBUG] [Dummy-3] [qasync._windows._EventWorker/_windows.py:204]: Exiting thread
2026-02-25 12:28:26,042 [INFO] [MainThread] [root/log.py:95]: YASB v1.9.0
2026-02-25 12:28:26,043 [INFO] [CLIPipeServer] [cli_server/cli_server.py:215]: CLI server started v1.1.6
2026-02-25 12:28:26,043 [INFO] [MainThread] [cli_server/cli_server.py:106]: Log pipe server started
2026-02-25 12:28:26,151 [DEBUG] [MainThread] [qasync._windows._EventPoller/_windows.py:215]: Starting (proactor: <_IocpProactor overlapped#=0 result#=0>)...
2026-02-25 12:28:26,153 [DEBUG] [Dummy-3] [qasync._windows._EventWorker/_windows.py:195]: Thread started
2026-02-25 12:28:26,718 [DEBUG] [MainThread] [pyvda.build/build.py:53]: Starting feature detection...
2026-02-25 12:28:26,719 [DEBUG] [MainThread] [pyvda.build/build.py:57]: Feature detection complete. Windows version is over 26100
2026-02-25 12:28:28,013 [INFO] [MainThread] [root/bar_manager.py:210]: Starting HotkeyListener...
2026-02-25 12:28:28,014 [DEBUG] [Dummy-6] [root/hotkeys.py:199]: Registered hotkey alt+a
2026-02-25 12:28:28,014 [INFO] [MainThread] [root/watcher.py:65]: Watching directory: c:\users\kuuro\.config\yasb
2026-02-25 12:28:28,014 [INFO] [MainThread] [root/watcher.py:104]: Created file watcher
2026-02-25 12:28:28,414 [INFO] [MainThread] [root/update_service.py:429]: Background update checker started
2026-02-25 12:34:58,919 [INFO] [MainThread] [root/bar_manager.py:96]: Stopping HotkeyListener...
2026-02-25 18:46:17,958 [INFO] [MainThread] [root/log.py:95]: YASB v1.9.0
2026-02-25 18:46:17,958 [INFO] [CLIPipeServer] [cli_server/cli_server.py:215]: CLI server started v1.1.6
2026-02-25 18:46:17,959 [INFO] [MainThread] [cli_server/cli_server.py:106]: Log pipe server started
2026-02-25 18:46:18,005 [DEBUG] [MainThread] [qasync._windows._EventPoller/_windows.py:215]: Starting (proactor: <_IocpProactor overlapped#=0 result#=0>)...
2026-02-25 18:46:18,006 [DEBUG] [Dummy-3] [qasync._windows._EventWorker/_windows.py:195]: Thread started
2026-02-25 18:46:18,367 [DEBUG] [MainThread] [pyvda.build/build.py:53]: Starting feature detection...
2026-02-25 18:46:18,368 [DEBUG] [MainThread] [pyvda.build/build.py:57]: Feature detection complete. Windows version is over 26100
2026-02-25 18:46:19,460 [INFO] [MainThread] [root/bar_manager.py:210]: Starting HotkeyListener...
2026-02-25 18:46:19,461 [DEBUG] [Dummy-5] [root/hotkeys.py:199]: Registered hotkey alt+a
2026-02-25 18:46:19,462 [INFO] [MainThread] [root/watcher.py:65]: Watching directory: c:\users\kuuro\.config\yasb
2026-02-25 18:46:19,462 [INFO] [MainThread] [root/watcher.py:104]: Created file watcher
2026-02-25 18:46:19,526 [INFO] [MainThread] [root/update_service.py:429]: Background update checker started
2026-02-25 13:03:52,569 [DEBUG] [Thread-6] [root/watcher.py:84]: Stylesheet modified: c:\users\kuuro\.config\yasb\styles.css
2026-02-25 13:45:44,419 [INFO] [MainThread] [root/log.py:95]: YASB v1.9.0
2026-02-25 13:45:44,420 [INFO] [CLIPipeServer] [cli_server/cli_server.py:215]: CLI server started v1.1.6
2026-02-25 13:45:44,420 [INFO] [MainThread] [cli_server/cli_server.py:106]: Log pipe server started
2026-02-25 13:45:44,537 [DEBUG] [MainThread] [qasync._windows._EventPoller/_windows.py:215]: Starting (proactor: <_IocpProactor overlapped#=0 result#=0>)...
2026-02-25 13:45:44,538 [DEBUG] [Dummy-3] [qasync._windows._EventWorker/_windows.py:195]: Thread started
2026-02-25 13:45:45,107 [DEBUG] [MainThread] [pyvda.build/build.py:53]: Starting feature detection...
2026-02-25 13:45:45,108 [DEBUG] [MainThread] [pyvda.build/build.py:57]: Feature detection complete. Windows version is over 26100
2026-02-25 13:45:46,249 [INFO] [MainThread] [root/bar_manager.py:210]: Starting HotkeyListener...
2026-02-25 13:45:46,251 [DEBUG] [Dummy-6] [root/hotkeys.py:199]: Registered hotkey alt+a
2026-02-25 13:45:46,252 [INFO] [MainThread] [root/watcher.py:65]: Watching directory: c:\users\kuuro\.config\yasb
2026-02-25 13:45:46,252 [INFO] [MainThread] [root/watcher.py:104]: Created file watcher
2026-02-25 13:45:46,692 [INFO] [MainThread] [root/update_service.py:429]: Background update checker started
2026-02-25 13:55:29,044 [INFO] [MainThread] [root/bar_manager.py:96]: Stopping HotkeyListener...
2026-02-25 13:55:29,102 [DEBUG] [MainThread] [qasync._windows._EventPoller/_windows.py:220]: Stopping worker thread...
2026-02-25 13:59:27,597 [INFO] [MainThread] [root/log.py:95]: YASB v1.9.0
2026-02-25 13:59:27,598 [INFO] [CLIPipeServer] [cli_server/cli_server.py:215]: CLI server started v1.1.6
2026-02-25 13:59:27,598 [INFO] [MainThread] [cli_server/cli_server.py:106]: Log pipe server started
2026-02-25 13:59:27,715 [DEBUG] [MainThread] [qasync._windows._EventPoller/_windows.py:215]: Starting (proactor: <_IocpProactor overlapped#=0 result#=0>)...
2026-02-25 13:59:27,717 [DEBUG] [Dummy-3] [qasync._windows._EventWorker/_windows.py:195]: Thread started
2026-02-25 13:59:28,123 [DEBUG] [MainThread] [pyvda.build/build.py:53]: Starting feature detection...
2026-02-25 13:59:28,124 [DEBUG] [MainThread] [pyvda.build/build.py:57]: Feature detection complete. Windows version is over 26100
2026-02-25 13:59:29,450 [INFO] [MainThread] [root/bar_manager.py:210]: Starting HotkeyListener...
2026-02-25 13:59:29,450 [DEBUG] [Dummy-5] [root/hotkeys.py:199]: Registered hotkey alt+a
2026-02-25 13:59:29,452 [INFO] [MainThread] [root/watcher.py:65]: Watching directory: c:\users\kuuro\.config\yasb
2026-02-25 13:59:29,452 [INFO] [MainThread] [root/watcher.py:104]: Created file watcher
2026-02-25 13:59:29,800 [INFO] [MainThread] [root/update_service.py:429]: Background update checker started
2026-02-25 14:09:09,316 [INFO] [MainThread] [root/bar_manager.py:96]: Stopping HotkeyListener...
2026-02-25 14:11:01,750 [INFO] [MainThread] [root/log.py:95]: YASB v1.9.0
2026-02-25 14:11:01,751 [INFO] [CLIPipeServer] [cli_server/cli_server.py:215]: CLI server started v1.1.6
2026-02-25 14:11:01,751 [INFO] [MainThread] [cli_server/cli_server.py:106]: Log pipe server started
2026-02-25 14:11:01,800 [DEBUG] [MainThread] [qasync._windows._EventPoller/_windows.py:215]: Starting (proactor: <_IocpProactor overlapped#=0 result#=0>)...
2026-02-25 14:11:01,802 [DEBUG] [Dummy-3] [qasync._windows._EventWorker/_windows.py:195]: Thread started
2026-02-25 14:11:02,190 [DEBUG] [MainThread] [pyvda.build/build.py:53]: Starting feature detection...
2026-02-25 14:11:02,190 [DEBUG] [MainThread] [pyvda.build/build.py:57]: Feature detection complete. Windows version is over 26100
2026-02-25 14:11:03,382 [INFO] [MainThread] [root/bar_manager.py:210]: Starting HotkeyListener...
2026-02-25 14:11:03,383 [DEBUG] [Dummy-5] [root/hotkeys.py:199]: Registered hotkey alt+a
2026-02-25 14:11:03,385 [INFO] [MainThread] [root/watcher.py:65]: Watching directory: c:\users\kuuro\.config\yasb
2026-02-25 14:11:03,385 [INFO] [MainThread] [root/watcher.py:104]: Created file watcher
2026-02-25 14:11:03,453 [INFO] [MainThread] [root/update_service.py:429]: Background update checker started
2026-02-25 14:16:07,482 [INFO] [MainThread] [root/bar_manager.py:96]: Stopping HotkeyListener...
2026-02-25 14:18:29,076 [INFO] [MainThread] [root/log.py:95]: YASB v1.9.0
2026-02-25 14:18:29,077 [INFO] [CLIPipeServer] [cli_server/cli_server.py:215]: CLI server started v1.1.6
2026-02-25 14:18:29,077 [INFO] [MainThread] [cli_server/cli_server.py:106]: Log pipe server started
2026-02-25 14:18:29,124 [DEBUG] [MainThread] [qasync._windows._EventPoller/_windows.py:215]: Starting (proactor: <_IocpProactor overlapped#=0 result#=0>)...
2026-02-25 14:18:29,126 [DEBUG] [Dummy-3] [qasync._windows._EventWorker/_windows.py:195]: Thread started
2026-02-25 14:18:29,509 [DEBUG] [MainThread] [pyvda.build/build.py:53]: Starting feature detection...
2026-02-25 14:18:29,510 [DEBUG] [MainThread] [pyvda.build/build.py:57]: Feature detection complete. Windows version is over 26100
2026-02-25 14:18:30,689 [INFO] [MainThread] [root/bar_manager.py:210]: Starting HotkeyListener...
2026-02-25 14:18:30,690 [DEBUG] [Dummy-5] [root/hotkeys.py:199]: Registered hotkey alt+a
2026-02-25 14:18:30,691 [INFO] [MainThread] [root/watcher.py:65]: Watching directory: c:\users\kuuro\.config\yasb
2026-02-25 14:18:30,691 [INFO] [MainThread] [root/watcher.py:104]: Created file watcher
2026-02-25 14:18:30,752 [INFO] [MainThread] [root/update_service.py:429]: Background update checker started
2026-02-25 14:25:50,735 [INFO] [MainThread] [root/bar_manager.py:96]: Stopping HotkeyListener...
2026-02-25 14:27:47,463 [INFO] [MainThread] [root/log.py:95]: YASB v1.9.0
2026-02-25 14:27:47,464 [INFO] [CLIPipeServer] [cli_server/cli_server.py:215]: CLI server started v1.1.6
2026-02-25 14:27:47,464 [INFO] [MainThread] [cli_server/cli_server.py:106]: Log pipe server started
2026-02-25 14:27:47,571 [DEBUG] [MainThread] [qasync._windows._EventPoller/_windows.py:215]: Starting (proactor: <_IocpProactor overlapped#=0 result#=0>)...
2026-02-25 14:27:47,572 [DEBUG] [Dummy-3] [qasync._windows._EventWorker/_windows.py:195]: Thread started
2026-02-25 14:27:47,978 [DEBUG] [MainThread] [pyvda.build/build.py:53]: Starting feature detection...
2026-02-25 14:27:47,979 [DEBUG] [MainThread] [pyvda.build/build.py:57]: Feature detection complete. Windows version is over 26100
2026-02-25 14:27:49,237 [INFO] [MainThread] [root/bar_manager.py:210]: Starting HotkeyListener...
2026-02-25 14:27:49,237 [DEBUG] [Dummy-5] [root/hotkeys.py:199]: Registered hotkey alt+a
2026-02-25 14:27:49,239 [INFO] [MainThread] [root/watcher.py:65]: Watching directory: c:\users\kuuro\.config\yasb
2026-02-25 14:27:49,239 [INFO] [MainThread] [root/watcher.py:104]: Created file watcher
2026-02-25 14:27:49,550 [INFO] [MainThread] [root/update_service.py:429]: Background update checker started
2026-02-25 14:37:21,764 [INFO] [MainThread] [root/bar_manager.py:96]: Stopping HotkeyListener...
2026-02-25 14:39:51,859 [INFO] [MainThread] [root/log.py:95]: YASB v1.9.0
2026-02-25 14:39:51,860 [INFO] [CLIPipeServer] [cli_server/cli_server.py:215]: CLI server started v1.1.6
2026-02-25 14:39:51,860 [INFO] [MainThread] [cli_server/cli_server.py:106]: Log pipe server started
2026-02-25 14:39:51,908 [DEBUG] [MainThread] [qasync._windows._EventPoller/_windows.py:215]: Starting (proactor: <_IocpProactor overlapped#=0 result#=0>)...
2026-02-25 14:39:51,910 [DEBUG] [Dummy-3] [qasync._windows._EventWorker/_windows.py:195]: Thread started
2026-02-25 14:39:52,301 [DEBUG] [MainThread] [pyvda.build/build.py:53]: Starting feature detection...
2026-02-25 14:39:52,302 [DEBUG] [MainThread] [pyvda.build/build.py:57]: Feature detection complete. Windows version is over 26100
2026-02-25 14:39:53,432 [INFO] [MainThread] [root/bar_manager.py:210]: Starting HotkeyListener...
2026-02-25 14:39:53,433 [DEBUG] [Dummy-5] [root/hotkeys.py:199]: Registered hotkey alt+a
2026-02-25 14:39:53,434 [INFO] [MainThread] [root/watcher.py:65]: Watching directory: c:\users\kuuro\.config\yasb
2026-02-25 14:39:53,434 [INFO] [MainThread] [root/watcher.py:104]: Created file watcher
2026-02-25 14:39:53,493 [INFO] [MainThread] [root/update_service.py:429]: Background update checker started
2026-02-25 14:41:43,714 [INFO] [MainThread] [root/bar_manager.py:96]: Stopping HotkeyListener...
2026-02-25 14:41:43,755 [DEBUG] [MainThread] [qasync._windows._EventPoller/_windows.py:220]: Stopping worker thread...
2026-02-25 14:43:19,133 [INFO] [MainThread] [root/log.py:95]: YASB v1.9.0
2026-02-25 14:43:19,134 [INFO] [CLIPipeServer] [cli_server/cli_server.py:215]: CLI server started v1.1.6
2026-02-25 14:43:19,134 [INFO] [MainThread] [cli_server/cli_server.py:106]: Log pipe server started
2026-02-25 14:43:19,182 [DEBUG] [MainThread] [qasync._windows._EventPoller/_windows.py:215]: Starting (proactor: <_IocpProactor overlapped#=0 result#=0>)...
2026-02-25 14:43:19,184 [DEBUG] [Dummy-3] [qasync._windows._EventWorker/_windows.py:195]: Thread started
2026-02-25 14:43:19,579 [DEBUG] [MainThread] [pyvda.build/build.py:53]: Starting feature detection...
2026-02-25 14:43:19,580 [DEBUG] [MainThread] [pyvda.build/build.py:57]: Feature detection complete. Windows version is over 26100
2026-02-25 14:43:20,772 [INFO] [MainThread] [root/bar_manager.py:210]: Starting HotkeyListener...
2026-02-25 14:43:20,772 [DEBUG] [Dummy-5] [root/hotkeys.py:199]: Registered hotkey alt+a
2026-02-25 14:43:20,774 [INFO] [MainThread] [root/watcher.py:65]: Watching directory: c:\users\kuuro\.config\yasb
2026-02-25 14:43:20,774 [INFO] [MainThread] [root/watcher.py:104]: Created file watcher
2026-02-25 14:43:20,840 [INFO] [MainThread] [root/update_service.py:429]: Background update checker started
2026-02-25 14:54:43,997 [INFO] [MainThread] [root/bar_manager.py:96]: Stopping HotkeyListener...
2026-02-25 14:56:41,391 [INFO] [MainThread] [root/log.py:95]: YASB v1.9.0
2026-02-25 14:56:41,392 [INFO] [CLIPipeServer] [cli_server/cli_server.py:215]: CLI server started v1.1.6
2026-02-25 14:56:41,392 [INFO] [MainThread] [cli_server/cli_server.py:106]: Log pipe server started
2026-02-25 14:56:41,505 [DEBUG] [MainThread] [qasync._windows._EventPoller/_windows.py:215]: Starting (proactor: <_IocpProactor overlapped#=0 result#=0>)...
2026-02-25 14:56:41,507 [DEBUG] [Dummy-3] [qasync._windows._EventWorker/_windows.py:195]: Thread started
2026-02-25 14:56:41,924 [DEBUG] [MainThread] [pyvda.build/build.py:53]: Starting feature detection...
2026-02-25 14:56:41,925 [DEBUG] [MainThread] [pyvda.build/build.py:57]: Feature detection complete. Windows version is over 26100
2026-02-25 14:56:43,402 [INFO] [MainThread] [root/bar_manager.py:210]: Starting HotkeyListener...
2026-02-25 14:56:43,404 [DEBUG] [Dummy-6] [root/hotkeys.py:199]: Registered hotkey alt+a
2026-02-25 14:56:43,404 [INFO] [MainThread] [root/watcher.py:65]: Watching directory: c:\users\kuuro\.config\yasb
2026-02-25 14:56:43,404 [INFO] [MainThread] [root/watcher.py:104]: Created file watcher
2026-02-25 14:56:43,848 [INFO] [MainThread] [root/update_service.py:429]: Background update checker started
2026-02-25 15:07:23,522 [INFO] [MainThread] [root/bar_manager.py:96]: Stopping HotkeyListener...
2026-02-25 15:57:54,156 [INFO] [MainThread] [root/log.py:95]: YASB v1.9.0
2026-02-25 15:57:54,157 [INFO] [CLIPipeServer] [cli_server/cli_server.py:215]: CLI server started v1.1.6
2026-02-25 15:57:54,157 [INFO] [MainThread] [cli_server/cli_server.py:106]: Log pipe server started
2026-02-25 15:57:54,267 [DEBUG] [MainThread] [qasync._windows._EventPoller/_windows.py:215]: Starting (proactor: <_IocpProactor overlapped#=0 result#=0>)...
2026-02-25 15:57:54,269 [DEBUG] [Dummy-3] [qasync._windows._EventWorker/_windows.py:195]: Thread started
2026-02-25 15:57:54,664 [DEBUG] [MainThread] [pyvda.build/build.py:53]: Starting feature detection...
2026-02-25 15:57:54,665 [DEBUG] [MainThread] [pyvda.build/build.py:57]: Feature detection complete. Windows version is over 26100
2026-02-25 15:57:55,928 [INFO] [MainThread] [root/bar_manager.py:210]: Starting HotkeyListener...
2026-02-25 15:57:55,929 [DEBUG] [Dummy-5] [root/hotkeys.py:199]: Registered hotkey alt+a
2026-02-25 15:57:55,930 [INFO] [MainThread] [root/watcher.py:65]: Watching directory: c:\users\kuuro\.config\yasb
2026-02-25 15:57:55,930 [INFO] [MainThread] [root/watcher.py:104]: Created file watcher
2026-02-25 15:57:56,216 [INFO] [MainThread] [root/update_service.py:429]: Background update checker started
2026-02-25 23:42:55,766 [INFO] [MainThread] [root/bar_manager.py:96]: Stopping HotkeyListener...
2026-02-25 23:52:50,640 [INFO] [MainThread] [root/log.py:95]: YASB v1.9.0
2026-02-25 23:52:50,641 [INFO] [CLIPipeServer] [cli_server/cli_server.py:215]: CLI server started v1.1.6
2026-02-25 23:52:50,641 [INFO] [MainThread] [cli_server/cli_server.py:106]: Log pipe server started
2026-02-25 23:52:50,754 [DEBUG] [MainThread] [qasync._windows._EventPoller/_windows.py:215]: Starting (proactor: <_IocpProactor overlapped#=0 result#=0>)...
2026-02-25 23:52:50,756 [DEBUG] [Dummy-3] [qasync._windows._EventWorker/_windows.py:195]: Thread started
2026-02-25 23:52:51,159 [DEBUG] [MainThread] [pyvda.build/build.py:53]: Starting feature detection...
2026-02-25 23:52:51,160 [DEBUG] [MainThread] [pyvda.build/build.py:57]: Feature detection complete. Windows version is over 26100
2026-02-25 23:52:52,333 [INFO] [MainThread] [root/bar_manager.py:210]: Starting HotkeyListener...
2026-02-25 23:52:52,333 [DEBUG] [Dummy-5] [root/hotkeys.py:199]: Registered hotkey alt+a
2026-02-25 23:52:52,334 [INFO] [MainThread] [root/watcher.py:65]: Watching directory: c:\users\kuuro\.config\yasb
2026-02-25 23:52:52,334 [INFO] [MainThread] [root/watcher.py:104]: Created file watcher
2026-02-25 23:52:52,622 [INFO] [MainThread] [root/update_service.py:429]: Background update checker started
2026-02-26 01:42:59,038 [INFO] [MainThread] [root/bar_manager.py:96]: Stopping HotkeyListener...
2026-02-26 12:25:03,425 [INFO] [MainThread] [root/log.py:95]: YASB v1.9.0
2026-02-26 12:25:03,426 [INFO] [CLIPipeServer] [cli_server/cli_server.py:215]: CLI server started v1.1.6
2026-02-26 12:25:03,426 [INFO] [MainThread] [cli_server/cli_server.py:106]: Log pipe server started
2026-02-26 12:25:03,523 [DEBUG] [MainThread] [qasync._windows._EventPoller/_windows.py:215]: Starting (proactor: <_IocpProactor overlapped#=0 result#=0>)...
2026-02-26 12:25:03,525 [DEBUG] [Dummy-3] [qasync._windows._EventWorker/_windows.py:195]: Thread started
2026-02-26 12:25:04,048 [DEBUG] [MainThread] [pyvda.build/build.py:53]: Starting feature detection...
2026-02-26 12:25:04,049 [DEBUG] [MainThread] [pyvda.build/build.py:57]: Feature detection complete. Windows version is over 26100
2026-02-26 12:25:05,404 [INFO] [MainThread] [root/bar_manager.py:210]: Starting HotkeyListener...
2026-02-26 12:25:05,405 [DEBUG] [Dummy-5] [root/hotkeys.py:199]: Registered hotkey alt+a
2026-02-26 12:25:05,406 [INFO] [MainThread] [root/watcher.py:65]: Watching directory: c:\users\kuuro\.config\yasb
2026-02-26 12:25:05,406 [INFO] [MainThread] [root/watcher.py:104]: Created file watcher
2026-02-26 12:25:05,757 [INFO] [MainThread] [root/update_service.py:429]: Background update checker started
2026-02-26 13:38:58,556 [INFO] [MainThread] [root/bar_manager.py:96]: Stopping HotkeyListener...
2026-02-26 13:40:29,133 [INFO] [MainThread] [root/log.py:95]: YASB v1.9.0
2026-02-26 13:40:29,134 [INFO] [CLIPipeServer] [cli_server/cli_server.py:215]: CLI server started v1.1.6
2026-02-26 13:40:29,134 [INFO] [MainThread] [cli_server/cli_server.py:106]: Log pipe server started
2026-02-26 13:40:29,242 [DEBUG] [MainThread] [qasync._windows._EventPoller/_windows.py:215]: Starting (proactor: <_IocpProactor overlapped#=0 result#=0>)...
2026-02-26 13:40:29,243 [DEBUG] [Dummy-3] [qasync._windows._EventWorker/_windows.py:195]: Thread started
2026-02-26 13:40:29,755 [DEBUG] [MainThread] [pyvda.build/build.py:53]: Starting feature detection...
2026-02-26 13:40:29,756 [DEBUG] [MainThread] [pyvda.build/build.py:57]: Feature detection complete. Windows version is over 26100
2026-02-26 13:40:31,095 [INFO] [MainThread] [root/bar_manager.py:210]: Starting HotkeyListener...
2026-02-26 13:40:31,097 [DEBUG] [Dummy-6] [root/hotkeys.py:199]: Registered hotkey alt+a
2026-02-26 13:40:31,097 [INFO] [MainThread] [root/watcher.py:65]: Watching directory: c:\users\kuuro\.config\yasb
2026-02-26 13:40:31,097 [INFO] [MainThread] [root/watcher.py:104]: Created file watcher
2026-02-26 13:40:31,429 [INFO] [MainThread] [root/update_service.py:429]: Background update checker started
2026-02-26 14:36:28,852 [INFO] [MainThread] [root/bar_manager.py:96]: Stopping HotkeyListener...
2026-02-26 14:51:19,074 [INFO] [MainThread] [root/log.py:95]: YASB v1.9.0
2026-02-26 14:51:19,075 [INFO] [CLIPipeServer] [cli_server/cli_server.py:215]: CLI server started v1.1.6
2026-02-26 14:51:19,076 [INFO] [MainThread] [cli_server/cli_server.py:106]: Log pipe server started
2026-02-26 14:51:19,202 [DEBUG] [MainThread] [qasync._windows._EventPoller/_windows.py:215]: Starting (proactor: <_IocpProactor overlapped#=0 result#=0>)...
2026-02-26 14:51:19,204 [DEBUG] [Dummy-3] [qasync._windows._EventWorker/_windows.py:195]: Thread started
2026-02-26 14:51:19,752 [DEBUG] [MainThread] [pyvda.build/build.py:53]: Starting feature detection...
2026-02-26 14:51:19,753 [DEBUG] [MainThread] [pyvda.build/build.py:57]: Feature detection complete. Windows version is over 26100
2026-02-26 14:51:21,079 [INFO] [MainThread] [root/bar_manager.py:210]: Starting HotkeyListener...
2026-02-26 14:51:21,080 [DEBUG] [Dummy-5] [root/hotkeys.py:199]: Registered hotkey alt+a
2026-02-26 14:51:21,081 [INFO] [MainThread] [root/watcher.py:65]: Watching directory: c:\users\kuuro\.config\yasb
2026-02-26 14:51:21,081 [INFO] [MainThread] [root/watcher.py:104]: Created file watcher
2026-02-26 14:51:21,417 [INFO] [MainThread] [root/update_service.py:429]: Background update checker started
2026-02-26 15:35:25,947 [INFO] [MainThread] [root/log.py:95]: YASB v1.9.0
2026-02-26 15:35:25,948 [INFO] [CLIPipeServer] [cli_server/cli_server.py:215]: CLI server started v1.1.6
2026-02-26 15:35:25,948 [INFO] [MainThread] [cli_server/cli_server.py:106]: Log pipe server started
2026-02-26 15:35:26,058 [DEBUG] [MainThread] [qasync._windows._EventPoller/_windows.py:215]: Starting (proactor: <_IocpProactor overlapped#=0 result#=0>)...
2026-02-26 15:35:26,062 [DEBUG] [Dummy-3] [qasync._windows._EventWorker/_windows.py:195]: Thread started
2026-02-26 15:35:26,614 [DEBUG] [MainThread] [pyvda.build/build.py:53]: Starting feature detection...
2026-02-26 15:35:26,615 [DEBUG] [MainThread] [pyvda.build/build.py:57]: Feature detection complete. Windows version is over 26100
2026-02-26 15:35:27,624 [INFO] [MainThread] [root/bar_manager.py:210]: Starting HotkeyListener...
2026-02-26 15:35:27,626 [DEBUG] [Dummy-6] [root/hotkeys.py:199]: Registered hotkey alt+a
2026-02-26 15:35:27,626 [INFO] [MainThread] [root/watcher.py:65]: Watching directory: c:\users\kuuro\.config\yasb
2026-02-26 15:35:27,627 [INFO] [MainThread] [root/watcher.py:104]: Created file watcher
2026-02-26 15:35:28,038 [INFO] [MainThread] [root/update_service.py:429]: Background update checker started
2026-02-26 17:43:58,539 [INFO] [MainThread] [root/log.py:95]: YASB v1.9.0
2026-02-26 17:43:58,539 [INFO] [CLIPipeServer] [cli_server/cli_server.py:215]: CLI server started v1.1.6
2026-02-26 17:43:58,540 [INFO] [MainThread] [cli_server/cli_server.py:106]: Log pipe server started
2026-02-26 17:43:58,649 [DEBUG] [MainThread] [qasync._windows._EventPoller/_windows.py:215]: Starting (proactor: <_IocpProactor overlapped#=0 result#=0>)...
2026-02-26 17:43:58,651 [DEBUG] [Dummy-3] [qasync._windows._EventWorker/_windows.py:195]: Thread started
2026-02-26 17:43:59,031 [DEBUG] [MainThread] [pyvda.build/build.py:53]: Starting feature detection...
2026-02-26 17:43:59,032 [DEBUG] [MainThread] [pyvda.build/build.py:57]: Feature detection complete. Windows version is over 26100
2026-02-26 17:44:00,142 [INFO] [MainThread] [root/bar_manager.py:210]: Starting HotkeyListener...
2026-02-26 17:44:00,143 [DEBUG] [Dummy-5] [root/hotkeys.py:199]: Registered hotkey alt+a
2026-02-26 17:44:00,144 [INFO] [MainThread] [root/watcher.py:65]: Watching directory: c:\users\kuuro\.config\yasb
2026-02-26 17:44:00,144 [INFO] [MainThread] [root/watcher.py:104]: Created file watcher
2026-02-26 17:44:00,413 [INFO] [MainThread] [root/update_service.py:429]: Background update checker started
2026-02-26 20:01:57,651 [INFO] [MainThread] [root/log.py:95]: YASB v1.9.0
2026-02-26 20:01:57,652 [INFO] [CLIPipeServer] [cli_server/cli_server.py:215]: CLI server started v1.1.6
2026-02-26 20:01:57,653 [INFO] [MainThread] [cli_server/cli_server.py:106]: Log pipe server started
2026-02-26 20:01:57,783 [DEBUG] [MainThread] [qasync._windows._EventPoller/_windows.py:215]: Starting (proactor: <_IocpProactor overlapped#=0 result#=0>)...
2026-02-26 20:01:57,785 [DEBUG] [Dummy-3] [qasync._windows._EventWorker/_windows.py:195]: Thread started
2026-02-26 20:01:58,225 [DEBUG] [MainThread] [pyvda.build/build.py:53]: Starting feature detection...
2026-02-26 20:01:58,225 [DEBUG] [MainThread] [pyvda.build/build.py:57]: Feature detection complete. Windows version is over 26100
2026-02-26 20:01:59,586 [INFO] [MainThread] [root/bar_manager.py:210]: Starting HotkeyListener...
2026-02-26 20:01:59,586 [DEBUG] [Dummy-5] [root/hotkeys.py:199]: Registered hotkey alt+a
2026-02-26 20:01:59,588 [INFO] [MainThread] [root/watcher.py:65]: Watching directory: c:\users\kuuro\.config\yasb
2026-02-26 20:01:59,588 [INFO] [MainThread] [root/watcher.py:104]: Created file watcher
2026-02-26 20:01:59,863 [INFO] [MainThread] [root/update_service.py:429]: Background update checker started
2026-02-26 20:09:24,708 [INFO] [MainThread] [root/controller.py:37]: Exiting Application from tray...
2026-02-26 20:09:24,819 [INFO] [MainThread] [cli_server/cli_server.py:114]: Log pipe server stopped
2026-02-26 20:09:24,820 [DEBUG] [MainThread] [cli_server/cli_server.py:209]: CLI server stopped
2026-02-26 20:09:24,832 [INFO] [MainThread] [root/bar_manager.py:96]: Stopping HotkeyListener...
2026-02-27 00:37:02,094 [INFO] [MainThread] [root/log.py:95]: YASB v1.9.0
2026-02-27 00:37:02,096 [INFO] [CLIPipeServer] [cli_server/cli_server.py:215]: CLI server started v1.1.6
2026-02-27 00:37:02,096 [INFO] [MainThread] [cli_server/cli_server.py:106]: Log pipe server started
2026-02-27 00:37:02,220 [DEBUG] [MainThread] [qasync._windows._EventPoller/_windows.py:215]: Starting (proactor: <_IocpProactor overlapped#=0 result#=0>)...
2026-02-27 00:37:02,222 [DEBUG] [Dummy-3] [qasync._windows._EventWorker/_windows.py:195]: Thread started
2026-02-27 00:37:02,683 [DEBUG] [MainThread] [pyvda.build/build.py:53]: Starting feature detection...
2026-02-27 00:37:02,684 [DEBUG] [MainThread] [pyvda.build/build.py:57]: Feature detection complete. Windows version is over 26100
2026-02-27 00:37:03,838 [INFO] [MainThread] [root/bar_manager.py:210]: Starting HotkeyListener...
2026-02-27 00:37:03,839 [DEBUG] [Dummy-5] [root/hotkeys.py:199]: Registered hotkey alt+a
2026-02-27 00:37:03,840 [INFO] [MainThread] [root/watcher.py:65]: Watching directory: c:\users\kuuro\.config\yasb
2026-02-27 00:37:03,840 [INFO] [MainThread] [root/watcher.py:104]: Created file watcher
2026-02-27 00:37:04,115 [INFO] [MainThread] [root/update_service.py:429]: Background update checker started
2026-02-27 02:04:25,724 [INFO] [MainThread] [root/bar_manager.py:96]: Stopping HotkeyListener...
2026-02-27 09:38:45,010 [INFO] [MainThread] [root/log.py:95]: YASB v1.9.0
2026-02-27 09:38:45,011 [INFO] [CLIPipeServer] [cli_server/cli_server.py:215]: CLI server started v1.1.6
2026-02-27 09:38:45,012 [INFO] [MainThread] [cli_server/cli_server.py:106]: Log pipe server started
2026-02-27 09:38:45,122 [DEBUG] [MainThread] [qasync._windows._EventPoller/_windows.py:215]: Starting (proactor: <_IocpProactor overlapped#=0 result#=0>)...
2026-02-27 09:38:45,123 [DEBUG] [Dummy-3] [qasync._windows._EventWorker/_windows.py:195]: Thread started
2026-02-27 09:38:45,646 [DEBUG] [MainThread] [pyvda.build/build.py:53]: Starting feature detection...
2026-02-27 09:38:45,646 [DEBUG] [MainThread] [pyvda.build/build.py:57]: Feature detection complete. Windows version is over 26100
2026-02-27 09:38:46,929 [INFO] [MainThread] [root/bar_manager.py:210]: Starting HotkeyListener...
2026-02-27 09:38:46,931 [INFO] [MainThread] [root/watcher.py:65]: Watching directory: c:\users\kuuro\.config\yasb
2026-02-27 09:38:46,931 [INFO] [MainThread] [root/watcher.py:104]: Created file watcher
2026-02-27 09:38:46,931 [DEBUG] [Dummy-7] [root/hotkeys.py:199]: Registered hotkey alt+a
2026-02-27 09:38:47,298 [INFO] [MainThread] [root/update_service.py:429]: Background update checker started
2026-02-27 12:05:56,266 [INFO] [MainThread] [root/controller.py:37]: Exiting Application from tray...
2026-02-27 12:05:56,381 [INFO] [MainThread] [cli_server/cli_server.py:114]: Log pipe server stopped
2026-02-27 12:05:56,382 [DEBUG] [MainThread] [cli_server/cli_server.py:209]: CLI server stopped
2026-02-27 12:05:56,390 [INFO] [MainThread] [root/bar_manager.py:96]: Stopping HotkeyListener...
2026-02-27 14:30:25,219 [INFO] [MainThread] [root/log.py:95]: YASB v1.9.0
2026-02-27 14:30:25,219 [INFO] [CLIPipeServer] [cli_server/cli_server.py:215]: CLI server started v1.1.6
2026-02-27 14:30:25,219 [INFO] [MainThread] [cli_server/cli_server.py:106]: Log pipe server started
2026-02-27 14:30:25,320 [DEBUG] [MainThread] [qasync._windows._EventPoller/_windows.py:215]: Starting (proactor: <_IocpProactor overlapped#=0 result#=0>)...
2026-02-27 14:30:25,321 [DEBUG] [Dummy-3] [qasync._windows._EventWorker/_windows.py:195]: Thread started
2026-02-27 14:30:25,909 [DEBUG] [MainThread] [pyvda.build/build.py:53]: Starting feature detection...
2026-02-27 14:30:25,909 [DEBUG] [MainThread] [pyvda.build/build.py:57]: Feature detection complete. Windows version is over 26100
2026-02-27 14:30:27,247 [INFO] [MainThread] [root/bar_manager.py:210]: Starting HotkeyListener...
2026-02-27 14:30:27,251 [DEBUG] [Dummy-6] [root/hotkeys.py:199]: Registered hotkey alt+a
2026-02-27 14:30:27,251 [INFO] [MainThread] [root/watcher.py:65]: Watching directory: c:\users\kuuro\.config\yasb
2026-02-27 14:30:27,251 [INFO] [MainThread] [root/watcher.py:104]: Created file watcher
2026-02-27 14:30:27,659 [INFO] [MainThread] [root/update_service.py:429]: Background update checker started
2026-02-27 14:38:28,608 [INFO] [MainThread] [root/bar_helper.py:526]: AppBarManager need to re-register 1 bar
2026-02-27 14:38:28,956 [INFO] [MainThread] [root/bar_helper.py:535]: Re-registered AppBar for status-bar_H24T09P_85b6b56c (space reservation + fullscreen)
2026-02-27 14:42:37,184 [DEBUG] [Thread-5] [root/watcher.py:90]: Config file modified: c:\users\kuuro\.config\yasb\config.yaml
2026-02-27 14:42:37,215 [INFO] [MainThread] [root/controller.py:15]: Reloading Application because of config change.
2026-02-27 14:42:37,317 [INFO] [MainThread] [cli_server/cli_server.py:114]: Log pipe server stopped
2026-02-27 14:42:37,317 [DEBUG] [MainThread] [cli_server/cli_server.py:209]: CLI server stopped
2026-02-27 14:42:37,324 [INFO] [MainThread] [root/bar_manager.py:79]: Successfully loaded updated config and re-initialised all bars.
2026-02-27 14:42:37,510 [INFO] [MainThread] [root/bar_manager.py:96]: Stopping HotkeyListener...
2026-02-27 14:42:38,029 [INFO] [MainThread] [root/log.py:95]: YASB v1.9.0
2026-02-27 14:42:38,030 [INFO] [CLIPipeServer] [cli_server/cli_server.py:215]: CLI server started v1.1.6
2026-02-27 14:42:38,030 [INFO] [MainThread] [cli_server/cli_server.py:106]: Log pipe server started
2026-02-27 14:42:38,030 [INFO] [MainThread] [root/main.py:46]: Waiting for previous YASB instance to exit...
2026-02-27 14:42:40,284 [INFO] [MainThread] [root/main.py:72]: Previous instance exited, continuing startup.
2026-02-27 14:42:40,324 [DEBUG] [MainThread] [qasync._windows._EventPoller/_windows.py:215]: Starting (proactor: <_IocpProactor overlapped#=0 result#=0>)...
2026-02-27 14:42:40,325 [DEBUG] [Dummy-3] [qasync._windows._EventWorker/_windows.py:195]: Thread started
2026-02-27 14:42:40,439 [DEBUG] [MainThread] [pyvda.build/build.py:53]: Starting feature detection...
2026-02-27 14:42:40,439 [DEBUG] [MainThread] [pyvda.build/build.py:57]: Feature detection complete. Windows version is over 26100
2026-02-27 14:42:41,172 [INFO] [MainThread] [root/bar_manager.py:210]: Starting HotkeyListener...
2026-02-27 14:42:41,174 [INFO] [MainThread] [root/watcher.py:65]: Watching directory: c:\users\kuuro\.config\yasb
2026-02-27 14:42:41,175 [INFO] [MainThread] [root/watcher.py:104]: Created file watcher
2026-02-27 14:42:41,283 [DEBUG] [Dummy-7] [root/hotkeys.py:199]: Registered hotkey alt+a
2026-02-27 14:42:41,350 [INFO] [MainThread] [root/update_service.py:429]: Background update checker started
2026-02-27 14:48:26,332 [DEBUG] [Thread-5] [root/watcher.py:84]: Stylesheet modified: c:\users\kuuro\.config\yasb\styles.css
